2026-08-19T12:30:52.163Z CLI info [main]    Server listening on port: 5400
2026-08-19T12:30:52.210Z CLI info    Config : {"userName":"[REDACTED]","accessKey":"[REDACTED]","platforms":[{"platformName":"Android","appium:deviceName":"Google Pixel 7","appium:platformVersion":"13.0","appium:automationName":"UiAutomator2","projectName":"WebdriverIO Native Demo App","debug":true,"networkLogs":true,"buildName":"Pixel 7 - Android 13","wdioService":"9.34.1"}],"isNonBstackA11yWDIO":false,"app":"NativeDemoApp","browserstackLocal":false,"testObservability":true,"testContextOptions":{"skipSessionName":false,"skipSessionStatus":false,"sessionNameOmitTestTitle":false,"sessionNamePrependTopLevelSuiteTitle":false,"sessionNameFormat":""},"buildTag":[]}
2026-08-19T12:30:52.244Z CLI info    Should start debug utility: undefined
2026-08-19T12:30:52.420Z CLI info [testhub:module]   [6df5ab48-18ae-4fd5-9d51-9264b22d2315]  Starting testhub from 24248:0
2026-08-19T12:30:52.421Z CLI info   [6df5ab48-18ae-4fd5-9d51-9264b22d2315]  [PRODUCTION] Making POST request to https://sdk.browserstack.com
2026-08-19T12:30:52.423Z CLI info   [6df5ab48-18ae-4fd5-9d51-9264b22d2315]  [PRODUCTION] Making GET request to https://hub.browserstack.com
2026-08-19T12:30:52.905Z CLI info   [6df5ab48-18ae-4fd5-9d51-9264b22d2315]  [PRODUCTION] Making GET request to https://hub-euw.browserstack.com
2026-08-19T12:30:52.905Z CLI info   [6df5ab48-18ae-4fd5-9d51-9264b22d2315]  [PRODUCTION] Making GET request to https://hub-use.browserstack.com
2026-08-19T12:30:52.906Z CLI info   [6df5ab48-18ae-4fd5-9d51-9264b22d2315]  [PRODUCTION] Making GET request to https://hub-aps.browserstack.com
2026-08-19T12:30:53.348Z CLI info [testhub:module]   [6df5ab48-18ae-4fd5-9d51-9264b22d2315]  startBuild: response=eoj7pjssr9d8muefxp1tur9jl8unm4rszmuvgu1l
2026-08-19T12:30:53.350Z CLI info  [eoj7pjssr9d8muefxp1tur9jl8unm4rszmuvgu1l]  [6df5ab48-18ae-4fd5-9d51-9264b22d2315]  [PRODUCTION] Making POST request to https://api.browserstack.com
2026-08-19T12:30:53.990Z CLI info  [eoj7pjssr9d8muefxp1tur9jl8unm4rszmuvgu1l]  [6df5ab48-18ae-4fd5-9d51-9264b22d2315]  [PRODUCTION] Making GET request to https://api.browserstack.com
2026-08-19T12:30:54.408Z CLI error  [eoj7pjssr9d8muefxp1tur9jl8unm4rszmuvgu1l]  [6df5ab48-18ae-4fd5-9d51-9264b22d2315]  error invoking callback for eventName onStart: invalid percyToken=null
2026-08-19T12:30:54.408Z CLI error  [eoj7pjssr9d8muefxp1tur9jl8unm4rszmuvgu1l]  [6df5ab48-18ae-4fd5-9d51-9264b22d2315]  Error: invalid percyToken=null
    at C:\snapshot\browserstack-binary\cli\dist\index.js
    at process.processTicksAndRejections (node:internal/process/task_queues:95:5)
2026-08-19T12:30:54.409Z CLI info [appautomate:service]  [eoj7pjssr9d8muefxp1tur9jl8unm4rszmuvgu1l]  [6df5ab48-18ae-4fd5-9d51-9264b22d2315]  Using app: NativeDemoApp
2026-08-19T12:32:20.979Z CLI info [sdk:service]  [eoj7pjssr9d8muefxp1tur9jl8unm4rszmuvgu1l]  [6df5ab48-18ae-4fd5-9d51-9264b22d2315]  Driver initialized as primary driver: platformIndex=0
2026-08-19T12:32:40.492Z CLI info [testhub:request-queue-handler]  [eoj7pjssr9d8muefxp1tur9jl8unm4rszmuvgu1l]  [6df5ab48-18ae-4fd5-9d51-9264b22d2315]  Added the event {
  event_type: 'CBTSessionCreated',
  test_run: {
    uuid: '26ee9004-d65f-4760-b122-aa784802d425',
    integrations: { browserstack: [Object] }
  }
} to 24248:0 (target=/api/v2/builds/eoj7pjssr9d8muefxp1tur9jl8unm4rszmuvgu1l/batch)
2026-08-19T12:32:40.494Z CLI info [testhub:request-queue-handler]  [eoj7pjssr9d8muefxp1tur9jl8unm4rszmuvgu1l]  [6df5ab48-18ae-4fd5-9d51-9264b22d2315]  Added the event {
  event_type: 'TestRunStarted',
  test_run: {
    type: 'test',
    framework: 'WebdriverIO-mocha',
    uuid: '26ee9004-d65f-4760-b122-aa784802d425',
    name: 'should open the Forms screen and interact with a switch',
    body: {
      lang: 'ecmascript',
      code: 'function (...specFnArgs) {\n' +
        "        return testFnWrapper.call(this, 'Test', {\n" +
        '            specFn,\n' +
        '            specFnArgs: filterSpecArgs(specFnArgs)\n' +
        '        }, {\n' +
        '            beforeFn,\n' +
        '            beforeFnArgs\n' +
        '        }, {\n' +
        '            afterFn,\n' +
        '            afterFnArgs\n' +
        '        }, cid, repeatTest);\n' +
        '    }'
    },
    identifier: 'should open the Forms screen and interact with a switch',
    scope: 'WebdriverIO Native Demo App - should open the Forms screen and interact with a switch',
    scopes: [ 'WebdriverIO Native Demo App' ],
    file_name: 'test\\specs\\app.e2e.js',
    vc_filepath: 'test\\specs\\app.e2e.js',
    location: 'test\\specs\\app.e2e.js',
    result: 'pending',
    duration_in_ms: null,
    started_at: '2026-08-19T12:32:39.630Z',
    failure: undefined,
    failure_type: undefined,
    failure_reason: undefined,
    retry_of: null,
    custom_metadata: undefined,
    tags: [],
    customRerunParam: { rerun_name: undefined },
    hooks: [],
    product_map: {
      observability: true,
      accessibility: false,
      percy: false,
      automate: false,
      app_automate: true
    }
  },
  logs: []
} to 24248:0 (target=/api/v2/builds/eoj7pjssr9d8muefxp1tur9jl8unm4rszmuvgu1l/batch)
2026-08-19T12:32:41.737Z CLI info [testhub:request-queue-handler]  [eoj7pjssr9d8muefxp1tur9jl8unm4rszmuvgu1l]  [6df5ab48-18ae-4fd5-9d51-9264b22d2315]  Processing batch event [
  {
    event_type: 'CBTSessionCreated',
    test_run: {
      uuid: '26ee9004-d65f-4760-b122-aa784802d425',
      integrations: {
        browserstack: {
          product: 'app-automate',
          session_id: '6d65b5ca070d9b3e6e319614c44eef645e1e6e35',
          capabilities: {
            platform: 'LINUX',
            webStorageEnabled: false,
            takesScreenshot: true,
            javascriptEnabled: true,
            databaseEnabled: false,
            networkConnectionEnabled: true,
            locationContextEnabled: false,
            warnings: {},
            desired: {
              platformName: 'Android',
              'bstack:options': { hostName: 'DESKTOP-44JTQN2', buildIdentifier: '#1' },
              'goog:chromeOptions': {},
              newCommandTimeout: 0,
              deviceName: 'Google Pixel 7',
              chromedriverPorts: [ [ 18100, 18110 ] ],
              chromedriverArgs: [ '--adb-port=5038' ],
              automationName: 'UiAutomator2',
              systemPort: 8200,
              bundleID: 'com.wdiodemoapp',
              bundleId: 'com.wdiodemoapp',
              skipServerInstallation: true,
              udid: '28101FDH200JGE',
              appPackage: 'com.wdiodemoapp',
              appActivity: 'com.wdiodemoapp.SplashActivity',
              nativeWebScreenshot: true,
              disableSuppressAccessibilityService: true
            },
            platformName: 'Android',
            'bstack:options': { hostName: 'DESKTOP-44JTQN2', buildIdentifier: '#1' },
            'goog:chromeOptions': {},
            newCommandTimeout: 0,
            deviceName: '28101FDH200JGE',
            chromedriverPorts: [ [ 18100, 18110 ] ],
            chromedriverArgs: [ '--adb-port=5038' ],
            automationName: 'UiAutomator2',
            systemPort: 8200,
            bundleID: 'com.wdiodemoapp',
            bundleId: 'com.wdiodemoapp',
            skipServerInstallation: true,
            udid: '28101FDH200JGE',
            appPackage: 'com.wdiodemoapp',
            appActivity: 'com.wdiodemoapp.SplashActivity',
            nativeWebScreenshot: true,
            disableSuppressAccessibilityService: true,
            deviceUDID: '28101FDH200JGE',
            deviceApiLevel: 33,
            platformVersion: '13',
            deviceScreenSize: '1080x2400',
            deviceScreenDensity: 420,
            deviceModel: 'Pixel 7',
            deviceManufacturer: 'Google',
            pixelRatio: 2.625,
            statBarHeight: 118,
            viewportRect: { left: 0, top: 118, width: 1080, height: 2101 }
          },
          platform: 'Android',
          platform_version: '13',
          browser: undefined,
          browser_version: undefined
        }
      }
    }
  },
  {
    event_type: 'TestRunStarted',
    test_run: {
      type: 'test',
      framework: 'WebdriverIO-mocha',
      uuid: '26ee9004-d65f-4760-b122-aa784802d425',
      name: 'should open the Forms screen and interact with a switch',
      body: {
        lang: 'ecmascript',
        code: 'function (...specFnArgs) {\n' +
          "        return testFnWrapper.call(this, 'Test', {\n" +
          '            specFn,\n' +
          '            specFnArgs: filterSpecArgs(specFnArgs)\n' +
          '        }, {\n' +
          '            beforeFn,\n' +
          '            beforeFnArgs\n' +
          '        }, {\n' +
          '            afterFn,\n' +
          '            afterFnArgs\n' +
          '        }, cid, repeatTest);\n' +
          '    }'
      },
      identifier: 'should open the Forms screen and interact with a switch',
      scope: 'WebdriverIO Native Demo App - should open the Forms screen and interact with a switch',
      scopes: [ 'WebdriverIO Native Demo App' ],
      file_name: 'test\\specs\\app.e2e.js',
      vc_filepath: 'test\\specs\\app.e2e.js',
      location: 'test\\specs\\app.e2e.js',
      result: 'pending',
      duration_in_ms: null,
      started_at: '2026-08-19T12:32:39.630Z',
      failure: undefined,
      failure_type: undefined,
      failure_reason: undefined,
      retry_of: null,
      custom_metadata: undefined,
      tags: [],
      customRerunParam: { rerun_name: undefined },
      hooks: [],
      product_map: {
        observability: true,
        accessibility: false,
        percy: false,
        automate: false,
        app_automate: true
      }
    },
    logs: []
  }
] to 24248:0
2026-08-19T12:32:41.740Z CLI info  [eoj7pjssr9d8muefxp1tur9jl8unm4rszmuvgu1l]  [6df5ab48-18ae-4fd5-9d51-9264b22d2315]  [PRODUCTION] Making POST request to https://collector-observability.browserstack.com
2026-08-19T12:32:43.447Z CLI warn [TEST REPORTING AND ANALYTICS:webdriverio:mocha]  [eoj7pjssr9d8muefxp1tur9jl8unm4rszmuvgu1l]  [6df5ab48-18ae-4fd5-9d51-9264b22d2315]  TestRunFinished: event={"test_framework_name":"WebdriverIO-mocha","test_framework_version":"9.34.1","test_logs":[],"test_hooks_finished":{},"test_hooks_started":{},"test_uuid":"26ee9004-d65f-4760-b122-aa784802d425","test_result":"passed","test_id":"WebdriverIO Native Demo App - should open the Forms screen and interact with a switch","test_name":"should open the Forms screen and interact with a switch","test_code":"function (...specFnArgs) {\n        return testFnWrapper.call(this, 'Test', {\n            specFn,\n            specFnArgs: filterSpecArgs(specFnArgs)\n        }, {\n            beforeFn,\n            beforeFnArgs\n        }, {\n            afterFn,\n            afterFnArgs\n        }, cid, repeatTest);\n    }","test_file_path":"C:\\Users\\Admin\\Desktop\\browserstack_test\\test\\specs\\app.e2e.js","test_location":"test\\specs\\app.e2e.js","test_scope":"WebdriverIO Native Demo App - should open the Forms screen and interact with a switch","test_scopes":["WebdriverIO Native Demo App"],"test_started_at":"2026-08-19T12:32:39.630Z","automate_session_name":"WebdriverIO Native Demo App - should open the Forms screen and interact with a switch","test_failure":null,"test_failure_reason":null,"test_failure_type":null,"test_ended_at":"2026-08-19T12:32:43.437Z","automate_session_status":"passed","test_deferred":true,"logs":[]}
2026-08-19T12:32:43.448Z CLI info [testhub:request-queue-handler]  [eoj7pjssr9d8muefxp1tur9jl8unm4rszmuvgu1l]  [6df5ab48-18ae-4fd5-9d51-9264b22d2315]  Added the event {
  event_type: 'TestRunFinished',
  test_run: {
    type: 'test',
    framework: 'WebdriverIO-mocha',
    uuid: '26ee9004-d65f-4760-b122-aa784802d425',
    name: 'should open the Forms screen and interact with a switch',
    body: {
      lang: 'ecmascript',
      code: 'function (...specFnArgs) {\n' +
        "        return testFnWrapper.call(this, 'Test', {\n" +
        '            specFn,\n' +
        '            specFnArgs: filterSpecArgs(specFnArgs)\n' +
        '        }, {\n' +
        '            beforeFn,\n' +
        '            beforeFnArgs\n' +
        '        }, {\n' +
        '            afterFn,\n' +
        '            afterFnArgs\n' +
        '        }, cid, repeatTest);\n' +
        '    }'
    },
    identifier: 'should open the Forms screen and interact with a switch',
    scope: 'WebdriverIO Native Demo App - should open the Forms screen and interact with a switch',
    scopes: [ 'WebdriverIO Native Demo App' ],
    file_name: 'test\\specs\\app.e2e.js',
    vc_filepath: 'test\\specs\\app.e2e.js',
    location: 'test\\specs\\app.e2e.js',
    result: 'passed',
    duration_in_ms: 3807,
    started_at: '2026-08-19T12:32:39.630Z',
    finished_at: '2026-08-19T12:32:43.437Z',
    failure: null,
    failure_type: null,
    failure_reason: null,
    retry_of: null,
    custom_metadata: undefined,
    tags: [],
    customRerunParam: { rerun_name: undefined },
    hooks: [],
    product_map: {
      observability: true,
      accessibility: false,
      percy: false,
      automate: false,
      app_automate: true
    }
  },
  logs: []
} to 24248:0 (target=/api/v2/builds/eoj7pjssr9d8muefxp1tur9jl8unm4rszmuvgu1l/batch)
2026-08-19T12:32:43.651Z CLI info [testhub:request-queue-handler]  [eoj7pjssr9d8muefxp1tur9jl8unm4rszmuvgu1l]  [6df5ab48-18ae-4fd5-9d51-9264b22d2315]  Added the event {
  event_type: 'CBTSessionCreated',
  test_run: {
    uuid: 'e6af1e8f-c21e-4bcd-b94b-1f53f3e2f50b',
    integrations: { browserstack: [Object] }
  }
} to 24248:0 (target=/api/v2/builds/eoj7pjssr9d8muefxp1tur9jl8unm4rszmuvgu1l/batch)
2026-08-19T12:32:43.655Z CLI info [testhub:request-queue-handler]  [eoj7pjssr9d8muefxp1tur9jl8unm4rszmuvgu1l]  [6df5ab48-18ae-4fd5-9d51-9264b22d2315]  Added the event {
  event_type: 'TestRunStarted',
  test_run: {
    type: 'test',
    framework: 'WebdriverIO-mocha',
    uuid: 'e6af1e8f-c21e-4bcd-b94b-1f53f3e2f50b',
    name: 'should select a different option from the dropdown',
    body: {
      lang: 'ecmascript',
      code: 'function (...specFnArgs) {\n' +
        "        return testFnWrapper.call(this, 'Test', {\n" +
        '            specFn,\n' +
        '            specFnArgs: filterSpecArgs(specFnArgs)\n' +
        '        }, {\n' +
        '            beforeFn,\n' +
        '            beforeFnArgs\n' +
        '        }, {\n' +
        '            afterFn,\n' +
        '            afterFnArgs\n' +
        '        }, cid, repeatTest);\n' +
        '    }'
    },
    identifier: 'should select a different option from the dropdown',
    scope: 'WebdriverIO Native Demo App - should select a different option from the dropdown',
    scopes: [ 'WebdriverIO Native Demo App' ],
    file_name: 'test\\specs\\app.e2e.js',
    vc_filepath: 'test\\specs\\app.e2e.js',
    location: 'test\\specs\\app.e2e.js',
    result: 'pending',
    duration_in_ms: null,
    started_at: '2026-08-19T12:32:43.444Z',
    failure: undefined,
    failure_type: undefined,
    failure_reason: undefined,
    retry_of: null,
    custom_metadata: undefined,
    tags: [],
    customRerunParam: { rerun_name: undefined },
    hooks: [],
    product_map: {
      observability: true,
      accessibility: false,
      percy: false,
      automate: false,
      app_automate: true
    }
  },
  logs: []
} to 24248:0 (target=/api/v2/builds/eoj7pjssr9d8muefxp1tur9jl8unm4rszmuvgu1l/batch)
2026-08-19T12:32:43.748Z CLI info [testhub:request-queue-handler]  [eoj7pjssr9d8muefxp1tur9jl8unm4rszmuvgu1l]  [6df5ab48-18ae-4fd5-9d51-9264b22d2315]  Processing batch event [
  {
    event_type: 'TestRunFinished',
    test_run: {
      type: 'test',
      framework: 'WebdriverIO-mocha',
      uuid: '26ee9004-d65f-4760-b122-aa784802d425',
      name: 'should open the Forms screen and interact with a switch',
      body: {
        lang: 'ecmascript',
        code: 'function (...specFnArgs) {\n' +
          "        return testFnWrapper.call(this, 'Test', {\n" +
          '            specFn,\n' +
          '            specFnArgs: filterSpecArgs(specFnArgs)\n' +
          '        }, {\n' +
          '            beforeFn,\n' +
          '            beforeFnArgs\n' +
          '        }, {\n' +
          '            afterFn,\n' +
          '            afterFnArgs\n' +
          '        }, cid, repeatTest);\n' +
          '    }'
      },
      identifier: 'should open the Forms screen and interact with a switch',
      scope: 'WebdriverIO Native Demo App - should open the Forms screen and interact with a switch',
      scopes: [ 'WebdriverIO Native Demo App' ],
      file_name: 'test\\specs\\app.e2e.js',
      vc_filepath: 'test\\specs\\app.e2e.js',
      location: 'test\\specs\\app.e2e.js',
      result: 'passed',
      duration_in_ms: 3807,
      started_at: '2026-08-19T12:32:39.630Z',
      finished_at: '2026-08-19T12:32:43.437Z',
      failure: null,
      failure_type: null,
      failure_reason: null,
      retry_of: null,
      custom_metadata: undefined,
      tags: [],
      customRerunParam: { rerun_name: undefined },
      hooks: [],
      product_map: {
        observability: true,
        accessibility: false,
        percy: false,
        automate: false,
        app_automate: true
      }
    },
    logs: []
  },
  {
    event_type: 'CBTSessionCreated',
    test_run: {
      uuid: 'e6af1e8f-c21e-4bcd-b94b-1f53f3e2f50b',
      integrations: {
        browserstack: {
          product: 'app-automate',
          session_id: '6d65b5ca070d9b3e6e319614c44eef645e1e6e35',
          capabilities: {
            platform: 'LINUX',
            webStorageEnabled: false,
            takesScreenshot: true,
            javascriptEnabled: true,
            databaseEnabled: false,
            networkConnectionEnabled: true,
            locationContextEnabled: false,
            warnings: {},
            desired: {
              platformName: 'Android',
              'bstack:options': { hostName: 'DESKTOP-44JTQN2', buildIdentifier: '#1' },
              'goog:chromeOptions': {},
              newCommandTimeout: 0,
              deviceName: 'Google Pixel 7',
              chromedriverPorts: [ [ 18100, 18110 ] ],
              chromedriverArgs: [ '--adb-port=5038' ],
              automationName: 'UiAutomator2',
              systemPort: 8200,
              bundleID: 'com.wdiodemoapp',
              bundleId: 'com.wdiodemoapp',
              skipServerInstallation: true,
              udid: '28101FDH200JGE',
              appPackage: 'com.wdiodemoapp',
              appActivity: 'com.wdiodemoapp.SplashActivity',
              nativeWebScreenshot: true,
              disableSuppressAccessibilityService: true
            },
            platformName: 'Android',
            'bstack:options': { hostName: 'DESKTOP-44JTQN2', buildIdentifier: '#1' },
            'goog:chromeOptions': {},
            newCommandTimeout: 0,
            deviceName: '28101FDH200JGE',
            chromedriverPorts: [ [ 18100, 18110 ] ],
            chromedriverArgs: [ '--adb-port=5038' ],
            automationName: 'UiAutomator2',
            systemPort: 8200,
            bundleID: 'com.wdiodemoapp',
            bundleId: 'com.wdiodemoapp',
            skipServerInstallation: true,
            udid: '28101FDH200JGE',
            appPackage: 'com.wdiodemoapp',
            appActivity: 'com.wdiodemoapp.SplashActivity',
            nativeWebScreenshot: true,
            disableSuppressAccessibilityService: true,
            deviceUDID: '28101FDH200JGE',
            deviceApiLevel: 33,
            platformVersion: '13',
            deviceScreenSize: '1080x2400',
            deviceScreenDensity: 420,
            deviceModel: 'Pixel 7',
            deviceManufacturer: 'Google',
            pixelRatio: 2.625,
            statBarHeight: 118,
            viewportRect: { left: 0, top: 118, width: 1080, height: 2101 }
          },
          platform: 'Android',
          platform_version: '13',
          browser: undefined,
          browser_version: undefined
        }
      }
    }
  },
  {
    event_type: 'TestRunStarted',
    test_run: {
      type: 'test',
      framework: 'WebdriverIO-mocha',
      uuid: 'e6af1e8f-c21e-4bcd-b94b-1f53f3e2f50b',
      name: 'should select a different option from the dropdown',
      body: {
        lang: 'ecmascript',
        code: 'function (...specFnArgs) {\n' +
          "        return testFnWrapper.call(this, 'Test', {\n" +
          '            specFn,\n' +
          '            specFnArgs: filterSpecArgs(specFnArgs)\n' +
          '        }, {\n' +
          '            beforeFn,\n' +
          '            beforeFnArgs\n' +
          '        }, {\n' +
          '            afterFn,\n' +
          '            afterFnArgs\n' +
          '        }, cid, repeatTest);\n' +
          '    }'
      },
      identifier: 'should select a different option from the dropdown',
      scope: 'WebdriverIO Native Demo App - should select a different option from the dropdown',
      scopes: [ 'WebdriverIO Native Demo App' ],
      file_name: 'test\\specs\\app.e2e.js',
      vc_filepath: 'test\\specs\\app.e2e.js',
      location: 'test\\specs\\app.e2e.js',
      result: 'pending',
      duration_in_ms: null,
      started_at: '2026-08-19T12:32:43.444Z',
      failure: undefined,
      failure_type: undefined,
      failure_reason: undefined,
      retry_of: null,
      custom_metadata: undefined,
      tags: [],
      customRerunParam: { rerun_name: undefined },
      hooks: [],
      product_map: {
        observability: true,
        accessibility: false,
        percy: false,
        automate: false,
        app_automate: true
      }
    },
    logs: []
  }
] to 24248:0
2026-08-19T12:32:43.751Z CLI info  [eoj7pjssr9d8muefxp1tur9jl8unm4rszmuvgu1l]  [6df5ab48-18ae-4fd5-9d51-9264b22d2315]  [PRODUCTION] Making POST request to https://collector-observability.browserstack.com
2026-08-19T12:32:46.783Z CLI warn [TEST REPORTING AND ANALYTICS:webdriverio:mocha]  [eoj7pjssr9d8muefxp1tur9jl8unm4rszmuvgu1l]  [6df5ab48-18ae-4fd5-9d51-9264b22d2315]  TestRunFinished: event={"test_framework_name":"WebdriverIO-mocha","test_framework_version":"9.34.1","test_logs":[],"test_hooks_finished":{},"test_hooks_started":{},"test_uuid":"e6af1e8f-c21e-4bcd-b94b-1f53f3e2f50b","test_result":"passed","test_id":"WebdriverIO Native Demo App - should select a different option from the dropdown","test_name":"should select a different option from the dropdown","test_code":"function (...specFnArgs) {\n        return testFnWrapper.call(this, 'Test', {\n            specFn,\n            specFnArgs: filterSpecArgs(specFnArgs)\n        }, {\n            beforeFn,\n            beforeFnArgs\n        }, {\n            afterFn,\n            afterFnArgs\n        }, cid, repeatTest);\n    }","test_file_path":"C:\\Users\\Admin\\Desktop\\browserstack_test\\test\\specs\\app.e2e.js","test_location":"test\\specs\\app.e2e.js","test_scope":"WebdriverIO Native Demo App - should select a different option from the dropdown","test_scopes":["WebdriverIO Native Demo App"],"test_started_at":"2026-08-19T12:32:43.444Z","automate_session_name":"WebdriverIO Native Demo App - should select a different option from the dropdown","test_failure":null,"test_failure_reason":null,"test_failure_type":null,"test_ended_at":"2026-08-19T12:32:46.773Z","automate_session_status":"passed","test_deferred":true,"logs":[]}
2026-08-19T12:32:46.784Z CLI info [testhub:request-queue-handler]  [eoj7pjssr9d8muefxp1tur9jl8unm4rszmuvgu1l]  [6df5ab48-18ae-4fd5-9d51-9264b22d2315]  Added the event {
  event_type: 'TestRunFinished',
  test_run: {
    type: 'test',
    framework: 'WebdriverIO-mocha',
    uuid: 'e6af1e8f-c21e-4bcd-b94b-1f53f3e2f50b',
    name: 'should select a different option from the dropdown',
    body: {
      lang: 'ecmascript',
      code: 'function (...specFnArgs) {\n' +
        "        return testFnWrapper.call(this, 'Test', {\n" +
        '            specFn,\n' +
        '            specFnArgs: filterSpecArgs(specFnArgs)\n' +
        '        }, {\n' +
        '            beforeFn,\n' +
        '            beforeFnArgs\n' +
        '        }, {\n' +
        '            afterFn,\n' +
        '            afterFnArgs\n' +
        '        }, cid, repeatTest);\n' +
        '    }'
    },
    identifier: 'should select a different option from the dropdown',
    scope: 'WebdriverIO Native Demo App - should select a different option from the dropdown',
    scopes: [ 'WebdriverIO Native Demo App' ],
    file_name: 'test\\specs\\app.e2e.js',
    vc_filepath: 'test\\specs\\app.e2e.js',
    location: 'test\\specs\\app.e2e.js',
    result: 'passed',
    duration_in_ms: 3329,
    started_at: '2026-08-19T12:32:43.444Z',
    finished_at: '2026-08-19T12:32:46.773Z',
    failure: null,
    failure_type: null,
    failure_reason: null,
    retry_of: null,
    custom_metadata: undefined,
    tags: [],
    customRerunParam: { rerun_name: undefined },
    hooks: [],
    product_map: {
      observability: true,
      accessibility: false,
      percy: false,
      automate: false,
      app_automate: true
    }
  },
  logs: []
} to 24248:0 (target=/api/v2/builds/eoj7pjssr9d8muefxp1tur9jl8unm4rszmuvgu1l/batch)
2026-08-19T12:32:47.012Z CLI info [testhub:request-queue-handler]  [eoj7pjssr9d8muefxp1tur9jl8unm4rszmuvgu1l]  [6df5ab48-18ae-4fd5-9d51-9264b22d2315]  Added the event {
  event_type: 'CBTSessionCreated',
  test_run: {
    uuid: '7c154d3c-132e-4ec9-b66c-21e7dc72234d',
    integrations: { browserstack: [Object] }
  }
} to 24248:0 (target=/api/v2/builds/eoj7pjssr9d8muefxp1tur9jl8unm4rszmuvgu1l/batch)
2026-08-19T12:32:47.013Z CLI info [testhub:request-queue-handler]  [eoj7pjssr9d8muefxp1tur9jl8unm4rszmuvgu1l]  [6df5ab48-18ae-4fd5-9d51-9264b22d2315]  Added the event {
  event_type: 'TestRunStarted',
  test_run: {
    type: 'test',
    framework: 'WebdriverIO-mocha',
    uuid: '7c154d3c-132e-4ec9-b66c-21e7dc72234d',
    name: 'should swipe through cards and display different card content',
    body: {
      lang: 'ecmascript',
      code: 'function (...specFnArgs) {\n' +
        "        return testFnWrapper.call(this, 'Test', {\n" +
        '            specFn,\n' +
        '            specFnArgs: filterSpecArgs(specFnArgs)\n' +
        '        }, {\n' +
        '            beforeFn,\n' +
        '            beforeFnArgs\n' +
        '        }, {\n' +
        '            afterFn,\n' +
        '            afterFnArgs\n' +
        '        }, cid, repeatTest);\n' +
        '    }'
    },
    identifier: 'should swipe through cards and display different card content',
    scope: 'WebdriverIO Native Demo App - should swipe through cards and display different card content',
    scopes: [ 'WebdriverIO Native Demo App' ],
    file_name: 'test\\specs\\app.e2e.js',
    vc_filepath: 'test\\specs\\app.e2e.js',
    location: 'test\\specs\\app.e2e.js',
    result: 'pending',
    duration_in_ms: null,
    started_at: '2026-08-19T12:32:46.778Z',
    failure: undefined,
    failure_type: undefined,
    failure_reason: undefined,
    retry_of: null,
    custom_metadata: undefined,
    tags: [],
    customRerunParam: { rerun_name: undefined },
    hooks: [],
    product_map: {
      observability: true,
      accessibility: false,
      percy: false,
      automate: false,
      app_automate: true
    }
  },
  logs: []
} to 24248:0 (target=/api/v2/builds/eoj7pjssr9d8muefxp1tur9jl8unm4rszmuvgu1l/batch)
2026-08-19T12:32:47.753Z CLI info [testhub:request-queue-handler]  [eoj7pjssr9d8muefxp1tur9jl8unm4rszmuvgu1l]  [6df5ab48-18ae-4fd5-9d51-9264b22d2315]  Processing batch event [
  {
    event_type: 'TestRunFinished',
    test_run: {
      type: 'test',
      framework: 'WebdriverIO-mocha',
      uuid: 'e6af1e8f-c21e-4bcd-b94b-1f53f3e2f50b',
      name: 'should select a different option from the dropdown',
      body: {
        lang: 'ecmascript',
        code: 'function (...specFnArgs) {\n' +
          "        return testFnWrapper.call(this, 'Test', {\n" +
          '            specFn,\n' +
          '            specFnArgs: filterSpecArgs(specFnArgs)\n' +
          '        }, {\n' +
          '            beforeFn,\n' +
          '            beforeFnArgs\n' +
          '        }, {\n' +
          '            afterFn,\n' +
          '            afterFnArgs\n' +
          '        }, cid, repeatTest);\n' +
          '    }'
      },
      identifier: 'should select a different option from the dropdown',
      scope: 'WebdriverIO Native Demo App - should select a different option from the dropdown',
      scopes: [ 'WebdriverIO Native Demo App' ],
      file_name: 'test\\specs\\app.e2e.js',
      vc_filepath: 'test\\specs\\app.e2e.js',
      location: 'test\\specs\\app.e2e.js',
      result: 'passed',
      duration_in_ms: 3329,
      started_at: '2026-08-19T12:32:43.444Z',
      finished_at: '2026-08-19T12:32:46.773Z',
      failure: null,
      failure_type: null,
      failure_reason: null,
      retry_of: null,
      custom_metadata: undefined,
      tags: [],
      customRerunParam: { rerun_name: undefined },
      hooks: [],
      product_map: {
        observability: true,
        accessibility: false,
        percy: false,
        automate: false,
        app_automate: true
      }
    },
    logs: []
  },
  {
    event_type: 'CBTSessionCreated',
    test_run: {
      uuid: '7c154d3c-132e-4ec9-b66c-21e7dc72234d',
      integrations: {
        browserstack: {
          product: 'app-automate',
          session_id: '6d65b5ca070d9b3e6e319614c44eef645e1e6e35',
          capabilities: {
            platform: 'LINUX',
            webStorageEnabled: false,
            takesScreenshot: true,
            javascriptEnabled: true,
            databaseEnabled: false,
            networkConnectionEnabled: true,
            locationContextEnabled: false,
            warnings: {},
            desired: {
              platformName: 'Android',
              'bstack:options': { hostName: 'DESKTOP-44JTQN2', buildIdentifier: '#1' },
              'goog:chromeOptions': {},
              newCommandTimeout: 0,
              deviceName: 'Google Pixel 7',
              chromedriverPorts: [ [ 18100, 18110 ] ],
              chromedriverArgs: [ '--adb-port=5038' ],
              automationName: 'UiAutomator2',
              systemPort: 8200,
              bundleID: 'com.wdiodemoapp',
              bundleId: 'com.wdiodemoapp',
              skipServerInstallation: true,
              udid: '28101FDH200JGE',
              appPackage: 'com.wdiodemoapp',
              appActivity: 'com.wdiodemoapp.SplashActivity',
              nativeWebScreenshot: true,
              disableSuppressAccessibilityService: true
            },
            platformName: 'Android',
            'bstack:options': { hostName: 'DESKTOP-44JTQN2', buildIdentifier: '#1' },
            'goog:chromeOptions': {},
            newCommandTimeout: 0,
            deviceName: '28101FDH200JGE',
            chromedriverPorts: [ [ 18100, 18110 ] ],
            chromedriverArgs: [ '--adb-port=5038' ],
            automationName: 'UiAutomator2',
            systemPort: 8200,
            bundleID: 'com.wdiodemoapp',
            bundleId: 'com.wdiodemoapp',
            skipServerInstallation: true,
            udid: '28101FDH200JGE',
            appPackage: 'com.wdiodemoapp',
            appActivity: 'com.wdiodemoapp.SplashActivity',
            nativeWebScreenshot: true,
            disableSuppressAccessibilityService: true,
            deviceUDID: '28101FDH200JGE',
            deviceApiLevel: 33,
            platformVersion: '13',
            deviceScreenSize: '1080x2400',
            deviceScreenDensity: 420,
            deviceModel: 'Pixel 7',
            deviceManufacturer: 'Google',
            pixelRatio: 2.625,
            statBarHeight: 118,
            viewportRect: { left: 0, top: 118, width: 1080, height: 2101 }
          },
          platform: 'Android',
          platform_version: '13',
          browser: undefined,
          browser_version: undefined
        }
      }
    }
  },
  {
    event_type: 'TestRunStarted',
    test_run: {
      type: 'test',
      framework: 'WebdriverIO-mocha',
      uuid: '7c154d3c-132e-4ec9-b66c-21e7dc72234d',
      name: 'should swipe through cards and display different card content',
      body: {
        lang: 'ecmascript',
        code: 'function (...specFnArgs) {\n' +
          "        return testFnWrapper.call(this, 'Test', {\n" +
          '            specFn,\n' +
          '            specFnArgs: filterSpecArgs(specFnArgs)\n' +
          '        }, {\n' +
          '            beforeFn,\n' +
          '            beforeFnArgs\n' +
          '        }, {\n' +
          '            afterFn,\n' +
          '            afterFnArgs\n' +
          '        }, cid, repeatTest);\n' +
          '    }'
      },
      identifier: 'should swipe through cards and display different card content',
      scope: 'WebdriverIO Native Demo App - should swipe through cards and display different card content',
      scopes: [ 'WebdriverIO Native Demo App' ],
      file_name: 'test\\specs\\app.e2e.js',
      vc_filepath: 'test\\specs\\app.e2e.js',
      location: 'test\\specs\\app.e2e.js',
      result: 'pending',
      duration_in_ms: null,
      started_at: '2026-08-19T12:32:46.778Z',
      failure: undefined,
      failure_type: undefined,
      failure_reason: undefined,
      retry_of: null,
      custom_metadata: undefined,
      tags: [],
      customRerunParam: { rerun_name: undefined },
      hooks: [],
      product_map: {
        observability: true,
        accessibility: false,
        percy: false,
        automate: false,
        app_automate: true
      }
    },
    logs: []
  }
] to 24248:0
2026-08-19T12:32:47.755Z CLI info  [eoj7pjssr9d8muefxp1tur9jl8unm4rszmuvgu1l]  [6df5ab48-18ae-4fd5-9d51-9264b22d2315]  [PRODUCTION] Making POST request to https://collector-observability.browserstack.com
2026-08-19T12:32:52.582Z CLI warn [TEST REPORTING AND ANALYTICS:webdriverio:mocha]  [eoj7pjssr9d8muefxp1tur9jl8unm4rszmuvgu1l]  [6df5ab48-18ae-4fd5-9d51-9264b22d2315]  TestRunFinished: event={"test_framework_name":"WebdriverIO-mocha","test_framework_version":"9.34.1","test_logs":[],"test_hooks_finished":{},"test_hooks_started":{},"test_uuid":"7c154d3c-132e-4ec9-b66c-21e7dc72234d","test_result":"passed","test_id":"WebdriverIO Native Demo App - should swipe through cards and display different card content","test_name":"should swipe through cards and display different card content","test_code":"function (...specFnArgs) {\n        return testFnWrapper.call(this, 'Test', {\n            specFn,\n            specFnArgs: filterSpecArgs(specFnArgs)\n        }, {\n            beforeFn,\n            beforeFnArgs\n        }, {\n            afterFn,\n            afterFnArgs\n        }, cid, repeatTest);\n    }","test_file_path":"C:\\Users\\Admin\\Desktop\\browserstack_test\\test\\specs\\app.e2e.js","test_location":"test\\specs\\app.e2e.js","test_scope":"WebdriverIO Native Demo App - should swipe through cards and display different card content","test_scopes":["WebdriverIO Native Demo App"],"test_started_at":"2026-08-19T12:32:46.778Z","automate_session_name":"WebdriverIO Native Demo App - should swipe through cards and display different card content","test_failure":null,"test_failure_reason":null,"test_failure_type":null,"test_ended_at":"2026-08-19T12:32:52.573Z","automate_session_status":"passed","test_deferred":true,"logs":[]}
2026-08-19T12:32:52.584Z CLI info [testhub:request-queue-handler]  [eoj7pjssr9d8muefxp1tur9jl8unm4rszmuvgu1l]  [6df5ab48-18ae-4fd5-9d51-9264b22d2315]  Added the event {
  event_type: 'TestRunFinished',
  test_run: {
    type: 'test',
    framework: 'WebdriverIO-mocha',
    uuid: '7c154d3c-132e-4ec9-b66c-21e7dc72234d',
    name: 'should swipe through cards and display different card content',
    body: {
      lang: 'ecmascript',
      code: 'function (...specFnArgs) {\n' +
        "        return testFnWrapper.call(this, 'Test', {\n" +
        '            specFn,\n' +
        '            specFnArgs: filterSpecArgs(specFnArgs)\n' +
        '        }, {\n' +
        '            beforeFn,\n' +
        '            beforeFnArgs\n' +
        '        }, {\n' +
        '            afterFn,\n' +
        '            afterFnArgs\n' +
        '        }, cid, repeatTest);\n' +
        '    }'
    },
    identifier: 'should swipe through cards and display different card content',
    scope: 'WebdriverIO Native Demo App - should swipe through cards and display different card content',
    scopes: [ 'WebdriverIO Native Demo App' ],
    file_name: 'test\\specs\\app.e2e.js',
    vc_filepath: 'test\\specs\\app.e2e.js',
    location: 'test\\specs\\app.e2e.js',
    result: 'passed',
    duration_in_ms: 5795,
    started_at: '2026-08-19T12:32:46.778Z',
    finished_at: '2026-08-19T12:32:52.573Z',
    failure: null,
    failure_type: null,
    failure_reason: null,
    retry_of: null,
    custom_metadata: undefined,
    tags: [],
    customRerunParam: { rerun_name: undefined },
    hooks: [],
    product_map: {
      observability: true,
      accessibility: false,
      percy: false,
      automate: false,
      app_automate: true
    }
  },
  logs: []
} to 24248:0 (target=/api/v2/builds/eoj7pjssr9d8muefxp1tur9jl8unm4rszmuvgu1l/batch)
2026-08-19T12:32:53.213Z CLI info [testhub:request-queue-handler]  [eoj7pjssr9d8muefxp1tur9jl8unm4rszmuvgu1l]  [6df5ab48-18ae-4fd5-9d51-9264b22d2315]  Added the event {
  event_type: 'CBTSessionCreated',
  test_run: {
    uuid: 'eed8a9f4-93fa-4fd4-9ff7-5a6b900ea8bb',
    integrations: { browserstack: [Object] }
  }
} to 24248:0 (target=/api/v2/builds/eoj7pjssr9d8muefxp1tur9jl8unm4rszmuvgu1l/batch)
2026-08-19T12:32:53.216Z CLI info [testhub:request-queue-handler]  [eoj7pjssr9d8muefxp1tur9jl8unm4rszmuvgu1l]  [6df5ab48-18ae-4fd5-9d51-9264b22d2315]  Added the event {
  event_type: 'TestRunStarted',
  test_run: {
    type: 'test',
    framework: 'WebdriverIO-mocha',
    uuid: 'eed8a9f4-93fa-4fd4-9ff7-5a6b900ea8bb',
    name: 'should swipe down and display the WebdriverIO logo',
    body: {
      lang: 'ecmascript',
      code: 'function (...specFnArgs) {\n' +
        "        return testFnWrapper.call(this, 'Test', {\n" +
        '            specFn,\n' +
        '            specFnArgs: filterSpecArgs(specFnArgs)\n' +
        '        }, {\n' +
        '            beforeFn,\n' +
        '            beforeFnArgs\n' +
        '        }, {\n' +
        '            afterFn,\n' +
        '            afterFnArgs\n' +
        '        }, cid, repeatTest);\n' +
        '    }'
    },
    identifier: 'should swipe down and display the WebdriverIO logo',
    scope: 'WebdriverIO Native Demo App - should swipe down and display the WebdriverIO logo',
    scopes: [ 'WebdriverIO Native Demo App' ],
    file_name: 'test\\specs\\app.e2e.js',
    vc_filepath: 'test\\specs\\app.e2e.js',
    location: 'test\\specs\\app.e2e.js',
    result: 'pending',
    duration_in_ms: null,
    started_at: '2026-08-19T12:32:52.577Z',
    failure: undefined,
    failure_type: undefined,
    failure_reason: undefined,
    retry_of: null,
    custom_metadata: undefined,
    tags: [],
    customRerunParam: { rerun_name: undefined },
    hooks: [],
    product_map: {
      observability: true,
      accessibility: false,
      percy: false,
      automate: false,
      app_automate: true
    }
  },
  logs: []
} to 24248:0 (target=/api/v2/builds/eoj7pjssr9d8muefxp1tur9jl8unm4rszmuvgu1l/batch)
2026-08-19T12:32:53.783Z CLI info [testhub:request-queue-handler]  [eoj7pjssr9d8muefxp1tur9jl8unm4rszmuvgu1l]  [6df5ab48-18ae-4fd5-9d51-9264b22d2315]  Processing batch event [
  {
    event_type: 'TestRunFinished',
    test_run: {
      type: 'test',
      framework: 'WebdriverIO-mocha',
      uuid: '7c154d3c-132e-4ec9-b66c-21e7dc72234d',
      name: 'should swipe through cards and display different card content',
      body: {
        lang: 'ecmascript',
        code: 'function (...specFnArgs) {\n' +
          "        return testFnWrapper.call(this, 'Test', {\n" +
          '            specFn,\n' +
          '            specFnArgs: filterSpecArgs(specFnArgs)\n' +
          '        }, {\n' +
          '            beforeFn,\n' +
          '            beforeFnArgs\n' +
          '        }, {\n' +
          '            afterFn,\n' +
          '            afterFnArgs\n' +
          '        }, cid, repeatTest);\n' +
          '    }'
      },
      identifier: 'should swipe through cards and display different card content',
      scope: 'WebdriverIO Native Demo App - should swipe through cards and display different card content',
      scopes: [ 'WebdriverIO Native Demo App' ],
      file_name: 'test\\specs\\app.e2e.js',
      vc_filepath: 'test\\specs\\app.e2e.js',
      location: 'test\\specs\\app.e2e.js',
      result: 'passed',
      duration_in_ms: 5795,
      started_at: '2026-08-19T12:32:46.778Z',
      finished_at: '2026-08-19T12:32:52.573Z',
      failure: null,
      failure_type: null,
      failure_reason: null,
      retry_of: null,
      custom_metadata: undefined,
      tags: [],
      customRerunParam: { rerun_name: undefined },
      hooks: [],
      product_map: {
        observability: true,
        accessibility: false,
        percy: false,
        automate: false,
        app_automate: true
      }
    },
    logs: []
  },
  {
    event_type: 'CBTSessionCreated',
    test_run: {
      uuid: 'eed8a9f4-93fa-4fd4-9ff7-5a6b900ea8bb',
      integrations: {
        browserstack: {
          product: 'app-automate',
          session_id: '6d65b5ca070d9b3e6e319614c44eef645e1e6e35',
          capabilities: {
            platform: 'LINUX',
            webStorageEnabled: false,
            takesScreenshot: true,
            javascriptEnabled: true,
            databaseEnabled: false,
            networkConnectionEnabled: true,
            locationContextEnabled: false,
            warnings: {},
            desired: {
              platformName: 'Android',
              'bstack:options': { hostName: 'DESKTOP-44JTQN2', buildIdentifier: '#1' },
              'goog:chromeOptions': {},
              newCommandTimeout: 0,
              deviceName: 'Google Pixel 7',
              chromedriverPorts: [ [ 18100, 18110 ] ],
              chromedriverArgs: [ '--adb-port=5038' ],
              automationName: 'UiAutomator2',
              systemPort: 8200,
              bundleID: 'com.wdiodemoapp',
              bundleId: 'com.wdiodemoapp',
              skipServerInstallation: true,
              udid: '28101FDH200JGE',
              appPackage: 'com.wdiodemoapp',
              appActivity: 'com.wdiodemoapp.SplashActivity',
              nativeWebScreenshot: true,
              disableSuppressAccessibilityService: true
            },
            platformName: 'Android',
            'bstack:options': { hostName: 'DESKTOP-44JTQN2', buildIdentifier: '#1' },
            'goog:chromeOptions': {},
            newCommandTimeout: 0,
            deviceName: '28101FDH200JGE',
            chromedriverPorts: [ [ 18100, 18110 ] ],
            chromedriverArgs: [ '--adb-port=5038' ],
            automationName: 'UiAutomator2',
            systemPort: 8200,
            bundleID: 'com.wdiodemoapp',
            bundleId: 'com.wdiodemoapp',
            skipServerInstallation: true,
            udid: '28101FDH200JGE',
            appPackage: 'com.wdiodemoapp',
            appActivity: 'com.wdiodemoapp.SplashActivity',
            nativeWebScreenshot: true,
            disableSuppressAccessibilityService: true,
            deviceUDID: '28101FDH200JGE',
            deviceApiLevel: 33,
            platformVersion: '13',
            deviceScreenSize: '1080x2400',
            deviceScreenDensity: 420,
            deviceModel: 'Pixel 7',
            deviceManufacturer: 'Google',
            pixelRatio: 2.625,
            statBarHeight: 118,
            viewportRect: { left: 0, top: 118, width: 1080, height: 2101 }
          },
          platform: 'Android',
          platform_version: '13',
          browser: undefined,
          browser_version: undefined
        }
      }
    }
  },
  {
    event_type: 'TestRunStarted',
    test_run: {
      type: 'test',
      framework: 'WebdriverIO-mocha',
      uuid: 'eed8a9f4-93fa-4fd4-9ff7-5a6b900ea8bb',
      name: 'should swipe down and display the WebdriverIO logo',
      body: {
        lang: 'ecmascript',
        code: 'function (...specFnArgs) {\n' +
          "        return testFnWrapper.call(this, 'Test', {\n" +
          '            specFn,\n' +
          '            specFnArgs: filterSpecArgs(specFnArgs)\n' +
          '        }, {\n' +
          '            beforeFn,\n' +
          '            beforeFnArgs\n' +
          '        }, {\n' +
          '            afterFn,\n' +
          '            afterFnArgs\n' +
          '        }, cid, repeatTest);\n' +
          '    }'
      },
      identifier: 'should swipe down and display the WebdriverIO logo',
      scope: 'WebdriverIO Native Demo App - should swipe down and display the WebdriverIO logo',
      scopes: [ 'WebdriverIO Native Demo App' ],
      file_name: 'test\\specs\\app.e2e.js',
      vc_filepath: 'test\\specs\\app.e2e.js',
      location: 'test\\specs\\app.e2e.js',
      result: 'pending',
      duration_in_ms: null,
      started_at: '2026-08-19T12:32:52.577Z',
      failure: undefined,
      failure_type: undefined,
      failure_reason: undefined,
      retry_of: null,
      custom_metadata: undefined,
      tags: [],
      customRerunParam: { rerun_name: undefined },
      hooks: [],
      product_map: {
        observability: true,
        accessibility: false,
        percy: false,
        automate: false,
        app_automate: true
      }
    },
    logs: []
  }
] to 24248:0
2026-08-19T12:32:53.784Z CLI info  [eoj7pjssr9d8muefxp1tur9jl8unm4rszmuvgu1l]  [6df5ab48-18ae-4fd5-9d51-9264b22d2315]  [PRODUCTION] Making POST request to https://collector-observability.browserstack.com
2026-08-19T12:33:05.478Z CLI warn [TEST REPORTING AND ANALYTICS:webdriverio:mocha]  [eoj7pjssr9d8muefxp1tur9jl8unm4rszmuvgu1l]  [6df5ab48-18ae-4fd5-9d51-9264b22d2315]  TestRunFinished: event={"test_framework_name":"WebdriverIO-mocha","test_framework_version":"9.34.1","test_logs":[],"test_hooks_finished":{},"test_hooks_started":{},"test_uuid":"eed8a9f4-93fa-4fd4-9ff7-5a6b900ea8bb","test_result":"failed","test_id":"WebdriverIO Native Demo App - should swipe down and display the WebdriverIO logo","test_name":"should swipe down and display the WebdriverIO logo","test_code":"function (...specFnArgs) {\n        return testFnWrapper.call(this, 'Test', {\n            specFn,\n            specFnArgs: filterSpecArgs(specFnArgs)\n        }, {\n            beforeFn,\n            beforeFnArgs\n        }, {\n            afterFn,\n            afterFnArgs\n        }, cid, repeatTest);\n    }","test_file_path":"C:\\Users\\Admin\\Desktop\\browserstack_test\\test\\specs\\app.e2e.js","test_location":"test\\specs\\app.e2e.js","test_scope":"WebdriverIO Native Demo App - should swipe down and display the WebdriverIO logo","test_scopes":["WebdriverIO Native Demo App"],"test_started_at":"2026-08-19T12:32:52.577Z","automate_session_name":"WebdriverIO Native Demo App - should swipe down and display the WebdriverIO logo","test_failure":[{"backtrace":["element (\"~WebdriverIO logo\") still not displayed after 10000ms","Error: element (\"~WebdriverIO logo\") still not displayed after 10000ms\n    at async Context.<anonymous> (C:\\Users\\Admin\\Desktop\\browserstack_test\\test\\specs\\app.e2e.js:37:9)"]}],"test_failure_reason":"element (\"~WebdriverIO logo\") still not displayed after 10000ms","test_failure_type":"UnhandledError","test_ended_at":"2026-08-19T12:33:05.465Z","automate_session_status":"failed","automate_session_reason":"element (\"~WebdriverIO logo\") still not displayed after 10000ms","test_deferred":true,"logs":[]}
2026-08-19T12:33:05.479Z CLI info [testhub:request-queue-handler]  [eoj7pjssr9d8muefxp1tur9jl8unm4rszmuvgu1l]  [6df5ab48-18ae-4fd5-9d51-9264b22d2315]  Added the event {
  event_type: 'TestRunFinished',
  test_run: {
    type: 'test',
    framework: 'WebdriverIO-mocha',
    uuid: 'eed8a9f4-93fa-4fd4-9ff7-5a6b900ea8bb',
    name: 'should swipe down and display the WebdriverIO logo',
    body: {
      lang: 'ecmascript',
      code: 'function (...specFnArgs) {\n' +
        "        return testFnWrapper.call(this, 'Test', {\n" +
        '            specFn,\n' +
        '            specFnArgs: filterSpecArgs(specFnArgs)\n' +
        '        }, {\n' +
        '            beforeFn,\n' +
        '            beforeFnArgs\n' +
        '        }, {\n' +
        '            afterFn,\n' +
        '            afterFnArgs\n' +
        '        }, cid, repeatTest);\n' +
        '    }'
    },
    identifier: 'should swipe down and display the WebdriverIO logo',
    scope: 'WebdriverIO Native Demo App - should swipe down and display the WebdriverIO logo',
    scopes: [ 'WebdriverIO Native Demo App' ],
    file_name: 'test\\specs\\app.e2e.js',
    vc_filepath: 'test\\specs\\app.e2e.js',
    location: 'test\\specs\\app.e2e.js',
    result: 'failed',
    duration_in_ms: 12888,
    started_at: '2026-08-19T12:32:52.577Z',
    finished_at: '2026-08-19T12:33:05.465Z',
    failure: [ [Object] ],
    failure_type: 'UnhandledError',
    failure_reason: 'element ("~WebdriverIO logo") still not displayed after 10000ms',
    retry_of: null,
    custom_metadata: undefined,
    tags: [],
    customRerunParam: { rerun_name: undefined },
    hooks: [],
    product_map: {
      observability: true,
      accessibility: false,
      percy: false,
      automate: false,
      app_automate: true
    }
  },
  logs: []
} to 24248:0 (target=/api/v2/builds/eoj7pjssr9d8muefxp1tur9jl8unm4rszmuvgu1l/batch)
2026-08-19T12:33:05.847Z CLI info [testhub:request-queue-handler]  [eoj7pjssr9d8muefxp1tur9jl8unm4rszmuvgu1l]  [6df5ab48-18ae-4fd5-9d51-9264b22d2315]  Processing batch event [
  {
    event_type: 'TestRunFinished',
    test_run: {
      type: 'test',
      framework: 'WebdriverIO-mocha',
      uuid: 'eed8a9f4-93fa-4fd4-9ff7-5a6b900ea8bb',
      name: 'should swipe down and display the WebdriverIO logo',
      body: {
        lang: 'ecmascript',
        code: 'function (...specFnArgs) {\n' +
          "        return testFnWrapper.call(this, 'Test', {\n" +
          '            specFn,\n' +
          '            specFnArgs: filterSpecArgs(specFnArgs)\n' +
          '        }, {\n' +
          '            beforeFn,\n' +
          '            beforeFnArgs\n' +
          '        }, {\n' +
          '            afterFn,\n' +
          '            afterFnArgs\n' +
          '        }, cid, repeatTest);\n' +
          '    }'
      },
      identifier: 'should swipe down and display the WebdriverIO logo',
      scope: 'WebdriverIO Native Demo App - should swipe down and display the WebdriverIO logo',
      scopes: [ 'WebdriverIO Native Demo App' ],
      file_name: 'test\\specs\\app.e2e.js',
      vc_filepath: 'test\\specs\\app.e2e.js',
      location: 'test\\specs\\app.e2e.js',
      result: 'failed',
      duration_in_ms: 12888,
      started_at: '2026-08-19T12:32:52.577Z',
      finished_at: '2026-08-19T12:33:05.465Z',
      failure: [
        {
          backtrace: [
            'element ("~WebdriverIO logo") still not displayed after 10000ms',
            'Error: element ("~WebdriverIO logo") still not displayed after 10000ms\n' +
              '    at async Context.<anonymous> (C:\\Users\\Admin\\Desktop\\browserstack_test\\test\\specs\\app.e2e.js:37:9)'
          ]
        }
      ],
      failure_type: 'UnhandledError',
      failure_reason: 'element ("~WebdriverIO logo") still not displayed after 10000ms',
      retry_of: null,
      custom_metadata: undefined,
      tags: [],
      customRerunParam: { rerun_name: undefined },
      hooks: [],
      product_map: {
        observability: true,
        accessibility: false,
        percy: false,
        automate: false,
        app_automate: true
      }
    },
    logs: []
  }
] to 24248:0
2026-08-19T12:33:05.848Z CLI info  [eoj7pjssr9d8muefxp1tur9jl8unm4rszmuvgu1l]  [6df5ab48-18ae-4fd5-9d51-9264b22d2315]  [PRODUCTION] Making POST request to https://collector-observability.browserstack.com
2026-08-19T12:33:06.269Z CLI info [testhub:request-queue-handler]  [eoj7pjssr9d8muefxp1tur9jl8unm4rszmuvgu1l]  [6df5ab48-18ae-4fd5-9d51-9264b22d2315]  Added the event {
  event_type: 'CBTSessionCreated',
  test_run: {
    uuid: '2ea2d550-3954-4a2f-96d4-c1dfdcf5cc1f',
    integrations: { browserstack: [Object] }
  }
} to 24248:0 (target=/api/v2/builds/eoj7pjssr9d8muefxp1tur9jl8unm4rszmuvgu1l/batch)
2026-08-19T12:33:06.271Z CLI info [testhub:request-queue-handler]  [eoj7pjssr9d8muefxp1tur9jl8unm4rszmuvgu1l]  [6df5ab48-18ae-4fd5-9d51-9264b22d2315]  Added the event {
  event_type: 'TestRunStarted',
  test_run: {
    type: 'test',
    framework: 'WebdriverIO-mocha',
    uuid: '2ea2d550-3954-4a2f-96d4-c1dfdcf5cc1f',
    name: 'should successfully log in with valid credentials',
    body: {
      lang: 'ecmascript',
      code: 'function (...specFnArgs) {\n' +
        "        return testFnWrapper.call(this, 'Test', {\n" +
        '            specFn,\n' +
        '            specFnArgs: filterSpecArgs(specFnArgs)\n' +
        '        }, {\n' +
        '            beforeFn,\n' +
        '            beforeFnArgs\n' +
        '        }, {\n' +
        '            afterFn,\n' +
        '            afterFnArgs\n' +
        '        }, cid, repeatTest);\n' +
        '    }'
    },
    identifier: 'should successfully log in with valid credentials',
    scope: 'WebdriverIO Native Demo App - should successfully log in with valid credentials',
    scopes: [ 'WebdriverIO Native Demo App' ],
    file_name: 'test\\specs\\app.e2e.js',
    vc_filepath: 'test\\specs\\app.e2e.js',
    location: 'test\\specs\\app.e2e.js',
    result: 'pending',
    duration_in_ms: null,
    started_at: '2026-08-19T12:33:05.471Z',
    failure: undefined,
    failure_type: undefined,
    failure_reason: undefined,
    retry_of: null,
    custom_metadata: undefined,
    tags: [],
    customRerunParam: { rerun_name: undefined },
    hooks: [],
    product_map: {
      observability: true,
      accessibility: false,
      percy: false,
      automate: false,
      app_automate: true
    }
  },
  logs: []
} to 24248:0 (target=/api/v2/builds/eoj7pjssr9d8muefxp1tur9jl8unm4rszmuvgu1l/batch)
2026-08-19T12:33:07.846Z CLI info [testhub:request-queue-handler]  [eoj7pjssr9d8muefxp1tur9jl8unm4rszmuvgu1l]  [6df5ab48-18ae-4fd5-9d51-9264b22d2315]  Processing batch event [
  {
    event_type: 'CBTSessionCreated',
    test_run: {
      uuid: '2ea2d550-3954-4a2f-96d4-c1dfdcf5cc1f',
      integrations: {
        browserstack: {
          product: 'app-automate',
          session_id: '6d65b5ca070d9b3e6e319614c44eef645e1e6e35',
          capabilities: {
            platform: 'LINUX',
            webStorageEnabled: false,
            takesScreenshot: true,
            javascriptEnabled: true,
            databaseEnabled: false,
            networkConnectionEnabled: true,
            locationContextEnabled: false,
            warnings: {},
            desired: {
              platformName: 'Android',
              'bstack:options': { hostName: 'DESKTOP-44JTQN2', buildIdentifier: '#1' },
              'goog:chromeOptions': {},
              newCommandTimeout: 0,
              deviceName: 'Google Pixel 7',
              chromedriverPorts: [ [ 18100, 18110 ] ],
              chromedriverArgs: [ '--adb-port=5038' ],
              automationName: 'UiAutomator2',
              systemPort: 8200,
              bundleID: 'com.wdiodemoapp',
              bundleId: 'com.wdiodemoapp',
              skipServerInstallation: true,
              udid: '28101FDH200JGE',
              appPackage: 'com.wdiodemoapp',
              appActivity: 'com.wdiodemoapp.SplashActivity',
              nativeWebScreenshot: true,
              disableSuppressAccessibilityService: true
            },
            platformName: 'Android',
            'bstack:options': { hostName: 'DESKTOP-44JTQN2', buildIdentifier: '#1' },
            'goog:chromeOptions': {},
            newCommandTimeout: 0,
            deviceName: '28101FDH200JGE',
            chromedriverPorts: [ [ 18100, 18110 ] ],
            chromedriverArgs: [ '--adb-port=5038' ],
            automationName: 'UiAutomator2',
            systemPort: 8200,
            bundleID: 'com.wdiodemoapp',
            bundleId: 'com.wdiodemoapp',
            skipServerInstallation: true,
            udid: '28101FDH200JGE',
            appPackage: 'com.wdiodemoapp',
            appActivity: 'com.wdiodemoapp.SplashActivity',
            nativeWebScreenshot: true,
            disableSuppressAccessibilityService: true,
            deviceUDID: '28101FDH200JGE',
            deviceApiLevel: 33,
            platformVersion: '13',
            deviceScreenSize: '1080x2400',
            deviceScreenDensity: 420,
            deviceModel: 'Pixel 7',
            deviceManufacturer: 'Google',
            pixelRatio: 2.625,
            statBarHeight: 118,
            viewportRect: { left: 0, top: 118, width: 1080, height: 2101 }
          },
          platform: 'Android',
          platform_version: '13',
          browser: undefined,
          browser_version: undefined
        }
      }
    }
  },
  {
    event_type: 'TestRunStarted',
    test_run: {
      type: 'test',
      framework: 'WebdriverIO-mocha',
      uuid: '2ea2d550-3954-4a2f-96d4-c1dfdcf5cc1f',
      name: 'should successfully log in with valid credentials',
      body: {
        lang: 'ecmascript',
        code: 'function (...specFnArgs) {\n' +
          "        return testFnWrapper.call(this, 'Test', {\n" +
          '            specFn,\n' +
          '            specFnArgs: filterSpecArgs(specFnArgs)\n' +
          '        }, {\n' +
          '            beforeFn,\n' +
          '            beforeFnArgs\n' +
          '        }, {\n' +
          '            afterFn,\n' +
          '            afterFnArgs\n' +
          '        }, cid, repeatTest);\n' +
          '    }'
      },
      identifier: 'should successfully log in with valid credentials',
      scope: 'WebdriverIO Native Demo App - should successfully log in with valid credentials',
      scopes: [ 'WebdriverIO Native Demo App' ],
      file_name: 'test\\specs\\app.e2e.js',
      vc_filepath: 'test\\specs\\app.e2e.js',
      location: 'test\\specs\\app.e2e.js',
      result: 'pending',
      duration_in_ms: null,
      started_at: '2026-08-19T12:33:05.471Z',
      failure: undefined,
      failure_type: undefined,
      failure_reason: undefined,
      retry_of: null,
      custom_metadata: undefined,
      tags: [],
      customRerunParam: { rerun_name: undefined },
      hooks: [],
      product_map: {
        observability: true,
        accessibility: false,
        percy: false,
        automate: false,
        app_automate: true
      }
    },
    logs: []
  }
] to 24248:0
2026-08-19T12:33:07.848Z CLI info  [eoj7pjssr9d8muefxp1tur9jl8unm4rszmuvgu1l]  [6df5ab48-18ae-4fd5-9d51-9264b22d2315]  [PRODUCTION] Making POST request to https://collector-observability.browserstack.com
2026-08-19T12:33:13.983Z CLI warn [TEST REPORTING AND ANALYTICS:webdriverio:mocha]  [eoj7pjssr9d8muefxp1tur9jl8unm4rszmuvgu1l]  [6df5ab48-18ae-4fd5-9d51-9264b22d2315]  TestRunFinished: event={"test_framework_name":"WebdriverIO-mocha","test_framework_version":"9.34.1","test_logs":[],"test_hooks_finished":{},"test_hooks_started":{},"test_uuid":"2ea2d550-3954-4a2f-96d4-c1dfdcf5cc1f","test_result":"passed","test_id":"WebdriverIO Native Demo App - should successfully log in with valid credentials","test_name":"should successfully log in with valid credentials","test_code":"function (...specFnArgs) {\n        return testFnWrapper.call(this, 'Test', {\n            specFn,\n            specFnArgs: filterSpecArgs(specFnArgs)\n        }, {\n            beforeFn,\n            beforeFnArgs\n        }, {\n            afterFn,\n            afterFnArgs\n        }, cid, repeatTest);\n    }","test_file_path":"C:\\Users\\Admin\\Desktop\\browserstack_test\\test\\specs\\app.e2e.js","test_location":"test\\specs\\app.e2e.js","test_scope":"WebdriverIO Native Demo App - should successfully log in with valid credentials","test_scopes":["WebdriverIO Native Demo App"],"test_started_at":"2026-08-19T12:33:05.471Z","automate_session_name":"WebdriverIO Native Demo App - should successfully log in with valid credentials","test_failure":null,"test_failure_reason":null,"test_failure_type":null,"test_ended_at":"2026-08-19T12:33:13.980Z","automate_session_status":"passed","test_deferred":true,"logs":[]}
2026-08-19T12:33:13.984Z CLI info [testhub:request-queue-handler]  [eoj7pjssr9d8muefxp1tur9jl8unm4rszmuvgu1l]  [6df5ab48-18ae-4fd5-9d51-9264b22d2315]  Added the event {
  event_type: 'TestRunFinished',
  test_run: {
    type: 'test',
    framework: 'WebdriverIO-mocha',
    uuid: '2ea2d550-3954-4a2f-96d4-c1dfdcf5cc1f',
    name: 'should successfully log in with valid credentials',
    body: {
      lang: 'ecmascript',
      code: 'function (...specFnArgs) {\n' +
        "        return testFnWrapper.call(this, 'Test', {\n" +
        '            specFn,\n' +
        '            specFnArgs: filterSpecArgs(specFnArgs)\n' +
        '        }, {\n' +
        '            beforeFn,\n' +
        '            beforeFnArgs\n' +
        '        }, {\n' +
        '            afterFn,\n' +
        '            afterFnArgs\n' +
        '        }, cid, repeatTest);\n' +
        '    }'
    },
    identifier: 'should successfully log in with valid credentials',
    scope: 'WebdriverIO Native Demo App - should successfully log in with valid credentials',
    scopes: [ 'WebdriverIO Native Demo App' ],
    file_name: 'test\\specs\\app.e2e.js',
    vc_filepath: 'test\\specs\\app.e2e.js',
    location: 'test\\specs\\app.e2e.js',
    result: 'passed',
    duration_in_ms: 8509,
    started_at: '2026-08-19T12:33:05.471Z',
    finished_at: '2026-08-19T12:33:13.980Z',
    failure: null,
    failure_type: null,
    failure_reason: null,
    retry_of: null,
    custom_metadata: undefined,
    tags: [],
    customRerunParam: { rerun_name: undefined },
    hooks: [],
    product_map: {
      observability: true,
      accessibility: false,
      percy: false,
      automate: false,
      app_automate: true
    }
  },
  logs: []
} to 24248:0 (target=/api/v2/builds/eoj7pjssr9d8muefxp1tur9jl8unm4rszmuvgu1l/batch)
2026-08-19T12:33:15.877Z CLI info [testhub:request-queue-handler]  [eoj7pjssr9d8muefxp1tur9jl8unm4rszmuvgu1l]  [6df5ab48-18ae-4fd5-9d51-9264b22d2315]  Processing batch event [
  {
    event_type: 'TestRunFinished',
    test_run: {
      type: 'test',
      framework: 'WebdriverIO-mocha',
      uuid: '2ea2d550-3954-4a2f-96d4-c1dfdcf5cc1f',
      name: 'should successfully log in with valid credentials',
      body: {
        lang: 'ecmascript',
        code: 'function (...specFnArgs) {\n' +
          "        return testFnWrapper.call(this, 'Test', {\n" +
          '            specFn,\n' +
          '            specFnArgs: filterSpecArgs(specFnArgs)\n' +
          '        }, {\n' +
          '            beforeFn,\n' +
          '            beforeFnArgs\n' +
          '        }, {\n' +
          '            afterFn,\n' +
          '            afterFnArgs\n' +
          '        }, cid, repeatTest);\n' +
          '    }'
      },
      identifier: 'should successfully log in with valid credentials',
      scope: 'WebdriverIO Native Demo App - should successfully log in with valid credentials',
      scopes: [ 'WebdriverIO Native Demo App' ],
      file_name: 'test\\specs\\app.e2e.js',
      vc_filepath: 'test\\specs\\app.e2e.js',
      location: 'test\\specs\\app.e2e.js',
      result: 'passed',
      duration_in_ms: 8509,
      started_at: '2026-08-19T12:33:05.471Z',
      finished_at: '2026-08-19T12:33:13.980Z',
      failure: null,
      failure_type: null,
      failure_reason: null,
      retry_of: null,
      custom_metadata: undefined,
      tags: [],
      customRerunParam: { rerun_name: undefined },
      hooks: [],
      product_map: {
        observability: true,
        accessibility: false,
        percy: false,
        automate: false,
        app_automate: true
      }
    },
    logs: []
  }
] to 24248:0
2026-08-19T12:33:15.878Z CLI info  [eoj7pjssr9d8muefxp1tur9jl8unm4rszmuvgu1l]  [6df5ab48-18ae-4fd5-9d51-9264b22d2315]  [PRODUCTION] Making POST request to https://collector-observability.browserstack.com
2026-08-19T12:33:15.936Z CLI info  [eoj7pjssr9d8muefxp1tur9jl8unm4rszmuvgu1l]  [6df5ab48-18ae-4fd5-9d51-9264b22d2315]  [PRODUCTION] Making GET request to https://api.browserstack.com
2026-08-19T12:33:16.350Z CLI info  [eoj7pjssr9d8muefxp1tur9jl8unm4rszmuvgu1l]  [6df5ab48-18ae-4fd5-9d51-9264b22d2315]  [PRODUCTION] Making PUT request to https://collector-observability.browserstack.com
2026-08-19T12:33:16.810Z CLI info [testhub:module]  [eoj7pjssr9d8muefxp1tur9jl8unm4rszmuvgu1l]  [6df5ab48-18ae-4fd5-9d51-9264b22d2315]  stopBuild: eoj7pjssr9d8muefxp1tur9jl8unm4rszmuvgu1l request={"finished_at":"2026-08-19T12:33:15.935Z","finished_metadata":[],"custom_metadata":null} response={"data":""}
2026-08-19T12:33:16.815Z CLI info  [eoj7pjssr9d8muefxp1tur9jl8unm4rszmuvgu1l]  [6df5ab48-18ae-4fd5-9d51-9264b22d2315]  [PRODUCTION] Making POST request to https://api.browserstack.com
2026-08-19T12:33:17.242Z CLI info [TEST REPORTING AND ANALYTICS:module]  [eoj7pjssr9d8muefxp1tur9jl8unm4rszmuvgu1l]  [6df5ab48-18ae-4fd5-9d51-9264b22d2315]  Visit https://automation.browserstack.com/builds/eoj7pjssr9d8muefxp1tur9jl8unm4rszmuvgu1l to view build report, insights, and many more debugging information all at one place!
2026-08-19T12:36:04.881Z CLI info [main]    Server listening on port: 5400
2026-08-19T12:36:04.906Z CLI info    Config : {"userName":"[REDACTED]","accessKey":"[REDACTED]","platforms":[{"platformName":"Android","appium:deviceName":"Google Pixel 7","appium:platformVersion":"13.0","appium:automationName":"UiAutomator2","appium:app":"NativeDemoApp","projectName":"WebdriverIO Native Demo App","debug":true,"networkLogs":true,"buildName":"Pixel 7 - Android 13","sessionName":"Pixel 7 Android Test","wdioService":"9.34.1"}],"isNonBstackA11yWDIO":false,"app":"NativeDemoApp","browserstackLocal":false,"testObservability":true,"testContextOptions":{"skipSessionName":false,"skipSessionStatus":false,"sessionNameOmitTestTitle":false,"sessionNamePrependTopLevelSuiteTitle":false,"sessionNameFormat":""},"buildTag":[]}
2026-08-19T12:36:04.933Z CLI info    Should start debug utility: undefined
2026-08-19T12:36:05.051Z CLI info [testhub:module]   [7bec7761-f229-406e-95c3-f7238a52a69b]  Starting testhub from 19940:0
2026-08-19T12:36:05.052Z CLI info   [7bec7761-f229-406e-95c3-f7238a52a69b]  [PRODUCTION] Making POST request to https://sdk.browserstack.com
2026-08-19T12:36:05.053Z CLI info   [7bec7761-f229-406e-95c3-f7238a52a69b]  [PRODUCTION] Making GET request to https://hub.browserstack.com
2026-08-19T12:36:05.360Z CLI info   [7bec7761-f229-406e-95c3-f7238a52a69b]  [PRODUCTION] Making GET request to https://hub-euw.browserstack.com
2026-08-19T12:36:05.361Z CLI info   [7bec7761-f229-406e-95c3-f7238a52a69b]  [PRODUCTION] Making GET request to https://hub-use.browserstack.com
2026-08-19T12:36:05.361Z CLI info   [7bec7761-f229-406e-95c3-f7238a52a69b]  [PRODUCTION] Making GET request to https://hub-aps.browserstack.com
2026-08-19T12:36:05.952Z CLI info [testhub:module]   [7bec7761-f229-406e-95c3-f7238a52a69b]  startBuild: response=kva4tovkkwfxfcs4q9gpmmngtjn09pjymlhld6gg
2026-08-19T12:36:05.955Z CLI info  [kva4tovkkwfxfcs4q9gpmmngtjn09pjymlhld6gg]  [7bec7761-f229-406e-95c3-f7238a52a69b]  [PRODUCTION] Making POST request to https://api.browserstack.com
2026-08-19T12:36:06.516Z CLI info  [kva4tovkkwfxfcs4q9gpmmngtjn09pjymlhld6gg]  [7bec7761-f229-406e-95c3-f7238a52a69b]  [PRODUCTION] Making GET request to https://api.browserstack.com
2026-08-19T12:36:06.948Z CLI error  [kva4tovkkwfxfcs4q9gpmmngtjn09pjymlhld6gg]  [7bec7761-f229-406e-95c3-f7238a52a69b]  error invoking callback for eventName onStart: invalid percyToken=null
2026-08-19T12:36:06.949Z CLI error  [kva4tovkkwfxfcs4q9gpmmngtjn09pjymlhld6gg]  [7bec7761-f229-406e-95c3-f7238a52a69b]  Error: invalid percyToken=null
    at C:\snapshot\browserstack-binary\cli\dist\index.js
    at process.processTicksAndRejections (node:internal/process/task_queues:95:5)
2026-08-19T12:36:06.949Z CLI info [appautomate:service]  [kva4tovkkwfxfcs4q9gpmmngtjn09pjymlhld6gg]  [7bec7761-f229-406e-95c3-f7238a52a69b]  Using app: NativeDemoApp
2026-08-19T12:36:10.098Z CLI info [sdk:service]  [kva4tovkkwfxfcs4q9gpmmngtjn09pjymlhld6gg]  [7bec7761-f229-406e-95c3-f7238a52a69b]  Driver initialized as primary driver: platformIndex=0
2026-08-19T12:36:27.251Z CLI info [testhub:request-queue-handler]  [kva4tovkkwfxfcs4q9gpmmngtjn09pjymlhld6gg]  [7bec7761-f229-406e-95c3-f7238a52a69b]  Added the event {
  event_type: 'CBTSessionCreated',
  test_run: {
    uuid: '0ab8504a-b661-4da3-8125-b2dd925dadc9',
    integrations: { browserstack: [Object] }
  }
} to 19940:0 (target=/api/v2/builds/kva4tovkkwfxfcs4q9gpmmngtjn09pjymlhld6gg/batch)
2026-08-19T12:36:27.260Z CLI info [testhub:request-queue-handler]  [kva4tovkkwfxfcs4q9gpmmngtjn09pjymlhld6gg]  [7bec7761-f229-406e-95c3-f7238a52a69b]  Added the event {
  event_type: 'TestRunStarted',
  test_run: {
    type: 'test',
    framework: 'WebdriverIO-mocha',
    uuid: '0ab8504a-b661-4da3-8125-b2dd925dadc9',
    name: 'should open the Forms screen and interact with a switch',
    body: {
      lang: 'ecmascript',
      code: 'function (...specFnArgs) {\n' +
        "        return testFnWrapper.call(this, 'Test', {\n" +
        '            specFn,\n' +
        '            specFnArgs: filterSpecArgs(specFnArgs)\n' +
        '        }, {\n' +
        '            beforeFn,\n' +
        '            beforeFnArgs\n' +
        '        }, {\n' +
        '            afterFn,\n' +
        '            afterFnArgs\n' +
        '        }, cid, repeatTest);\n' +
        '    }'
    },
    identifier: 'should open the Forms screen and interact with a switch',
    scope: 'WebdriverIO Native Demo App - should open the Forms screen and interact with a switch',
    scopes: [ 'WebdriverIO Native Demo App' ],
    file_name: 'test\\specs\\app.e2e.js',
    vc_filepath: 'test\\specs\\app.e2e.js',
    location: 'test\\specs\\app.e2e.js',
    result: 'pending',
    duration_in_ms: null,
    started_at: '2026-08-19T12:36:26.240Z',
    failure: undefined,
    failure_type: undefined,
    failure_reason: undefined,
    retry_of: null,
    custom_metadata: undefined,
    tags: [],
    customRerunParam: { rerun_name: undefined },
    hooks: [],
    product_map: {
      observability: true,
      accessibility: false,
      percy: false,
      automate: false,
      app_automate: true
    }
  },
  logs: []
} to 19940:0 (target=/api/v2/builds/kva4tovkkwfxfcs4q9gpmmngtjn09pjymlhld6gg/batch)
2026-08-19T12:36:28.057Z CLI info [testhub:request-queue-handler]  [kva4tovkkwfxfcs4q9gpmmngtjn09pjymlhld6gg]  [7bec7761-f229-406e-95c3-f7238a52a69b]  Processing batch event [
  {
    event_type: 'CBTSessionCreated',
    test_run: {
      uuid: '0ab8504a-b661-4da3-8125-b2dd925dadc9',
      integrations: {
        browserstack: {
          product: 'app-automate',
          session_id: 'a55a04dd6a00d1e2816e5990738936b97b9e7784',
          capabilities: {
            platform: 'LINUX',
            webStorageEnabled: false,
            takesScreenshot: true,
            javascriptEnabled: true,
            databaseEnabled: false,
            networkConnectionEnabled: true,
            locationContextEnabled: false,
            warnings: {},
            desired: {
              platformName: 'Android',
              'bstack:options': { hostName: 'DESKTOP-44JTQN2', buildIdentifier: '#2' },
              'goog:chromeOptions': {},
              newCommandTimeout: 0,
              deviceName: 'Google Pixel 7',
              chromedriverPorts: [ [ 18177, 18187 ] ],
              chromedriverArgs: [ '--adb-port=5038' ],
              automationName: 'UiAutomator2',
              systemPort: 8207,
              bundleID: 'com.wdiodemoapp',
              bundleId: 'com.wdiodemoapp',
              skipServerInstallation: true,
              udid: '28111FDH200527',
              appPackage: 'com.wdiodemoapp',
              appActivity: 'com.wdiodemoapp.SplashActivity',
              nativeWebScreenshot: true,
              disableSuppressAccessibilityService: true
            },
            platformName: 'Android',
            'bstack:options': { hostName: 'DESKTOP-44JTQN2', buildIdentifier: '#2' },
            'goog:chromeOptions': {},
            newCommandTimeout: 0,
            deviceName: '28111FDH200527',
            chromedriverPorts: [ [ 18177, 18187 ] ],
            chromedriverArgs: [ '--adb-port=5038' ],
            automationName: 'UiAutomator2',
            systemPort: 8207,
            bundleID: 'com.wdiodemoapp',
            bundleId: 'com.wdiodemoapp',
            skipServerInstallation: true,
            udid: '28111FDH200527',
            appPackage: 'com.wdiodemoapp',
            appActivity: 'com.wdiodemoapp.SplashActivity',
            nativeWebScreenshot: true,
            disableSuppressAccessibilityService: true,
            deviceUDID: '28111FDH200527',
            deviceApiLevel: 33,
            platformVersion: '13',
            deviceScreenSize: '1080x2400',
            deviceScreenDensity: 420,
            deviceModel: 'Pixel 7',
            deviceManufacturer: 'Google',
            pixelRatio: 2.625,
            statBarHeight: 118,
            viewportRect: { left: 0, top: 118, width: 1080, height: 2101 }
          },
          platform: 'Android',
          platform_version: '13',
          browser: undefined,
          browser_version: undefined
        }
      }
    }
  },
  {
    event_type: 'TestRunStarted',
    test_run: {
      type: 'test',
      framework: 'WebdriverIO-mocha',
      uuid: '0ab8504a-b661-4da3-8125-b2dd925dadc9',
      name: 'should open the Forms screen and interact with a switch',
      body: {
        lang: 'ecmascript',
        code: 'function (...specFnArgs) {\n' +
          "        return testFnWrapper.call(this, 'Test', {\n" +
          '            specFn,\n' +
          '            specFnArgs: filterSpecArgs(specFnArgs)\n' +
          '        }, {\n' +
          '            beforeFn,\n' +
          '            beforeFnArgs\n' +
          '        }, {\n' +
          '            afterFn,\n' +
          '            afterFnArgs\n' +
          '        }, cid, repeatTest);\n' +
          '    }'
      },
      identifier: 'should open the Forms screen and interact with a switch',
      scope: 'WebdriverIO Native Demo App - should open the Forms screen and interact with a switch',
      scopes: [ 'WebdriverIO Native Demo App' ],
      file_name: 'test\\specs\\app.e2e.js',
      vc_filepath: 'test\\specs\\app.e2e.js',
      location: 'test\\specs\\app.e2e.js',
      result: 'pending',
      duration_in_ms: null,
      started_at: '2026-08-19T12:36:26.240Z',
      failure: undefined,
      failure_type: undefined,
      failure_reason: undefined,
      retry_of: null,
      custom_metadata: undefined,
      tags: [],
      customRerunParam: { rerun_name: undefined },
      hooks: [],
      product_map: {
        observability: true,
        accessibility: false,
        percy: false,
        automate: false,
        app_automate: true
      }
    },
    logs: []
  }
] to 19940:0
2026-08-19T12:36:28.061Z CLI info  [kva4tovkkwfxfcs4q9gpmmngtjn09pjymlhld6gg]  [7bec7761-f229-406e-95c3-f7238a52a69b]  [PRODUCTION] Making POST request to https://collector-observability.browserstack.com
2026-08-19T12:36:30.676Z CLI warn [TEST REPORTING AND ANALYTICS:webdriverio:mocha]  [kva4tovkkwfxfcs4q9gpmmngtjn09pjymlhld6gg]  [7bec7761-f229-406e-95c3-f7238a52a69b]  TestRunFinished: event={"test_framework_name":"WebdriverIO-mocha","test_framework_version":"9.34.1","test_logs":[],"test_hooks_finished":{},"test_hooks_started":{},"test_uuid":"0ab8504a-b661-4da3-8125-b2dd925dadc9","test_result":"passed","test_id":"WebdriverIO Native Demo App - should open the Forms screen and interact with a switch","test_name":"should open the Forms screen and interact with a switch","test_code":"function (...specFnArgs) {\n        return testFnWrapper.call(this, 'Test', {\n            specFn,\n            specFnArgs: filterSpecArgs(specFnArgs)\n        }, {\n            beforeFn,\n            beforeFnArgs\n        }, {\n            afterFn,\n            afterFnArgs\n        }, cid, repeatTest);\n    }","test_file_path":"C:\\Users\\Admin\\Desktop\\browserstack_test\\test\\specs\\app.e2e.js","test_location":"test\\specs\\app.e2e.js","test_scope":"WebdriverIO Native Demo App - should open the Forms screen and interact with a switch","test_scopes":["WebdriverIO Native Demo App"],"test_started_at":"2026-08-19T12:36:26.240Z","automate_session_name":"WebdriverIO Native Demo App - should open the Forms screen and interact with a switch","test_failure":null,"test_failure_reason":null,"test_failure_type":null,"test_ended_at":"2026-08-19T12:36:30.666Z","automate_session_status":"passed","test_deferred":true,"logs":[]}
2026-08-19T12:36:30.677Z CLI info [testhub:request-queue-handler]  [kva4tovkkwfxfcs4q9gpmmngtjn09pjymlhld6gg]  [7bec7761-f229-406e-95c3-f7238a52a69b]  Added the event {
  event_type: 'TestRunFinished',
  test_run: {
    type: 'test',
    framework: 'WebdriverIO-mocha',
    uuid: '0ab8504a-b661-4da3-8125-b2dd925dadc9',
    name: 'should open the Forms screen and interact with a switch',
    body: {
      lang: 'ecmascript',
      code: 'function (...specFnArgs) {\n' +
        "        return testFnWrapper.call(this, 'Test', {\n" +
        '            specFn,\n' +
        '            specFnArgs: filterSpecArgs(specFnArgs)\n' +
        '        }, {\n' +
        '            beforeFn,\n' +
        '            beforeFnArgs\n' +
        '        }, {\n' +
        '            afterFn,\n' +
        '            afterFnArgs\n' +
        '        }, cid, repeatTest);\n' +
        '    }'
    },
    identifier: 'should open the Forms screen and interact with a switch',
    scope: 'WebdriverIO Native Demo App - should open the Forms screen and interact with a switch',
    scopes: [ 'WebdriverIO Native Demo App' ],
    file_name: 'test\\specs\\app.e2e.js',
    vc_filepath: 'test\\specs\\app.e2e.js',
    location: 'test\\specs\\app.e2e.js',
    result: 'passed',
    duration_in_ms: 4426,
    started_at: '2026-08-19T12:36:26.240Z',
    finished_at: '2026-08-19T12:36:30.666Z',
    failure: null,
    failure_type: null,
    failure_reason: null,
    retry_of: null,
    custom_metadata: undefined,
    tags: [],
    customRerunParam: { rerun_name: undefined },
    hooks: [],
    product_map: {
      observability: true,
      accessibility: false,
      percy: false,
      automate: false,
      app_automate: true
    }
  },
  logs: []
} to 19940:0 (target=/api/v2/builds/kva4tovkkwfxfcs4q9gpmmngtjn09pjymlhld6gg/batch)
2026-08-19T12:36:30.889Z CLI info [testhub:request-queue-handler]  [kva4tovkkwfxfcs4q9gpmmngtjn09pjymlhld6gg]  [7bec7761-f229-406e-95c3-f7238a52a69b]  Added the event {
  event_type: 'CBTSessionCreated',
  test_run: {
    uuid: '74d06fc1-728f-4d72-9e94-2a1cf4bb907e',
    integrations: { browserstack: [Object] }
  }
} to 19940:0 (target=/api/v2/builds/kva4tovkkwfxfcs4q9gpmmngtjn09pjymlhld6gg/batch)
2026-08-19T12:36:30.890Z CLI info [testhub:request-queue-handler]  [kva4tovkkwfxfcs4q9gpmmngtjn09pjymlhld6gg]  [7bec7761-f229-406e-95c3-f7238a52a69b]  Added the event {
  event_type: 'TestRunStarted',
  test_run: {
    type: 'test',
    framework: 'WebdriverIO-mocha',
    uuid: '74d06fc1-728f-4d72-9e94-2a1cf4bb907e',
    name: 'should select a different option from the dropdown',
    body: {
      lang: 'ecmascript',
      code: 'function (...specFnArgs) {\n' +
        "        return testFnWrapper.call(this, 'Test', {\n" +
        '            specFn,\n' +
        '            specFnArgs: filterSpecArgs(specFnArgs)\n' +
        '        }, {\n' +
        '            beforeFn,\n' +
        '            beforeFnArgs\n' +
        '        }, {\n' +
        '            afterFn,\n' +
        '            afterFnArgs\n' +
        '        }, cid, repeatTest);\n' +
        '    }'
    },
    identifier: 'should select a different option from the dropdown',
    scope: 'WebdriverIO Native Demo App - should select a different option from the dropdown',
    scopes: [ 'WebdriverIO Native Demo App' ],
    file_name: 'test\\specs\\app.e2e.js',
    vc_filepath: 'test\\specs\\app.e2e.js',
    location: 'test\\specs\\app.e2e.js',
    result: 'pending',
    duration_in_ms: null,
    started_at: '2026-08-19T12:36:30.673Z',
    failure: undefined,
    failure_type: undefined,
    failure_reason: undefined,
    retry_of: null,
    custom_metadata: undefined,
    tags: [],
    customRerunParam: { rerun_name: undefined },
    hooks: [],
    product_map: {
      observability: true,
      accessibility: false,
      percy: false,
      automate: false,
      app_automate: true
    }
  },
  logs: []
} to 19940:0 (target=/api/v2/builds/kva4tovkkwfxfcs4q9gpmmngtjn09pjymlhld6gg/batch)
2026-08-19T12:36:32.078Z CLI info [testhub:request-queue-handler]  [kva4tovkkwfxfcs4q9gpmmngtjn09pjymlhld6gg]  [7bec7761-f229-406e-95c3-f7238a52a69b]  Processing batch event [
  {
    event_type: 'TestRunFinished',
    test_run: {
      type: 'test',
      framework: 'WebdriverIO-mocha',
      uuid: '0ab8504a-b661-4da3-8125-b2dd925dadc9',
      name: 'should open the Forms screen and interact with a switch',
      body: {
        lang: 'ecmascript',
        code: 'function (...specFnArgs) {\n' +
          "        return testFnWrapper.call(this, 'Test', {\n" +
          '            specFn,\n' +
          '            specFnArgs: filterSpecArgs(specFnArgs)\n' +
          '        }, {\n' +
          '            beforeFn,\n' +
          '            beforeFnArgs\n' +
          '        }, {\n' +
          '            afterFn,\n' +
          '            afterFnArgs\n' +
          '        }, cid, repeatTest);\n' +
          '    }'
      },
      identifier: 'should open the Forms screen and interact with a switch',
      scope: 'WebdriverIO Native Demo App - should open the Forms screen and interact with a switch',
      scopes: [ 'WebdriverIO Native Demo App' ],
      file_name: 'test\\specs\\app.e2e.js',
      vc_filepath: 'test\\specs\\app.e2e.js',
      location: 'test\\specs\\app.e2e.js',
      result: 'passed',
      duration_in_ms: 4426,
      started_at: '2026-08-19T12:36:26.240Z',
      finished_at: '2026-08-19T12:36:30.666Z',
      failure: null,
      failure_type: null,
      failure_reason: null,
      retry_of: null,
      custom_metadata: undefined,
      tags: [],
      customRerunParam: { rerun_name: undefined },
      hooks: [],
      product_map: {
        observability: true,
        accessibility: false,
        percy: false,
        automate: false,
        app_automate: true
      }
    },
    logs: []
  },
  {
    event_type: 'CBTSessionCreated',
    test_run: {
      uuid: '74d06fc1-728f-4d72-9e94-2a1cf4bb907e',
      integrations: {
        browserstack: {
          product: 'app-automate',
          session_id: 'a55a04dd6a00d1e2816e5990738936b97b9e7784',
          capabilities: {
            platform: 'LINUX',
            webStorageEnabled: false,
            takesScreenshot: true,
            javascriptEnabled: true,
            databaseEnabled: false,
            networkConnectionEnabled: true,
            locationContextEnabled: false,
            warnings: {},
            desired: {
              platformName: 'Android',
              'bstack:options': { hostName: 'DESKTOP-44JTQN2', buildIdentifier: '#2' },
              'goog:chromeOptions': {},
              newCommandTimeout: 0,
              deviceName: 'Google Pixel 7',
              chromedriverPorts: [ [ 18177, 18187 ] ],
              chromedriverArgs: [ '--adb-port=5038' ],
              automationName: 'UiAutomator2',
              systemPort: 8207,
              bundleID: 'com.wdiodemoapp',
              bundleId: 'com.wdiodemoapp',
              skipServerInstallation: true,
              udid: '28111FDH200527',
              appPackage: 'com.wdiodemoapp',
              appActivity: 'com.wdiodemoapp.SplashActivity',
              nativeWebScreenshot: true,
              disableSuppressAccessibilityService: true
            },
            platformName: 'Android',
            'bstack:options': { hostName: 'DESKTOP-44JTQN2', buildIdentifier: '#2' },
            'goog:chromeOptions': {},
            newCommandTimeout: 0,
            deviceName: '28111FDH200527',
            chromedriverPorts: [ [ 18177, 18187 ] ],
            chromedriverArgs: [ '--adb-port=5038' ],
            automationName: 'UiAutomator2',
            systemPort: 8207,
            bundleID: 'com.wdiodemoapp',
            bundleId: 'com.wdiodemoapp',
            skipServerInstallation: true,
            udid: '28111FDH200527',
            appPackage: 'com.wdiodemoapp',
            appActivity: 'com.wdiodemoapp.SplashActivity',
            nativeWebScreenshot: true,
            disableSuppressAccessibilityService: true,
            deviceUDID: '28111FDH200527',
            deviceApiLevel: 33,
            platformVersion: '13',
            deviceScreenSize: '1080x2400',
            deviceScreenDensity: 420,
            deviceModel: 'Pixel 7',
            deviceManufacturer: 'Google',
            pixelRatio: 2.625,
            statBarHeight: 118,
            viewportRect: { left: 0, top: 118, width: 1080, height: 2101 }
          },
          platform: 'Android',
          platform_version: '13',
          browser: undefined,
          browser_version: undefined
        }
      }
    }
  },
  {
    event_type: 'TestRunStarted',
    test_run: {
      type: 'test',
      framework: 'WebdriverIO-mocha',
      uuid: '74d06fc1-728f-4d72-9e94-2a1cf4bb907e',
      name: 'should select a different option from the dropdown',
      body: {
        lang: 'ecmascript',
        code: 'function (...specFnArgs) {\n' +
          "        return testFnWrapper.call(this, 'Test', {\n" +
          '            specFn,\n' +
          '            specFnArgs: filterSpecArgs(specFnArgs)\n' +
          '        }, {\n' +
          '            beforeFn,\n' +
          '            beforeFnArgs\n' +
          '        }, {\n' +
          '            afterFn,\n' +
          '            afterFnArgs\n' +
          '        }, cid, repeatTest);\n' +
          '    }'
      },
      identifier: 'should select a different option from the dropdown',
      scope: 'WebdriverIO Native Demo App - should select a different option from the dropdown',
      scopes: [ 'WebdriverIO Native Demo App' ],
      file_name: 'test\\specs\\app.e2e.js',
      vc_filepath: 'test\\specs\\app.e2e.js',
      location: 'test\\specs\\app.e2e.js',
      result: 'pending',
      duration_in_ms: null,
      started_at: '2026-08-19T12:36:30.673Z',
      failure: undefined,
      failure_type: undefined,
      failure_reason: undefined,
      retry_of: null,
      custom_metadata: undefined,
      tags: [],
      customRerunParam: { rerun_name: undefined },
      hooks: [],
      product_map: {
        observability: true,
        accessibility: false,
        percy: false,
        automate: false,
        app_automate: true
      }
    },
    logs: []
  }
] to 19940:0
2026-08-19T12:36:32.079Z CLI info  [kva4tovkkwfxfcs4q9gpmmngtjn09pjymlhld6gg]  [7bec7761-f229-406e-95c3-f7238a52a69b]  [PRODUCTION] Making POST request to https://collector-observability.browserstack.com
2026-08-19T12:36:34.115Z CLI warn [TEST REPORTING AND ANALYTICS:webdriverio:mocha]  [kva4tovkkwfxfcs4q9gpmmngtjn09pjymlhld6gg]  [7bec7761-f229-406e-95c3-f7238a52a69b]  TestRunFinished: event={"test_framework_name":"WebdriverIO-mocha","test_framework_version":"9.34.1","test_logs":[],"test_hooks_finished":{},"test_hooks_started":{},"test_uuid":"74d06fc1-728f-4d72-9e94-2a1cf4bb907e","test_result":"passed","test_id":"WebdriverIO Native Demo App - should select a different option from the dropdown","test_name":"should select a different option from the dropdown","test_code":"function (...specFnArgs) {\n        return testFnWrapper.call(this, 'Test', {\n            specFn,\n            specFnArgs: filterSpecArgs(specFnArgs)\n        }, {\n            beforeFn,\n            beforeFnArgs\n        }, {\n            afterFn,\n            afterFnArgs\n        }, cid, repeatTest);\n    }","test_file_path":"C:\\Users\\Admin\\Desktop\\browserstack_test\\test\\specs\\app.e2e.js","test_location":"test\\specs\\app.e2e.js","test_scope":"WebdriverIO Native Demo App - should select a different option from the dropdown","test_scopes":["WebdriverIO Native Demo App"],"test_started_at":"2026-08-19T12:36:30.673Z","automate_session_name":"WebdriverIO Native Demo App - should select a different option from the dropdown","test_failure":null,"test_failure_reason":null,"test_failure_type":null,"test_ended_at":"2026-08-19T12:36:34.109Z","automate_session_status":"passed","test_deferred":true,"logs":[]}
2026-08-19T12:36:34.115Z CLI info [testhub:request-queue-handler]  [kva4tovkkwfxfcs4q9gpmmngtjn09pjymlhld6gg]  [7bec7761-f229-406e-95c3-f7238a52a69b]  Added the event {
  event_type: 'TestRunFinished',
  test_run: {
    type: 'test',
    framework: 'WebdriverIO-mocha',
    uuid: '74d06fc1-728f-4d72-9e94-2a1cf4bb907e',
    name: 'should select a different option from the dropdown',
    body: {
      lang: 'ecmascript',
      code: 'function (...specFnArgs) {\n' +
        "        return testFnWrapper.call(this, 'Test', {\n" +
        '            specFn,\n' +
        '            specFnArgs: filterSpecArgs(specFnArgs)\n' +
        '        }, {\n' +
        '            beforeFn,\n' +
        '            beforeFnArgs\n' +
        '        }, {\n' +
        '            afterFn,\n' +
        '            afterFnArgs\n' +
        '        }, cid, repeatTest);\n' +
        '    }'
    },
    identifier: 'should select a different option from the dropdown',
    scope: 'WebdriverIO Native Demo App - should select a different option from the dropdown',
    scopes: [ 'WebdriverIO Native Demo App' ],
    file_name: 'test\\specs\\app.e2e.js',
    vc_filepath: 'test\\specs\\app.e2e.js',
    location: 'test\\specs\\app.e2e.js',
    result: 'passed',
    duration_in_ms: 3436,
    started_at: '2026-08-19T12:36:30.673Z',
    finished_at: '2026-08-19T12:36:34.109Z',
    failure: null,
    failure_type: null,
    failure_reason: null,
    retry_of: null,
    custom_metadata: undefined,
    tags: [],
    customRerunParam: { rerun_name: undefined },
    hooks: [],
    product_map: {
      observability: true,
      accessibility: false,
      percy: false,
      automate: false,
      app_automate: true
    }
  },
  logs: []
} to 19940:0 (target=/api/v2/builds/kva4tovkkwfxfcs4q9gpmmngtjn09pjymlhld6gg/batch)
2026-08-19T12:36:34.464Z CLI info [testhub:request-queue-handler]  [kva4tovkkwfxfcs4q9gpmmngtjn09pjymlhld6gg]  [7bec7761-f229-406e-95c3-f7238a52a69b]  Added the event {
  event_type: 'CBTSessionCreated',
  test_run: {
    uuid: 'd1642b84-19a3-49cc-a935-e55a34b8903b',
    integrations: { browserstack: [Object] }
  }
} to 19940:0 (target=/api/v2/builds/kva4tovkkwfxfcs4q9gpmmngtjn09pjymlhld6gg/batch)
2026-08-19T12:36:34.466Z CLI info [testhub:request-queue-handler]  [kva4tovkkwfxfcs4q9gpmmngtjn09pjymlhld6gg]  [7bec7761-f229-406e-95c3-f7238a52a69b]  Added the event {
  event_type: 'TestRunStarted',
  test_run: {
    type: 'test',
    framework: 'WebdriverIO-mocha',
    uuid: 'd1642b84-19a3-49cc-a935-e55a34b8903b',
    name: 'should swipe through cards and display different card content',
    body: {
      lang: 'ecmascript',
      code: 'function (...specFnArgs) {\n' +
        "        return testFnWrapper.call(this, 'Test', {\n" +
        '            specFn,\n' +
        '            specFnArgs: filterSpecArgs(specFnArgs)\n' +
        '        }, {\n' +
        '            beforeFn,\n' +
        '            beforeFnArgs\n' +
        '        }, {\n' +
        '            afterFn,\n' +
        '            afterFnArgs\n' +
        '        }, cid, repeatTest);\n' +
        '    }'
    },
    identifier: 'should swipe through cards and display different card content',
    scope: 'WebdriverIO Native Demo App - should swipe through cards and display different card content',
    scopes: [ 'WebdriverIO Native Demo App' ],
    file_name: 'test\\specs\\app.e2e.js',
    vc_filepath: 'test\\specs\\app.e2e.js',
    location: 'test\\specs\\app.e2e.js',
    result: 'pending',
    duration_in_ms: null,
    started_at: '2026-08-19T12:36:34.112Z',
    failure: undefined,
    failure_type: undefined,
    failure_reason: undefined,
    retry_of: null,
    custom_metadata: undefined,
    tags: [],
    customRerunParam: { rerun_name: undefined },
    hooks: [],
    product_map: {
      observability: true,
      accessibility: false,
      percy: false,
      automate: false,
      app_automate: true
    }
  },
  logs: []
} to 19940:0 (target=/api/v2/builds/kva4tovkkwfxfcs4q9gpmmngtjn09pjymlhld6gg/batch)
2026-08-19T12:36:36.079Z CLI info [testhub:request-queue-handler]  [kva4tovkkwfxfcs4q9gpmmngtjn09pjymlhld6gg]  [7bec7761-f229-406e-95c3-f7238a52a69b]  Processing batch event [
  {
    event_type: 'TestRunFinished',
    test_run: {
      type: 'test',
      framework: 'WebdriverIO-mocha',
      uuid: '74d06fc1-728f-4d72-9e94-2a1cf4bb907e',
      name: 'should select a different option from the dropdown',
      body: {
        lang: 'ecmascript',
        code: 'function (...specFnArgs) {\n' +
          "        return testFnWrapper.call(this, 'Test', {\n" +
          '            specFn,\n' +
          '            specFnArgs: filterSpecArgs(specFnArgs)\n' +
          '        }, {\n' +
          '            beforeFn,\n' +
          '            beforeFnArgs\n' +
          '        }, {\n' +
          '            afterFn,\n' +
          '            afterFnArgs\n' +
          '        }, cid, repeatTest);\n' +
          '    }'
      },
      identifier: 'should select a different option from the dropdown',
      scope: 'WebdriverIO Native Demo App - should select a different option from the dropdown',
      scopes: [ 'WebdriverIO Native Demo App' ],
      file_name: 'test\\specs\\app.e2e.js',
      vc_filepath: 'test\\specs\\app.e2e.js',
      location: 'test\\specs\\app.e2e.js',
      result: 'passed',
      duration_in_ms: 3436,
      started_at: '2026-08-19T12:36:30.673Z',
      finished_at: '2026-08-19T12:36:34.109Z',
      failure: null,
      failure_type: null,
      failure_reason: null,
      retry_of: null,
      custom_metadata: undefined,
      tags: [],
      customRerunParam: { rerun_name: undefined },
      hooks: [],
      product_map: {
        observability: true,
        accessibility: false,
        percy: false,
        automate: false,
        app_automate: true
      }
    },
    logs: []
  },
  {
    event_type: 'CBTSessionCreated',
    test_run: {
      uuid: 'd1642b84-19a3-49cc-a935-e55a34b8903b',
      integrations: {
        browserstack: {
          product: 'app-automate',
          session_id: 'a55a04dd6a00d1e2816e5990738936b97b9e7784',
          capabilities: {
            platform: 'LINUX',
            webStorageEnabled: false,
            takesScreenshot: true,
            javascriptEnabled: true,
            databaseEnabled: false,
            networkConnectionEnabled: true,
            locationContextEnabled: false,
            warnings: {},
            desired: {
              platformName: 'Android',
              'bstack:options': { hostName: 'DESKTOP-44JTQN2', buildIdentifier: '#2' },
              'goog:chromeOptions': {},
              newCommandTimeout: 0,
              deviceName: 'Google Pixel 7',
              chromedriverPorts: [ [ 18177, 18187 ] ],
              chromedriverArgs: [ '--adb-port=5038' ],
              automationName: 'UiAutomator2',
              systemPort: 8207,
              bundleID: 'com.wdiodemoapp',
              bundleId: 'com.wdiodemoapp',
              skipServerInstallation: true,
              udid: '28111FDH200527',
              appPackage: 'com.wdiodemoapp',
              appActivity: 'com.wdiodemoapp.SplashActivity',
              nativeWebScreenshot: true,
              disableSuppressAccessibilityService: true
            },
            platformName: 'Android',
            'bstack:options': { hostName: 'DESKTOP-44JTQN2', buildIdentifier: '#2' },
            'goog:chromeOptions': {},
            newCommandTimeout: 0,
            deviceName: '28111FDH200527',
            chromedriverPorts: [ [ 18177, 18187 ] ],
            chromedriverArgs: [ '--adb-port=5038' ],
            automationName: 'UiAutomator2',
            systemPort: 8207,
            bundleID: 'com.wdiodemoapp',
            bundleId: 'com.wdiodemoapp',
            skipServerInstallation: true,
            udid: '28111FDH200527',
            appPackage: 'com.wdiodemoapp',
            appActivity: 'com.wdiodemoapp.SplashActivity',
            nativeWebScreenshot: true,
            disableSuppressAccessibilityService: true,
            deviceUDID: '28111FDH200527',
            deviceApiLevel: 33,
            platformVersion: '13',
            deviceScreenSize: '1080x2400',
            deviceScreenDensity: 420,
            deviceModel: 'Pixel 7',
            deviceManufacturer: 'Google',
            pixelRatio: 2.625,
            statBarHeight: 118,
            viewportRect: { left: 0, top: 118, width: 1080, height: 2101 }
          },
          platform: 'Android',
          platform_version: '13',
          browser: undefined,
          browser_version: undefined
        }
      }
    }
  },
  {
    event_type: 'TestRunStarted',
    test_run: {
      type: 'test',
      framework: 'WebdriverIO-mocha',
      uuid: 'd1642b84-19a3-49cc-a935-e55a34b8903b',
      name: 'should swipe through cards and display different card content',
      body: {
        lang: 'ecmascript',
        code: 'function (...specFnArgs) {\n' +
          "        return testFnWrapper.call(this, 'Test', {\n" +
          '            specFn,\n' +
          '            specFnArgs: filterSpecArgs(specFnArgs)\n' +
          '        }, {\n' +
          '            beforeFn,\n' +
          '            beforeFnArgs\n' +
          '        }, {\n' +
          '            afterFn,\n' +
          '            afterFnArgs\n' +
          '        }, cid, repeatTest);\n' +
          '    }'
      },
      identifier: 'should swipe through cards and display different card content',
      scope: 'WebdriverIO Native Demo App - should swipe through cards and display different card content',
      scopes: [ 'WebdriverIO Native Demo App' ],
      file_name: 'test\\specs\\app.e2e.js',
      vc_filepath: 'test\\specs\\app.e2e.js',
      location: 'test\\specs\\app.e2e.js',
      result: 'pending',
      duration_in_ms: null,
      started_at: '2026-08-19T12:36:34.112Z',
      failure: undefined,
      failure_type: undefined,
      failure_reason: undefined,
      retry_of: null,
      custom_metadata: undefined,
      tags: [],
      customRerunParam: { rerun_name: undefined },
      hooks: [],
      product_map: {
        observability: true,
        accessibility: false,
        percy: false,
        automate: false,
        app_automate: true
      }
    },
    logs: []
  }
] to 19940:0
2026-08-19T12:36:36.080Z CLI info  [kva4tovkkwfxfcs4q9gpmmngtjn09pjymlhld6gg]  [7bec7761-f229-406e-95c3-f7238a52a69b]  [PRODUCTION] Making POST request to https://collector-observability.browserstack.com
2026-08-19T12:36:40.249Z CLI warn [TEST REPORTING AND ANALYTICS:webdriverio:mocha]  [kva4tovkkwfxfcs4q9gpmmngtjn09pjymlhld6gg]  [7bec7761-f229-406e-95c3-f7238a52a69b]  TestRunFinished: event={"test_framework_name":"WebdriverIO-mocha","test_framework_version":"9.34.1","test_logs":[],"test_hooks_finished":{},"test_hooks_started":{},"test_uuid":"d1642b84-19a3-49cc-a935-e55a34b8903b","test_result":"passed","test_id":"WebdriverIO Native Demo App - should swipe through cards and display different card content","test_name":"should swipe through cards and display different card content","test_code":"function (...specFnArgs) {\n        return testFnWrapper.call(this, 'Test', {\n            specFn,\n            specFnArgs: filterSpecArgs(specFnArgs)\n        }, {\n            beforeFn,\n            beforeFnArgs\n        }, {\n            afterFn,\n            afterFnArgs\n        }, cid, repeatTest);\n    }","test_file_path":"C:\\Users\\Admin\\Desktop\\browserstack_test\\test\\specs\\app.e2e.js","test_location":"test\\specs\\app.e2e.js","test_scope":"WebdriverIO Native Demo App - should swipe through cards and display different card content","test_scopes":["WebdriverIO Native Demo App"],"test_started_at":"2026-08-19T12:36:34.112Z","automate_session_name":"WebdriverIO Native Demo App - should swipe through cards and display different card content","test_failure":null,"test_failure_reason":null,"test_failure_type":null,"test_ended_at":"2026-08-19T12:36:40.241Z","automate_session_status":"passed","test_deferred":true,"logs":[]}
2026-08-19T12:36:40.250Z CLI info [testhub:request-queue-handler]  [kva4tovkkwfxfcs4q9gpmmngtjn09pjymlhld6gg]  [7bec7761-f229-406e-95c3-f7238a52a69b]  Added the event {
  event_type: 'TestRunFinished',
  test_run: {
    type: 'test',
    framework: 'WebdriverIO-mocha',
    uuid: 'd1642b84-19a3-49cc-a935-e55a34b8903b',
    name: 'should swipe through cards and display different card content',
    body: {
      lang: 'ecmascript',
      code: 'function (...specFnArgs) {\n' +
        "        return testFnWrapper.call(this, 'Test', {\n" +
        '            specFn,\n' +
        '            specFnArgs: filterSpecArgs(specFnArgs)\n' +
        '        }, {\n' +
        '            beforeFn,\n' +
        '            beforeFnArgs\n' +
        '        }, {\n' +
        '            afterFn,\n' +
        '            afterFnArgs\n' +
        '        }, cid, repeatTest);\n' +
        '    }'
    },
    identifier: 'should swipe through cards and display different card content',
    scope: 'WebdriverIO Native Demo App - should swipe through cards and display different card content',
    scopes: [ 'WebdriverIO Native Demo App' ],
    file_name: 'test\\specs\\app.e2e.js',
    vc_filepath: 'test\\specs\\app.e2e.js',
    location: 'test\\specs\\app.e2e.js',
    result: 'passed',
    duration_in_ms: 6129,
    started_at: '2026-08-19T12:36:34.112Z',
    finished_at: '2026-08-19T12:36:40.241Z',
    failure: null,
    failure_type: null,
    failure_reason: null,
    retry_of: null,
    custom_metadata: undefined,
    tags: [],
    customRerunParam: { rerun_name: undefined },
    hooks: [],
    product_map: {
      observability: true,
      accessibility: false,
      percy: false,
      automate: false,
      app_automate: true
    }
  },
  logs: []
} to 19940:0 (target=/api/v2/builds/kva4tovkkwfxfcs4q9gpmmngtjn09pjymlhld6gg/batch)
2026-08-19T12:36:41.207Z CLI info [testhub:request-queue-handler]  [kva4tovkkwfxfcs4q9gpmmngtjn09pjymlhld6gg]  [7bec7761-f229-406e-95c3-f7238a52a69b]  Added the event {
  event_type: 'CBTSessionCreated',
  test_run: {
    uuid: '3dc70f81-c657-4a12-bdb5-6dd305311b80',
    integrations: { browserstack: [Object] }
  }
} to 19940:0 (target=/api/v2/builds/kva4tovkkwfxfcs4q9gpmmngtjn09pjymlhld6gg/batch)
2026-08-19T12:36:41.208Z CLI info [testhub:request-queue-handler]  [kva4tovkkwfxfcs4q9gpmmngtjn09pjymlhld6gg]  [7bec7761-f229-406e-95c3-f7238a52a69b]  Added the event {
  event_type: 'TestRunStarted',
  test_run: {
    type: 'test',
    framework: 'WebdriverIO-mocha',
    uuid: '3dc70f81-c657-4a12-bdb5-6dd305311b80',
    name: 'should swipe down and display the WebdriverIO logo',
    body: {
      lang: 'ecmascript',
      code: 'function (...specFnArgs) {\n' +
        "        return testFnWrapper.call(this, 'Test', {\n" +
        '            specFn,\n' +
        '            specFnArgs: filterSpecArgs(specFnArgs)\n' +
        '        }, {\n' +
        '            beforeFn,\n' +
        '            beforeFnArgs\n' +
        '        }, {\n' +
        '            afterFn,\n' +
        '            afterFnArgs\n' +
        '        }, cid, repeatTest);\n' +
        '    }'
    },
    identifier: 'should swipe down and display the WebdriverIO logo',
    scope: 'WebdriverIO Native Demo App - should swipe down and display the WebdriverIO logo',
    scopes: [ 'WebdriverIO Native Demo App' ],
    file_name: 'test\\specs\\app.e2e.js',
    vc_filepath: 'test\\specs\\app.e2e.js',
    location: 'test\\specs\\app.e2e.js',
    result: 'pending',
    duration_in_ms: null,
    started_at: '2026-08-19T12:36:40.245Z',
    failure: undefined,
    failure_type: undefined,
    failure_reason: undefined,
    retry_of: null,
    custom_metadata: undefined,
    tags: [],
    customRerunParam: { rerun_name: undefined },
    hooks: [],
    product_map: {
      observability: true,
      accessibility: false,
      percy: false,
      automate: false,
      app_automate: true
    }
  },
  logs: []
} to 19940:0 (target=/api/v2/builds/kva4tovkkwfxfcs4q9gpmmngtjn09pjymlhld6gg/batch)
2026-08-19T12:36:42.092Z CLI info [testhub:request-queue-handler]  [kva4tovkkwfxfcs4q9gpmmngtjn09pjymlhld6gg]  [7bec7761-f229-406e-95c3-f7238a52a69b]  Processing batch event [
  {
    event_type: 'TestRunFinished',
    test_run: {
      type: 'test',
      framework: 'WebdriverIO-mocha',
      uuid: 'd1642b84-19a3-49cc-a935-e55a34b8903b',
      name: 'should swipe through cards and display different card content',
      body: {
        lang: 'ecmascript',
        code: 'function (...specFnArgs) {\n' +
          "        return testFnWrapper.call(this, 'Test', {\n" +
          '            specFn,\n' +
          '            specFnArgs: filterSpecArgs(specFnArgs)\n' +
          '        }, {\n' +
          '            beforeFn,\n' +
          '            beforeFnArgs\n' +
          '        }, {\n' +
          '            afterFn,\n' +
          '            afterFnArgs\n' +
          '        }, cid, repeatTest);\n' +
          '    }'
      },
      identifier: 'should swipe through cards and display different card content',
      scope: 'WebdriverIO Native Demo App - should swipe through cards and display different card content',
      scopes: [ 'WebdriverIO Native Demo App' ],
      file_name: 'test\\specs\\app.e2e.js',
      vc_filepath: 'test\\specs\\app.e2e.js',
      location: 'test\\specs\\app.e2e.js',
      result: 'passed',
      duration_in_ms: 6129,
      started_at: '2026-08-19T12:36:34.112Z',
      finished_at: '2026-08-19T12:36:40.241Z',
      failure: null,
      failure_type: null,
      failure_reason: null,
      retry_of: null,
      custom_metadata: undefined,
      tags: [],
      customRerunParam: { rerun_name: undefined },
      hooks: [],
      product_map: {
        observability: true,
        accessibility: false,
        percy: false,
        automate: false,
        app_automate: true
      }
    },
    logs: []
  },
  {
    event_type: 'CBTSessionCreated',
    test_run: {
      uuid: '3dc70f81-c657-4a12-bdb5-6dd305311b80',
      integrations: {
        browserstack: {
          product: 'app-automate',
          session_id: 'a55a04dd6a00d1e2816e5990738936b97b9e7784',
          capabilities: {
            platform: 'LINUX',
            webStorageEnabled: false,
            takesScreenshot: true,
            javascriptEnabled: true,
            databaseEnabled: false,
            networkConnectionEnabled: true,
            locationContextEnabled: false,
            warnings: {},
            desired: {
              platformName: 'Android',
              'bstack:options': { hostName: 'DESKTOP-44JTQN2', buildIdentifier: '#2' },
              'goog:chromeOptions': {},
              newCommandTimeout: 0,
              deviceName: 'Google Pixel 7',
              chromedriverPorts: [ [ 18177, 18187 ] ],
              chromedriverArgs: [ '--adb-port=5038' ],
              automationName: 'UiAutomator2',
              systemPort: 8207,
              bundleID: 'com.wdiodemoapp',
              bundleId: 'com.wdiodemoapp',
              skipServerInstallation: true,
              udid: '28111FDH200527',
              appPackage: 'com.wdiodemoapp',
              appActivity: 'com.wdiodemoapp.SplashActivity',
              nativeWebScreenshot: true,
              disableSuppressAccessibilityService: true
            },
            platformName: 'Android',
            'bstack:options': { hostName: 'DESKTOP-44JTQN2', buildIdentifier: '#2' },
            'goog:chromeOptions': {},
            newCommandTimeout: 0,
            deviceName: '28111FDH200527',
            chromedriverPorts: [ [ 18177, 18187 ] ],
            chromedriverArgs: [ '--adb-port=5038' ],
            automationName: 'UiAutomator2',
            systemPort: 8207,
            bundleID: 'com.wdiodemoapp',
            bundleId: 'com.wdiodemoapp',
            skipServerInstallation: true,
            udid: '28111FDH200527',
            appPackage: 'com.wdiodemoapp',
            appActivity: 'com.wdiodemoapp.SplashActivity',
            nativeWebScreenshot: true,
            disableSuppressAccessibilityService: true,
            deviceUDID: '28111FDH200527',
            deviceApiLevel: 33,
            platformVersion: '13',
            deviceScreenSize: '1080x2400',
            deviceScreenDensity: 420,
            deviceModel: 'Pixel 7',
            deviceManufacturer: 'Google',
            pixelRatio: 2.625,
            statBarHeight: 118,
            viewportRect: { left: 0, top: 118, width: 1080, height: 2101 }
          },
          platform: 'Android',
          platform_version: '13',
          browser: undefined,
          browser_version: undefined
        }
      }
    }
  },
  {
    event_type: 'TestRunStarted',
    test_run: {
      type: 'test',
      framework: 'WebdriverIO-mocha',
      uuid: '3dc70f81-c657-4a12-bdb5-6dd305311b80',
      name: 'should swipe down and display the WebdriverIO logo',
      body: {
        lang: 'ecmascript',
        code: 'function (...specFnArgs) {\n' +
          "        return testFnWrapper.call(this, 'Test', {\n" +
          '            specFn,\n' +
          '            specFnArgs: filterSpecArgs(specFnArgs)\n' +
          '        }, {\n' +
          '            beforeFn,\n' +
          '            beforeFnArgs\n' +
          '        }, {\n' +
          '            afterFn,\n' +
          '            afterFnArgs\n' +
          '        }, cid, repeatTest);\n' +
          '    }'
      },
      identifier: 'should swipe down and display the WebdriverIO logo',
      scope: 'WebdriverIO Native Demo App - should swipe down and display the WebdriverIO logo',
      scopes: [ 'WebdriverIO Native Demo App' ],
      file_name: 'test\\specs\\app.e2e.js',
      vc_filepath: 'test\\specs\\app.e2e.js',
      location: 'test\\specs\\app.e2e.js',
      result: 'pending',
      duration_in_ms: null,
      started_at: '2026-08-19T12:36:40.245Z',
      failure: undefined,
      failure_type: undefined,
      failure_reason: undefined,
      retry_of: null,
      custom_metadata: undefined,
      tags: [],
      customRerunParam: { rerun_name: undefined },
      hooks: [],
      product_map: {
        observability: true,
        accessibility: false,
        percy: false,
        automate: false,
        app_automate: true
      }
    },
    logs: []
  }
] to 19940:0
2026-08-19T12:36:42.093Z CLI info  [kva4tovkkwfxfcs4q9gpmmngtjn09pjymlhld6gg]  [7bec7761-f229-406e-95c3-f7238a52a69b]  [PRODUCTION] Making POST request to https://collector-observability.browserstack.com
2026-08-19T12:36:44.254Z CLI warn [TEST REPORTING AND ANALYTICS:webdriverio:mocha]  [kva4tovkkwfxfcs4q9gpmmngtjn09pjymlhld6gg]  [7bec7761-f229-406e-95c3-f7238a52a69b]  TestRunFinished: event={"test_framework_name":"WebdriverIO-mocha","test_framework_version":"9.34.1","test_logs":[],"test_hooks_finished":{},"test_hooks_started":{},"test_uuid":"3dc70f81-c657-4a12-bdb5-6dd305311b80","test_result":"passed","test_id":"WebdriverIO Native Demo App - should swipe down and display the WebdriverIO logo","test_name":"should swipe down and display the WebdriverIO logo","test_code":"function (...specFnArgs) {\n        return testFnWrapper.call(this, 'Test', {\n            specFn,\n            specFnArgs: filterSpecArgs(specFnArgs)\n        }, {\n            beforeFn,\n            beforeFnArgs\n        }, {\n            afterFn,\n            afterFnArgs\n        }, cid, repeatTest);\n    }","test_file_path":"C:\\Users\\Admin\\Desktop\\browserstack_test\\test\\specs\\app.e2e.js","test_location":"test\\specs\\app.e2e.js","test_scope":"WebdriverIO Native Demo App - should swipe down and display the WebdriverIO logo","test_scopes":["WebdriverIO Native Demo App"],"test_started_at":"2026-08-19T12:36:40.245Z","automate_session_name":"WebdriverIO Native Demo App - should swipe down and display the WebdriverIO logo","test_failure":null,"test_failure_reason":null,"test_failure_type":null,"test_ended_at":"2026-08-19T12:36:44.245Z","automate_session_status":"passed","test_deferred":true,"logs":[]}
2026-08-19T12:36:44.256Z CLI info [testhub:request-queue-handler]  [kva4tovkkwfxfcs4q9gpmmngtjn09pjymlhld6gg]  [7bec7761-f229-406e-95c3-f7238a52a69b]  Added the event {
  event_type: 'TestRunFinished',
  test_run: {
    type: 'test',
    framework: 'WebdriverIO-mocha',
    uuid: '3dc70f81-c657-4a12-bdb5-6dd305311b80',
    name: 'should swipe down and display the WebdriverIO logo',
    body: {
      lang: 'ecmascript',
      code: 'function (...specFnArgs) {\n' +
        "        return testFnWrapper.call(this, 'Test', {\n" +
        '            specFn,\n' +
        '            specFnArgs: filterSpecArgs(specFnArgs)\n' +
        '        }, {\n' +
        '            beforeFn,\n' +
        '            beforeFnArgs\n' +
        '        }, {\n' +
        '            afterFn,\n' +
        '            afterFnArgs\n' +
        '        }, cid, repeatTest);\n' +
        '    }'
    },
    identifier: 'should swipe down and display the WebdriverIO logo',
    scope: 'WebdriverIO Native Demo App - should swipe down and display the WebdriverIO logo',
    scopes: [ 'WebdriverIO Native Demo App' ],
    file_name: 'test\\specs\\app.e2e.js',
    vc_filepath: 'test\\specs\\app.e2e.js',
    location: 'test\\specs\\app.e2e.js',
    result: 'passed',
    duration_in_ms: 4000,
    started_at: '2026-08-19T12:36:40.245Z',
    finished_at: '2026-08-19T12:36:44.245Z',
    failure: null,
    failure_type: null,
    failure_reason: null,
    retry_of: null,
    custom_metadata: undefined,
    tags: [],
    customRerunParam: { rerun_name: undefined },
    hooks: [],
    product_map: {
      observability: true,
      accessibility: false,
      percy: false,
      automate: false,
      app_automate: true
    }
  },
  logs: []
} to 19940:0 (target=/api/v2/builds/kva4tovkkwfxfcs4q9gpmmngtjn09pjymlhld6gg/batch)
2026-08-19T12:36:44.559Z CLI info [testhub:request-queue-handler]  [kva4tovkkwfxfcs4q9gpmmngtjn09pjymlhld6gg]  [7bec7761-f229-406e-95c3-f7238a52a69b]  Added the event {
  event_type: 'CBTSessionCreated',
  test_run: {
    uuid: '201cee96-07e4-4ccf-8d3c-c03b598e0dce',
    integrations: { browserstack: [Object] }
  }
} to 19940:0 (target=/api/v2/builds/kva4tovkkwfxfcs4q9gpmmngtjn09pjymlhld6gg/batch)
2026-08-19T12:36:44.561Z CLI info [testhub:request-queue-handler]  [kva4tovkkwfxfcs4q9gpmmngtjn09pjymlhld6gg]  [7bec7761-f229-406e-95c3-f7238a52a69b]  Added the event {
  event_type: 'TestRunStarted',
  test_run: {
    type: 'test',
    framework: 'WebdriverIO-mocha',
    uuid: '201cee96-07e4-4ccf-8d3c-c03b598e0dce',
    name: 'should successfully log in with valid credentials',
    body: {
      lang: 'ecmascript',
      code: 'function (...specFnArgs) {\n' +
        "        return testFnWrapper.call(this, 'Test', {\n" +
        '            specFn,\n' +
        '            specFnArgs: filterSpecArgs(specFnArgs)\n' +
        '        }, {\n' +
        '            beforeFn,\n' +
        '            beforeFnArgs\n' +
        '        }, {\n' +
        '            afterFn,\n' +
        '            afterFnArgs\n' +
        '        }, cid, repeatTest);\n' +
        '    }'
    },
    identifier: 'should successfully log in with valid credentials',
    scope: 'WebdriverIO Native Demo App - should successfully log in with valid credentials',
    scopes: [ 'WebdriverIO Native Demo App' ],
    file_name: 'test\\specs\\app.e2e.js',
    vc_filepath: 'test\\specs\\app.e2e.js',
    location: 'test\\specs\\app.e2e.js',
    result: 'pending',
    duration_in_ms: null,
    started_at: '2026-08-19T12:36:44.248Z',
    failure: undefined,
    failure_type: undefined,
    failure_reason: undefined,
    retry_of: null,
    custom_metadata: undefined,
    tags: [],
    customRerunParam: { rerun_name: undefined },
    hooks: [],
    product_map: {
      observability: true,
      accessibility: false,
      percy: false,
      automate: false,
      app_automate: true
    }
  },
  logs: []
} to 19940:0 (target=/api/v2/builds/kva4tovkkwfxfcs4q9gpmmngtjn09pjymlhld6gg/batch)
2026-08-19T12:36:46.109Z CLI info [testhub:request-queue-handler]  [kva4tovkkwfxfcs4q9gpmmngtjn09pjymlhld6gg]  [7bec7761-f229-406e-95c3-f7238a52a69b]  Processing batch event [
  {
    event_type: 'TestRunFinished',
    test_run: {
      type: 'test',
      framework: 'WebdriverIO-mocha',
      uuid: '3dc70f81-c657-4a12-bdb5-6dd305311b80',
      name: 'should swipe down and display the WebdriverIO logo',
      body: {
        lang: 'ecmascript',
        code: 'function (...specFnArgs) {\n' +
          "        return testFnWrapper.call(this, 'Test', {\n" +
          '            specFn,\n' +
          '            specFnArgs: filterSpecArgs(specFnArgs)\n' +
          '        }, {\n' +
          '            beforeFn,\n' +
          '            beforeFnArgs\n' +
          '        }, {\n' +
          '            afterFn,\n' +
          '            afterFnArgs\n' +
          '        }, cid, repeatTest);\n' +
          '    }'
      },
      identifier: 'should swipe down and display the WebdriverIO logo',
      scope: 'WebdriverIO Native Demo App - should swipe down and display the WebdriverIO logo',
      scopes: [ 'WebdriverIO Native Demo App' ],
      file_name: 'test\\specs\\app.e2e.js',
      vc_filepath: 'test\\specs\\app.e2e.js',
      location: 'test\\specs\\app.e2e.js',
      result: 'passed',
      duration_in_ms: 4000,
      started_at: '2026-08-19T12:36:40.245Z',
      finished_at: '2026-08-19T12:36:44.245Z',
      failure: null,
      failure_type: null,
      failure_reason: null,
      retry_of: null,
      custom_metadata: undefined,
      tags: [],
      customRerunParam: { rerun_name: undefined },
      hooks: [],
      product_map: {
        observability: true,
        accessibility: false,
        percy: false,
        automate: false,
        app_automate: true
      }
    },
    logs: []
  },
  {
    event_type: 'CBTSessionCreated',
    test_run: {
      uuid: '201cee96-07e4-4ccf-8d3c-c03b598e0dce',
      integrations: {
        browserstack: {
          product: 'app-automate',
          session_id: 'a55a04dd6a00d1e2816e5990738936b97b9e7784',
          capabilities: {
            platform: 'LINUX',
            webStorageEnabled: false,
            takesScreenshot: true,
            javascriptEnabled: true,
            databaseEnabled: false,
            networkConnectionEnabled: true,
            locationContextEnabled: false,
            warnings: {},
            desired: {
              platformName: 'Android',
              'bstack:options': { hostName: 'DESKTOP-44JTQN2', buildIdentifier: '#2' },
              'goog:chromeOptions': {},
              newCommandTimeout: 0,
              deviceName: 'Google Pixel 7',
              chromedriverPorts: [ [ 18177, 18187 ] ],
              chromedriverArgs: [ '--adb-port=5038' ],
              automationName: 'UiAutomator2',
              systemPort: 8207,
              bundleID: 'com.wdiodemoapp',
              bundleId: 'com.wdiodemoapp',
              skipServerInstallation: true,
              udid: '28111FDH200527',
              appPackage: 'com.wdiodemoapp',
              appActivity: 'com.wdiodemoapp.SplashActivity',
              nativeWebScreenshot: true,
              disableSuppressAccessibilityService: true
            },
            platformName: 'Android',
            'bstack:options': { hostName: 'DESKTOP-44JTQN2', buildIdentifier: '#2' },
            'goog:chromeOptions': {},
            newCommandTimeout: 0,
            deviceName: '28111FDH200527',
            chromedriverPorts: [ [ 18177, 18187 ] ],
            chromedriverArgs: [ '--adb-port=5038' ],
            automationName: 'UiAutomator2',
            systemPort: 8207,
            bundleID: 'com.wdiodemoapp',
            bundleId: 'com.wdiodemoapp',
            skipServerInstallation: true,
            udid: '28111FDH200527',
            appPackage: 'com.wdiodemoapp',
            appActivity: 'com.wdiodemoapp.SplashActivity',
            nativeWebScreenshot: true,
            disableSuppressAccessibilityService: true,
            deviceUDID: '28111FDH200527',
            deviceApiLevel: 33,
            platformVersion: '13',
            deviceScreenSize: '1080x2400',
            deviceScreenDensity: 420,
            deviceModel: 'Pixel 7',
            deviceManufacturer: 'Google',
            pixelRatio: 2.625,
            statBarHeight: 118,
            viewportRect: { left: 0, top: 118, width: 1080, height: 2101 }
          },
          platform: 'Android',
          platform_version: '13',
          browser: undefined,
          browser_version: undefined
        }
      }
    }
  },
  {
    event_type: 'TestRunStarted',
    test_run: {
      type: 'test',
      framework: 'WebdriverIO-mocha',
      uuid: '201cee96-07e4-4ccf-8d3c-c03b598e0dce',
      name: 'should successfully log in with valid credentials',
      body: {
        lang: 'ecmascript',
        code: 'function (...specFnArgs) {\n' +
          "        return testFnWrapper.call(this, 'Test', {\n" +
          '            specFn,\n' +
          '            specFnArgs: filterSpecArgs(specFnArgs)\n' +
          '        }, {\n' +
          '            beforeFn,\n' +
          '            beforeFnArgs\n' +
          '        }, {\n' +
          '            afterFn,\n' +
          '            afterFnArgs\n' +
          '        }, cid, repeatTest);\n' +
          '    }'
      },
      identifier: 'should successfully log in with valid credentials',
      scope: 'WebdriverIO Native Demo App - should successfully log in with valid credentials',
      scopes: [ 'WebdriverIO Native Demo App' ],
      file_name: 'test\\specs\\app.e2e.js',
      vc_filepath: 'test\\specs\\app.e2e.js',
      location: 'test\\specs\\app.e2e.js',
      result: 'pending',
      duration_in_ms: null,
      started_at: '2026-08-19T12:36:44.248Z',
      failure: undefined,
      failure_type: undefined,
      failure_reason: undefined,
      retry_of: null,
      custom_metadata: undefined,
      tags: [],
      customRerunParam: { rerun_name: undefined },
      hooks: [],
      product_map: {
        observability: true,
        accessibility: false,
        percy: false,
        automate: false,
        app_automate: true
      }
    },
    logs: []
  }
] to 19940:0
2026-08-19T12:36:46.111Z CLI info  [kva4tovkkwfxfcs4q9gpmmngtjn09pjymlhld6gg]  [7bec7761-f229-406e-95c3-f7238a52a69b]  [PRODUCTION] Making POST request to https://collector-observability.browserstack.com
2026-08-19T12:36:52.501Z CLI warn [TEST REPORTING AND ANALYTICS:webdriverio:mocha]  [kva4tovkkwfxfcs4q9gpmmngtjn09pjymlhld6gg]  [7bec7761-f229-406e-95c3-f7238a52a69b]  TestRunFinished: event={"test_framework_name":"WebdriverIO-mocha","test_framework_version":"9.34.1","test_logs":[],"test_hooks_finished":{},"test_hooks_started":{},"test_uuid":"201cee96-07e4-4ccf-8d3c-c03b598e0dce","test_result":"passed","test_id":"WebdriverIO Native Demo App - should successfully log in with valid credentials","test_name":"should successfully log in with valid credentials","test_code":"function (...specFnArgs) {\n        return testFnWrapper.call(this, 'Test', {\n            specFn,\n            specFnArgs: filterSpecArgs(specFnArgs)\n        }, {\n            beforeFn,\n            beforeFnArgs\n        }, {\n            afterFn,\n            afterFnArgs\n        }, cid, repeatTest);\n    }","test_file_path":"C:\\Users\\Admin\\Desktop\\browserstack_test\\test\\specs\\app.e2e.js","test_location":"test\\specs\\app.e2e.js","test_scope":"WebdriverIO Native Demo App - should successfully log in with valid credentials","test_scopes":["WebdriverIO Native Demo App"],"test_started_at":"2026-08-19T12:36:44.248Z","automate_session_name":"WebdriverIO Native Demo App - should successfully log in with valid credentials","test_failure":null,"test_failure_reason":null,"test_failure_type":null,"test_ended_at":"2026-08-19T12:36:52.494Z","automate_session_status":"passed","test_deferred":true,"logs":[]}
2026-08-19T12:36:52.503Z CLI info [testhub:request-queue-handler]  [kva4tovkkwfxfcs4q9gpmmngtjn09pjymlhld6gg]  [7bec7761-f229-406e-95c3-f7238a52a69b]  Added the event {
  event_type: 'TestRunFinished',
  test_run: {
    type: 'test',
    framework: 'WebdriverIO-mocha',
    uuid: '201cee96-07e4-4ccf-8d3c-c03b598e0dce',
    name: 'should successfully log in with valid credentials',
    body: {
      lang: 'ecmascript',
      code: 'function (...specFnArgs) {\n' +
        "        return testFnWrapper.call(this, 'Test', {\n" +
        '            specFn,\n' +
        '            specFnArgs: filterSpecArgs(specFnArgs)\n' +
        '        }, {\n' +
        '            beforeFn,\n' +
        '            beforeFnArgs\n' +
        '        }, {\n' +
        '            afterFn,\n' +
        '            afterFnArgs\n' +
        '        }, cid, repeatTest);\n' +
        '    }'
    },
    identifier: 'should successfully log in with valid credentials',
    scope: 'WebdriverIO Native Demo App - should successfully log in with valid credentials',
    scopes: [ 'WebdriverIO Native Demo App' ],
    file_name: 'test\\specs\\app.e2e.js',
    vc_filepath: 'test\\specs\\app.e2e.js',
    location: 'test\\specs\\app.e2e.js',
    result: 'passed',
    duration_in_ms: 8246,
    started_at: '2026-08-19T12:36:44.248Z',
    finished_at: '2026-08-19T12:36:52.494Z',
    failure: null,
    failure_type: null,
    failure_reason: null,
    retry_of: null,
    custom_metadata: undefined,
    tags: [],
    customRerunParam: { rerun_name: undefined },
    hooks: [],
    product_map: {
      observability: true,
      accessibility: false,
      percy: false,
      automate: false,
      app_automate: true
    }
  },
  logs: []
} to 19940:0 (target=/api/v2/builds/kva4tovkkwfxfcs4q9gpmmngtjn09pjymlhld6gg/batch)
2026-08-19T12:36:54.137Z CLI info [testhub:request-queue-handler]  [kva4tovkkwfxfcs4q9gpmmngtjn09pjymlhld6gg]  [7bec7761-f229-406e-95c3-f7238a52a69b]  Processing batch event [
  {
    event_type: 'TestRunFinished',
    test_run: {
      type: 'test',
      framework: 'WebdriverIO-mocha',
      uuid: '201cee96-07e4-4ccf-8d3c-c03b598e0dce',
      name: 'should successfully log in with valid credentials',
      body: {
        lang: 'ecmascript',
        code: 'function (...specFnArgs) {\n' +
          "        return testFnWrapper.call(this, 'Test', {\n" +
          '            specFn,\n' +
          '            specFnArgs: filterSpecArgs(specFnArgs)\n' +
          '        }, {\n' +
          '            beforeFn,\n' +
          '            beforeFnArgs\n' +
          '        }, {\n' +
          '            afterFn,\n' +
          '            afterFnArgs\n' +
          '        }, cid, repeatTest);\n' +
          '    }'
      },
      identifier: 'should successfully log in with valid credentials',
      scope: 'WebdriverIO Native Demo App - should successfully log in with valid credentials',
      scopes: [ 'WebdriverIO Native Demo App' ],
      file_name: 'test\\specs\\app.e2e.js',
      vc_filepath: 'test\\specs\\app.e2e.js',
      location: 'test\\specs\\app.e2e.js',
      result: 'passed',
      duration_in_ms: 8246,
      started_at: '2026-08-19T12:36:44.248Z',
      finished_at: '2026-08-19T12:36:52.494Z',
      failure: null,
      failure_type: null,
      failure_reason: null,
      retry_of: null,
      custom_metadata: undefined,
      tags: [],
      customRerunParam: { rerun_name: undefined },
      hooks: [],
      product_map: {
        observability: true,
        accessibility: false,
        percy: false,
        automate: false,
        app_automate: true
      }
    },
    logs: []
  }
] to 19940:0
2026-08-19T12:36:54.138Z CLI info  [kva4tovkkwfxfcs4q9gpmmngtjn09pjymlhld6gg]  [7bec7761-f229-406e-95c3-f7238a52a69b]  [PRODUCTION] Making POST request to https://collector-observability.browserstack.com
2026-08-19T12:36:54.417Z CLI info  [kva4tovkkwfxfcs4q9gpmmngtjn09pjymlhld6gg]  [7bec7761-f229-406e-95c3-f7238a52a69b]  [PRODUCTION] Making GET request to https://api.browserstack.com
2026-08-19T12:36:54.570Z CLI info  [kva4tovkkwfxfcs4q9gpmmngtjn09pjymlhld6gg]  [7bec7761-f229-406e-95c3-f7238a52a69b]  [PRODUCTION] Making PUT request to https://collector-observability.browserstack.com
2026-08-19T12:36:55.032Z CLI info [testhub:module]  [kva4tovkkwfxfcs4q9gpmmngtjn09pjymlhld6gg]  [7bec7761-f229-406e-95c3-f7238a52a69b]  stopBuild: kva4tovkkwfxfcs4q9gpmmngtjn09pjymlhld6gg request={"finished_at":"2026-08-19T12:36:54.417Z","finished_metadata":[],"custom_metadata":null} response={"data":""}
2026-08-19T12:36:55.036Z CLI info  [kva4tovkkwfxfcs4q9gpmmngtjn09pjymlhld6gg]  [7bec7761-f229-406e-95c3-f7238a52a69b]  [PRODUCTION] Making POST request to https://api.browserstack.com
2026-08-19T12:36:55.480Z CLI info [TEST REPORTING AND ANALYTICS:module]  [kva4tovkkwfxfcs4q9gpmmngtjn09pjymlhld6gg]  [7bec7761-f229-406e-95c3-f7238a52a69b]  Visit https://automation.browserstack.com/builds/kva4tovkkwfxfcs4q9gpmmngtjn09pjymlhld6gg to view build report, insights, and many more debugging information all at one place!
2026-08-19T12:37:19.584Z CLI info [main]    Server listening on port: 5400
2026-08-19T12:37:19.678Z CLI info    Config : {"userName":"[REDACTED]","accessKey":"[REDACTED]","platforms":[{"platformName":"Android","appium:deviceName":"Samsung Galaxy S23","appium:platformVersion":"13.0","appium:automationName":"UiAutomator2","appium:app":"NativeDemoApp","projectName":"WebdriverIO Native Demo App","debug":true,"networkLogs":true,"buildName":"Galaxy S23 - Android 13","sessionName":"Samsung Galaxy S23 Test","wdioService":"9.34.1"}],"isNonBstackA11yWDIO":false,"app":"NativeDemoApp","browserstackLocal":false,"testObservability":true,"testContextOptions":{"skipSessionName":false,"skipSessionStatus":false,"sessionNameOmitTestTitle":false,"sessionNamePrependTopLevelSuiteTitle":false,"sessionNameFormat":""},"buildTag":[]}
2026-08-19T12:37:19.692Z CLI info    Should start debug utility: undefined
2026-08-19T12:37:19.798Z CLI info [testhub:module]   [23835a8a-a28d-49f0-8e0b-d1e65659a715]  Starting testhub from 15120:0
2026-08-19T12:37:19.799Z CLI info   [23835a8a-a28d-49f0-8e0b-d1e65659a715]  [PRODUCTION] Making POST request to https://sdk.browserstack.com
2026-08-19T12:37:19.801Z CLI info   [23835a8a-a28d-49f0-8e0b-d1e65659a715]  [PRODUCTION] Making GET request to https://hub.browserstack.com
2026-08-19T12:37:20.314Z CLI info   [23835a8a-a28d-49f0-8e0b-d1e65659a715]  [PRODUCTION] Making GET request to https://hub-euw.browserstack.com
2026-08-19T12:37:20.315Z CLI info   [23835a8a-a28d-49f0-8e0b-d1e65659a715]  [PRODUCTION] Making GET request to https://hub-use.browserstack.com
2026-08-19T12:37:20.316Z CLI info   [23835a8a-a28d-49f0-8e0b-d1e65659a715]  [PRODUCTION] Making GET request to https://hub-aps.browserstack.com
2026-08-19T12:37:20.738Z CLI info [testhub:module]   [23835a8a-a28d-49f0-8e0b-d1e65659a715]  startBuild: response=xirtywadaqkwaweabvmyhdxdvpt0uawgunovxmib
2026-08-19T12:37:20.742Z CLI info  [xirtywadaqkwaweabvmyhdxdvpt0uawgunovxmib]  [23835a8a-a28d-49f0-8e0b-d1e65659a715]  [PRODUCTION] Making POST request to https://api.browserstack.com
2026-08-19T12:37:21.302Z CLI info  [xirtywadaqkwaweabvmyhdxdvpt0uawgunovxmib]  [23835a8a-a28d-49f0-8e0b-d1e65659a715]  [PRODUCTION] Making GET request to https://api.browserstack.com
2026-08-19T12:37:21.733Z CLI error  [xirtywadaqkwaweabvmyhdxdvpt0uawgunovxmib]  [23835a8a-a28d-49f0-8e0b-d1e65659a715]  error invoking callback for eventName onStart: invalid percyToken=null
2026-08-19T12:37:21.734Z CLI error  [xirtywadaqkwaweabvmyhdxdvpt0uawgunovxmib]  [23835a8a-a28d-49f0-8e0b-d1e65659a715]  Error: invalid percyToken=null
    at C:\snapshot\browserstack-binary\cli\dist\index.js
    at process.processTicksAndRejections (node:internal/process/task_queues:95:5)
2026-08-19T12:37:21.735Z CLI info [appautomate:service]  [xirtywadaqkwaweabvmyhdxdvpt0uawgunovxmib]  [23835a8a-a28d-49f0-8e0b-d1e65659a715]  Using app: NativeDemoApp
2026-08-19T12:37:24.981Z CLI info [sdk:service]  [xirtywadaqkwaweabvmyhdxdvpt0uawgunovxmib]  [23835a8a-a28d-49f0-8e0b-d1e65659a715]  Driver initialized as primary driver: platformIndex=0
2026-08-19T12:37:44.980Z CLI info [testhub:request-queue-handler]  [xirtywadaqkwaweabvmyhdxdvpt0uawgunovxmib]  [23835a8a-a28d-49f0-8e0b-d1e65659a715]  Added the event {
  event_type: 'CBTSessionCreated',
  test_run: {
    uuid: '23d1b508-5c0d-4841-b588-d68e531b98b0',
    integrations: { browserstack: [Object] }
  }
} to 15120:0 (target=/api/v2/builds/xirtywadaqkwaweabvmyhdxdvpt0uawgunovxmib/batch)
2026-08-19T12:37:44.989Z CLI info [testhub:request-queue-handler]  [xirtywadaqkwaweabvmyhdxdvpt0uawgunovxmib]  [23835a8a-a28d-49f0-8e0b-d1e65659a715]  Added the event {
  event_type: 'TestRunStarted',
  test_run: {
    type: 'test',
    framework: 'WebdriverIO-mocha',
    uuid: '23d1b508-5c0d-4841-b588-d68e531b98b0',
    name: 'should open the Forms screen and interact with a switch',
    body: {
      lang: 'ecmascript',
      code: 'function (...specFnArgs) {\n' +
        "        return testFnWrapper.call(this, 'Test', {\n" +
        '            specFn,\n' +
        '            specFnArgs: filterSpecArgs(specFnArgs)\n' +
        '        }, {\n' +
        '            beforeFn,\n' +
        '            beforeFnArgs\n' +
        '        }, {\n' +
        '            afterFn,\n' +
        '            afterFnArgs\n' +
        '        }, cid, repeatTest);\n' +
        '    }'
    },
    identifier: 'should open the Forms screen and interact with a switch',
    scope: 'WebdriverIO Native Demo App - should open the Forms screen and interact with a switch',
    scopes: [ 'WebdriverIO Native Demo App' ],
    file_name: 'test\\specs\\app.e2e.js',
    vc_filepath: 'test\\specs\\app.e2e.js',
    location: 'test\\specs\\app.e2e.js',
    result: 'pending',
    duration_in_ms: null,
    started_at: '2026-08-19T12:37:44.195Z',
    failure: undefined,
    failure_type: undefined,
    failure_reason: undefined,
    retry_of: null,
    custom_metadata: undefined,
    tags: [],
    customRerunParam: { rerun_name: undefined },
    hooks: [],
    product_map: {
      observability: true,
      accessibility: false,
      percy: false,
      automate: false,
      app_automate: true
    }
  },
  logs: []
} to 15120:0 (target=/api/v2/builds/xirtywadaqkwaweabvmyhdxdvpt0uawgunovxmib/batch)
2026-08-19T12:37:46.838Z CLI info [testhub:request-queue-handler]  [xirtywadaqkwaweabvmyhdxdvpt0uawgunovxmib]  [23835a8a-a28d-49f0-8e0b-d1e65659a715]  Processing batch event [
  {
    event_type: 'CBTSessionCreated',
    test_run: {
      uuid: '23d1b508-5c0d-4841-b588-d68e531b98b0',
      integrations: {
        browserstack: {
          product: 'app-automate',
          session_id: '9e6ec23f2dc208ea3fb9dfee359b6e61fcae1b34',
          capabilities: {
            platform: 'LINUX',
            webStorageEnabled: false,
            takesScreenshot: true,
            javascriptEnabled: true,
            databaseEnabled: false,
            networkConnectionEnabled: true,
            locationContextEnabled: false,
            warnings: {},
            desired: {
              platformName: 'Android',
              'bstack:options': { hostName: 'DESKTOP-44JTQN2', buildIdentifier: '#1' },
              'goog:chromeOptions': {},
              newCommandTimeout: 0,
              deviceName: 'Samsung Galaxy S23',
              chromedriverPorts: [ [ 18166, 18176 ] ],
              chromedriverArgs: [ '--adb-port=5038' ],
              automationName: 'UiAutomator2',
              systemPort: 8206,
              bundleID: 'com.wdiodemoapp',
              bundleId: 'com.wdiodemoapp',
              skipServerInstallation: true,
              udid: 'RFCW119FBQL',
              appPackage: 'com.wdiodemoapp',
              appActivity: 'com.wdiodemoapp.SplashActivity',
              nativeWebScreenshot: true,
              disableSuppressAccessibilityService: true
            },
            platformName: 'Android',
            'bstack:options': { hostName: 'DESKTOP-44JTQN2', buildIdentifier: '#1' },
            'goog:chromeOptions': {},
            newCommandTimeout: 0,
            deviceName: 'RFCW119FBQL',
            chromedriverPorts: [ [ 18166, 18176 ] ],
            chromedriverArgs: [ '--adb-port=5038' ],
            automationName: 'UiAutomator2',
            systemPort: 8206,
            bundleID: 'com.wdiodemoapp',
            bundleId: 'com.wdiodemoapp',
            skipServerInstallation: true,
            udid: 'RFCW119FBQL',
            appPackage: 'com.wdiodemoapp',
            appActivity: 'com.wdiodemoapp.SplashActivity',
            nativeWebScreenshot: true,
            disableSuppressAccessibilityService: true,
            deviceUDID: 'RFCW119FBQL',
            deviceApiLevel: 33,
            platformVersion: '13',
            deviceScreenSize: '1080x2340',
            deviceScreenDensity: 480,
            deviceModel: 'SM-S911B',
            deviceManufacturer: 'samsung',
            pixelRatio: 3,
            statBarHeight: 81,
            viewportRect: { left: 0, top: 81, width: 1080, height: 2034 }
          },
          platform: 'Android',
          platform_version: '13',
          browser: undefined,
          browser_version: undefined
        }
      }
    }
  },
  {
    event_type: 'TestRunStarted',
    test_run: {
      type: 'test',
      framework: 'WebdriverIO-mocha',
      uuid: '23d1b508-5c0d-4841-b588-d68e531b98b0',
      name: 'should open the Forms screen and interact with a switch',
      body: {
        lang: 'ecmascript',
        code: 'function (...specFnArgs) {\n' +
          "        return testFnWrapper.call(this, 'Test', {\n" +
          '            specFn,\n' +
          '            specFnArgs: filterSpecArgs(specFnArgs)\n' +
          '        }, {\n' +
          '            beforeFn,\n' +
          '            beforeFnArgs\n' +
          '        }, {\n' +
          '            afterFn,\n' +
          '            afterFnArgs\n' +
          '        }, cid, repeatTest);\n' +
          '    }'
      },
      identifier: 'should open the Forms screen and interact with a switch',
      scope: 'WebdriverIO Native Demo App - should open the Forms screen and interact with a switch',
      scopes: [ 'WebdriverIO Native Demo App' ],
      file_name: 'test\\specs\\app.e2e.js',
      vc_filepath: 'test\\specs\\app.e2e.js',
      location: 'test\\specs\\app.e2e.js',
      result: 'pending',
      duration_in_ms: null,
      started_at: '2026-08-19T12:37:44.195Z',
      failure: undefined,
      failure_type: undefined,
      failure_reason: undefined,
      retry_of: null,
      custom_metadata: undefined,
      tags: [],
      customRerunParam: { rerun_name: undefined },
      hooks: [],
      product_map: {
        observability: true,
        accessibility: false,
        percy: false,
        automate: false,
        app_automate: true
      }
    },
    logs: []
  }
] to 15120:0
2026-08-19T12:37:46.841Z CLI info  [xirtywadaqkwaweabvmyhdxdvpt0uawgunovxmib]  [23835a8a-a28d-49f0-8e0b-d1e65659a715]  [PRODUCTION] Making POST request to https://collector-observability.browserstack.com
2026-08-19T12:37:50.295Z CLI warn [TEST REPORTING AND ANALYTICS:webdriverio:mocha]  [xirtywadaqkwaweabvmyhdxdvpt0uawgunovxmib]  [23835a8a-a28d-49f0-8e0b-d1e65659a715]  TestRunFinished: event={"test_framework_name":"WebdriverIO-mocha","test_framework_version":"9.34.1","test_logs":[],"test_hooks_finished":{},"test_hooks_started":{},"test_uuid":"23d1b508-5c0d-4841-b588-d68e531b98b0","test_result":"passed","test_id":"WebdriverIO Native Demo App - should open the Forms screen and interact with a switch","test_name":"should open the Forms screen and interact with a switch","test_code":"function (...specFnArgs) {\n        return testFnWrapper.call(this, 'Test', {\n            specFn,\n            specFnArgs: filterSpecArgs(specFnArgs)\n        }, {\n            beforeFn,\n            beforeFnArgs\n        }, {\n            afterFn,\n            afterFnArgs\n        }, cid, repeatTest);\n    }","test_file_path":"C:\\Users\\Admin\\Desktop\\browserstack_test\\test\\specs\\app.e2e.js","test_location":"test\\specs\\app.e2e.js","test_scope":"WebdriverIO Native Demo App - should open the Forms screen and interact with a switch","test_scopes":["WebdriverIO Native Demo App"],"test_started_at":"2026-08-19T12:37:44.195Z","automate_session_name":"WebdriverIO Native Demo App - should open the Forms screen and interact with a switch","test_failure":null,"test_failure_reason":null,"test_failure_type":null,"test_ended_at":"2026-08-19T12:37:50.269Z","automate_session_status":"passed","test_deferred":true,"logs":[]}
2026-08-19T12:37:50.300Z CLI info [testhub:request-queue-handler]  [xirtywadaqkwaweabvmyhdxdvpt0uawgunovxmib]  [23835a8a-a28d-49f0-8e0b-d1e65659a715]  Added the event {
  event_type: 'TestRunFinished',
  test_run: {
    type: 'test',
    framework: 'WebdriverIO-mocha',
    uuid: '23d1b508-5c0d-4841-b588-d68e531b98b0',
    name: 'should open the Forms screen and interact with a switch',
    body: {
      lang: 'ecmascript',
      code: 'function (...specFnArgs) {\n' +
        "        return testFnWrapper.call(this, 'Test', {\n" +
        '            specFn,\n' +
        '            specFnArgs: filterSpecArgs(specFnArgs)\n' +
        '        }, {\n' +
        '            beforeFn,\n' +
        '            beforeFnArgs\n' +
        '        }, {\n' +
        '            afterFn,\n' +
        '            afterFnArgs\n' +
        '        }, cid, repeatTest);\n' +
        '    }'
    },
    identifier: 'should open the Forms screen and interact with a switch',
    scope: 'WebdriverIO Native Demo App - should open the Forms screen and interact with a switch',
    scopes: [ 'WebdriverIO Native Demo App' ],
    file_name: 'test\\specs\\app.e2e.js',
    vc_filepath: 'test\\specs\\app.e2e.js',
    location: 'test\\specs\\app.e2e.js',
    result: 'passed',
    duration_in_ms: 6074,
    started_at: '2026-08-19T12:37:44.195Z',
    finished_at: '2026-08-19T12:37:50.269Z',
    failure: null,
    failure_type: null,
    failure_reason: null,
    retry_of: null,
    custom_metadata: undefined,
    tags: [],
    customRerunParam: { rerun_name: undefined },
    hooks: [],
    product_map: {
      observability: true,
      accessibility: false,
      percy: false,
      automate: false,
      app_automate: true
    }
  },
  logs: []
} to 15120:0 (target=/api/v2/builds/xirtywadaqkwaweabvmyhdxdvpt0uawgunovxmib/batch)
2026-08-19T12:37:50.851Z CLI info [testhub:request-queue-handler]  [xirtywadaqkwaweabvmyhdxdvpt0uawgunovxmib]  [23835a8a-a28d-49f0-8e0b-d1e65659a715]  Added the event {
  event_type: 'CBTSessionCreated',
  test_run: {
    uuid: 'c5a56bc6-835e-4636-83b3-420618130496',
    integrations: { browserstack: [Object] }
  }
} to 15120:0 (target=/api/v2/builds/xirtywadaqkwaweabvmyhdxdvpt0uawgunovxmib/batch)
2026-08-19T12:37:50.858Z CLI info [testhub:request-queue-handler]  [xirtywadaqkwaweabvmyhdxdvpt0uawgunovxmib]  [23835a8a-a28d-49f0-8e0b-d1e65659a715]  Added the event {
  event_type: 'TestRunStarted',
  test_run: {
    type: 'test',
    framework: 'WebdriverIO-mocha',
    uuid: 'c5a56bc6-835e-4636-83b3-420618130496',
    name: 'should select a different option from the dropdown',
    body: {
      lang: 'ecmascript',
      code: 'function (...specFnArgs) {\n' +
        "        return testFnWrapper.call(this, 'Test', {\n" +
        '            specFn,\n' +
        '            specFnArgs: filterSpecArgs(specFnArgs)\n' +
        '        }, {\n' +
        '            beforeFn,\n' +
        '            beforeFnArgs\n' +
        '        }, {\n' +
        '            afterFn,\n' +
        '            afterFnArgs\n' +
        '        }, cid, repeatTest);\n' +
        '    }'
    },
    identifier: 'should select a different option from the dropdown',
    scope: 'WebdriverIO Native Demo App - should select a different option from the dropdown',
    scopes: [ 'WebdriverIO Native Demo App' ],
    file_name: 'test\\specs\\app.e2e.js',
    vc_filepath: 'test\\specs\\app.e2e.js',
    location: 'test\\specs\\app.e2e.js',
    result: 'pending',
    duration_in_ms: null,
    started_at: '2026-08-19T12:37:50.281Z',
    failure: undefined,
    failure_type: undefined,
    failure_reason: undefined,
    retry_of: null,
    custom_metadata: undefined,
    tags: [],
    customRerunParam: { rerun_name: undefined },
    hooks: [],
    product_map: {
      observability: true,
      accessibility: false,
      percy: false,
      automate: false,
      app_automate: true
    }
  },
  logs: []
} to 15120:0 (target=/api/v2/builds/xirtywadaqkwaweabvmyhdxdvpt0uawgunovxmib/batch)
2026-08-19T12:37:50.862Z CLI info [testhub:request-queue-handler]  [xirtywadaqkwaweabvmyhdxdvpt0uawgunovxmib]  [23835a8a-a28d-49f0-8e0b-d1e65659a715]  Processing batch event [
  {
    event_type: 'TestRunFinished',
    test_run: {
      type: 'test',
      framework: 'WebdriverIO-mocha',
      uuid: '23d1b508-5c0d-4841-b588-d68e531b98b0',
      name: 'should open the Forms screen and interact with a switch',
      body: {
        lang: 'ecmascript',
        code: 'function (...specFnArgs) {\n' +
          "        return testFnWrapper.call(this, 'Test', {\n" +
          '            specFn,\n' +
          '            specFnArgs: filterSpecArgs(specFnArgs)\n' +
          '        }, {\n' +
          '            beforeFn,\n' +
          '            beforeFnArgs\n' +
          '        }, {\n' +
          '            afterFn,\n' +
          '            afterFnArgs\n' +
          '        }, cid, repeatTest);\n' +
          '    }'
      },
      identifier: 'should open the Forms screen and interact with a switch',
      scope: 'WebdriverIO Native Demo App - should open the Forms screen and interact with a switch',
      scopes: [ 'WebdriverIO Native Demo App' ],
      file_name: 'test\\specs\\app.e2e.js',
      vc_filepath: 'test\\specs\\app.e2e.js',
      location: 'test\\specs\\app.e2e.js',
      result: 'passed',
      duration_in_ms: 6074,
      started_at: '2026-08-19T12:37:44.195Z',
      finished_at: '2026-08-19T12:37:50.269Z',
      failure: null,
      failure_type: null,
      failure_reason: null,
      retry_of: null,
      custom_metadata: undefined,
      tags: [],
      customRerunParam: { rerun_name: undefined },
      hooks: [],
      product_map: {
        observability: true,
        accessibility: false,
        percy: false,
        automate: false,
        app_automate: true
      }
    },
    logs: []
  },
  {
    event_type: 'CBTSessionCreated',
    test_run: {
      uuid: 'c5a56bc6-835e-4636-83b3-420618130496',
      integrations: {
        browserstack: {
          product: 'app-automate',
          session_id: '9e6ec23f2dc208ea3fb9dfee359b6e61fcae1b34',
          capabilities: {
            platform: 'LINUX',
            webStorageEnabled: false,
            takesScreenshot: true,
            javascriptEnabled: true,
            databaseEnabled: false,
            networkConnectionEnabled: true,
            locationContextEnabled: false,
            warnings: {},
            desired: {
              platformName: 'Android',
              'bstack:options': { hostName: 'DESKTOP-44JTQN2', buildIdentifier: '#1' },
              'goog:chromeOptions': {},
              newCommandTimeout: 0,
              deviceName: 'Samsung Galaxy S23',
              chromedriverPorts: [ [ 18166, 18176 ] ],
              chromedriverArgs: [ '--adb-port=5038' ],
              automationName: 'UiAutomator2',
              systemPort: 8206,
              bundleID: 'com.wdiodemoapp',
              bundleId: 'com.wdiodemoapp',
              skipServerInstallation: true,
              udid: 'RFCW119FBQL',
              appPackage: 'com.wdiodemoapp',
              appActivity: 'com.wdiodemoapp.SplashActivity',
              nativeWebScreenshot: true,
              disableSuppressAccessibilityService: true
            },
            platformName: 'Android',
            'bstack:options': { hostName: 'DESKTOP-44JTQN2', buildIdentifier: '#1' },
            'goog:chromeOptions': {},
            newCommandTimeout: 0,
            deviceName: 'RFCW119FBQL',
            chromedriverPorts: [ [ 18166, 18176 ] ],
            chromedriverArgs: [ '--adb-port=5038' ],
            automationName: 'UiAutomator2',
            systemPort: 8206,
            bundleID: 'com.wdiodemoapp',
            bundleId: 'com.wdiodemoapp',
            skipServerInstallation: true,
            udid: 'RFCW119FBQL',
            appPackage: 'com.wdiodemoapp',
            appActivity: 'com.wdiodemoapp.SplashActivity',
            nativeWebScreenshot: true,
            disableSuppressAccessibilityService: true,
            deviceUDID: 'RFCW119FBQL',
            deviceApiLevel: 33,
            platformVersion: '13',
            deviceScreenSize: '1080x2340',
            deviceScreenDensity: 480,
            deviceModel: 'SM-S911B',
            deviceManufacturer: 'samsung',
            pixelRatio: 3,
            statBarHeight: 81,
            viewportRect: { left: 0, top: 81, width: 1080, height: 2034 }
          },
          platform: 'Android',
          platform_version: '13',
          browser: undefined,
          browser_version: undefined
        }
      }
    }
  },
  {
    event_type: 'TestRunStarted',
    test_run: {
      type: 'test',
      framework: 'WebdriverIO-mocha',
      uuid: 'c5a56bc6-835e-4636-83b3-420618130496',
      name: 'should select a different option from the dropdown',
      body: {
        lang: 'ecmascript',
        code: 'function (...specFnArgs) {\n' +
          "        return testFnWrapper.call(this, 'Test', {\n" +
          '            specFn,\n' +
          '            specFnArgs: filterSpecArgs(specFnArgs)\n' +
          '        }, {\n' +
          '            beforeFn,\n' +
          '            beforeFnArgs\n' +
          '        }, {\n' +
          '            afterFn,\n' +
          '            afterFnArgs\n' +
          '        }, cid, repeatTest);\n' +
          '    }'
      },
      identifier: 'should select a different option from the dropdown',
      scope: 'WebdriverIO Native Demo App - should select a different option from the dropdown',
      scopes: [ 'WebdriverIO Native Demo App' ],
      file_name: 'test\\specs\\app.e2e.js',
      vc_filepath: 'test\\specs\\app.e2e.js',
      location: 'test\\specs\\app.e2e.js',
      result: 'pending',
      duration_in_ms: null,
      started_at: '2026-08-19T12:37:50.281Z',
      failure: undefined,
      failure_type: undefined,
      failure_reason: undefined,
      retry_of: null,
      custom_metadata: undefined,
      tags: [],
      customRerunParam: { rerun_name: undefined },
      hooks: [],
      product_map: {
        observability: true,
        accessibility: false,
        percy: false,
        automate: false,
        app_automate: true
      }
    },
    logs: []
  }
] to 15120:0
2026-08-19T12:37:50.866Z CLI info  [xirtywadaqkwaweabvmyhdxdvpt0uawgunovxmib]  [23835a8a-a28d-49f0-8e0b-d1e65659a715]  [PRODUCTION] Making POST request to https://collector-observability.browserstack.com
2026-08-19T12:37:56.784Z CLI warn [TEST REPORTING AND ANALYTICS:webdriverio:mocha]  [xirtywadaqkwaweabvmyhdxdvpt0uawgunovxmib]  [23835a8a-a28d-49f0-8e0b-d1e65659a715]  TestRunFinished: event={"test_framework_name":"WebdriverIO-mocha","test_framework_version":"9.34.1","test_logs":[],"test_hooks_finished":{},"test_hooks_started":{},"test_uuid":"c5a56bc6-835e-4636-83b3-420618130496","test_result":"passed","test_id":"WebdriverIO Native Demo App - should select a different option from the dropdown","test_name":"should select a different option from the dropdown","test_code":"function (...specFnArgs) {\n        return testFnWrapper.call(this, 'Test', {\n            specFn,\n            specFnArgs: filterSpecArgs(specFnArgs)\n        }, {\n            beforeFn,\n            beforeFnArgs\n        }, {\n            afterFn,\n            afterFnArgs\n        }, cid, repeatTest);\n    }","test_file_path":"C:\\Users\\Admin\\Desktop\\browserstack_test\\test\\specs\\app.e2e.js","test_location":"test\\specs\\app.e2e.js","test_scope":"WebdriverIO Native Demo App - should select a different option from the dropdown","test_scopes":["WebdriverIO Native Demo App"],"test_started_at":"2026-08-19T12:37:50.281Z","automate_session_name":"WebdriverIO Native Demo App - should select a different option from the dropdown","test_failure":null,"test_failure_reason":null,"test_failure_type":null,"test_ended_at":"2026-08-19T12:37:56.754Z","automate_session_status":"passed","test_deferred":true,"logs":[]}
2026-08-19T12:37:56.787Z CLI info [testhub:request-queue-handler]  [xirtywadaqkwaweabvmyhdxdvpt0uawgunovxmib]  [23835a8a-a28d-49f0-8e0b-d1e65659a715]  Added the event {
  event_type: 'TestRunFinished',
  test_run: {
    type: 'test',
    framework: 'WebdriverIO-mocha',
    uuid: 'c5a56bc6-835e-4636-83b3-420618130496',
    name: 'should select a different option from the dropdown',
    body: {
      lang: 'ecmascript',
      code: 'function (...specFnArgs) {\n' +
        "        return testFnWrapper.call(this, 'Test', {\n" +
        '            specFn,\n' +
        '            specFnArgs: filterSpecArgs(specFnArgs)\n' +
        '        }, {\n' +
        '            beforeFn,\n' +
        '            beforeFnArgs\n' +
        '        }, {\n' +
        '            afterFn,\n' +
        '            afterFnArgs\n' +
        '        }, cid, repeatTest);\n' +
        '    }'
    },
    identifier: 'should select a different option from the dropdown',
    scope: 'WebdriverIO Native Demo App - should select a different option from the dropdown',
    scopes: [ 'WebdriverIO Native Demo App' ],
    file_name: 'test\\specs\\app.e2e.js',
    vc_filepath: 'test\\specs\\app.e2e.js',
    location: 'test\\specs\\app.e2e.js',
    result: 'passed',
    duration_in_ms: 6473,
    started_at: '2026-08-19T12:37:50.281Z',
    finished_at: '2026-08-19T12:37:56.754Z',
    failure: null,
    failure_type: null,
    failure_reason: null,
    retry_of: null,
    custom_metadata: undefined,
    tags: [],
    customRerunParam: { rerun_name: undefined },
    hooks: [],
    product_map: {
      observability: true,
      accessibility: false,
      percy: false,
      automate: false,
      app_automate: true
    }
  },
  logs: []
} to 15120:0 (target=/api/v2/builds/xirtywadaqkwaweabvmyhdxdvpt0uawgunovxmib/batch)
2026-08-19T12:37:56.879Z CLI info [testhub:request-queue-handler]  [xirtywadaqkwaweabvmyhdxdvpt0uawgunovxmib]  [23835a8a-a28d-49f0-8e0b-d1e65659a715]  Processing batch event [
  {
    event_type: 'TestRunFinished',
    test_run: {
      type: 'test',
      framework: 'WebdriverIO-mocha',
      uuid: 'c5a56bc6-835e-4636-83b3-420618130496',
      name: 'should select a different option from the dropdown',
      body: {
        lang: 'ecmascript',
        code: 'function (...specFnArgs) {\n' +
          "        return testFnWrapper.call(this, 'Test', {\n" +
          '            specFn,\n' +
          '            specFnArgs: filterSpecArgs(specFnArgs)\n' +
          '        }, {\n' +
          '            beforeFn,\n' +
          '            beforeFnArgs\n' +
          '        }, {\n' +
          '            afterFn,\n' +
          '            afterFnArgs\n' +
          '        }, cid, repeatTest);\n' +
          '    }'
      },
      identifier: 'should select a different option from the dropdown',
      scope: 'WebdriverIO Native Demo App - should select a different option from the dropdown',
      scopes: [ 'WebdriverIO Native Demo App' ],
      file_name: 'test\\specs\\app.e2e.js',
      vc_filepath: 'test\\specs\\app.e2e.js',
      location: 'test\\specs\\app.e2e.js',
      result: 'passed',
      duration_in_ms: 6473,
      started_at: '2026-08-19T12:37:50.281Z',
      finished_at: '2026-08-19T12:37:56.754Z',
      failure: null,
      failure_type: null,
      failure_reason: null,
      retry_of: null,
      custom_metadata: undefined,
      tags: [],
      customRerunParam: { rerun_name: undefined },
      hooks: [],
      product_map: {
        observability: true,
        accessibility: false,
        percy: false,
        automate: false,
        app_automate: true
      }
    },
    logs: []
  }
] to 15120:0
2026-08-19T12:37:56.882Z CLI info  [xirtywadaqkwaweabvmyhdxdvpt0uawgunovxmib]  [23835a8a-a28d-49f0-8e0b-d1e65659a715]  [PRODUCTION] Making POST request to https://collector-observability.browserstack.com
2026-08-19T12:37:57.372Z CLI info [testhub:request-queue-handler]  [xirtywadaqkwaweabvmyhdxdvpt0uawgunovxmib]  [23835a8a-a28d-49f0-8e0b-d1e65659a715]  Added the event {
  event_type: 'CBTSessionCreated',
  test_run: {
    uuid: 'f36e8965-25c6-4bb3-8f1b-af3ccb3c3fad',
    integrations: { browserstack: [Object] }
  }
} to 15120:0 (target=/api/v2/builds/xirtywadaqkwaweabvmyhdxdvpt0uawgunovxmib/batch)
2026-08-19T12:37:57.376Z CLI info [testhub:request-queue-handler]  [xirtywadaqkwaweabvmyhdxdvpt0uawgunovxmib]  [23835a8a-a28d-49f0-8e0b-d1e65659a715]  Added the event {
  event_type: 'TestRunStarted',
  test_run: {
    type: 'test',
    framework: 'WebdriverIO-mocha',
    uuid: 'f36e8965-25c6-4bb3-8f1b-af3ccb3c3fad',
    name: 'should swipe through cards and display different card content',
    body: {
      lang: 'ecmascript',
      code: 'function (...specFnArgs) {\n' +
        "        return testFnWrapper.call(this, 'Test', {\n" +
        '            specFn,\n' +
        '            specFnArgs: filterSpecArgs(specFnArgs)\n' +
        '        }, {\n' +
        '            beforeFn,\n' +
        '            beforeFnArgs\n' +
        '        }, {\n' +
        '            afterFn,\n' +
        '            afterFnArgs\n' +
        '        }, cid, repeatTest);\n' +
        '    }'
    },
    identifier: 'should swipe through cards and display different card content',
    scope: 'WebdriverIO Native Demo App - should swipe through cards and display different card content',
    scopes: [ 'WebdriverIO Native Demo App' ],
    file_name: 'test\\specs\\app.e2e.js',
    vc_filepath: 'test\\specs\\app.e2e.js',
    location: 'test\\specs\\app.e2e.js',
    result: 'pending',
    duration_in_ms: null,
    started_at: '2026-08-19T12:37:56.768Z',
    failure: undefined,
    failure_type: undefined,
    failure_reason: undefined,
    retry_of: null,
    custom_metadata: undefined,
    tags: [],
    customRerunParam: { rerun_name: undefined },
    hooks: [],
    product_map: {
      observability: true,
      accessibility: false,
      percy: false,
      automate: false,
      app_automate: true
    }
  },
  logs: []
} to 15120:0 (target=/api/v2/builds/xirtywadaqkwaweabvmyhdxdvpt0uawgunovxmib/batch)
2026-08-19T12:37:58.891Z CLI info [testhub:request-queue-handler]  [xirtywadaqkwaweabvmyhdxdvpt0uawgunovxmib]  [23835a8a-a28d-49f0-8e0b-d1e65659a715]  Processing batch event [
  {
    event_type: 'CBTSessionCreated',
    test_run: {
      uuid: 'f36e8965-25c6-4bb3-8f1b-af3ccb3c3fad',
      integrations: {
        browserstack: {
          product: 'app-automate',
          session_id: '9e6ec23f2dc208ea3fb9dfee359b6e61fcae1b34',
          capabilities: {
            platform: 'LINUX',
            webStorageEnabled: false,
            takesScreenshot: true,
            javascriptEnabled: true,
            databaseEnabled: false,
            networkConnectionEnabled: true,
            locationContextEnabled: false,
            warnings: {},
            desired: {
              platformName: 'Android',
              'bstack:options': { hostName: 'DESKTOP-44JTQN2', buildIdentifier: '#1' },
              'goog:chromeOptions': {},
              newCommandTimeout: 0,
              deviceName: 'Samsung Galaxy S23',
              chromedriverPorts: [ [ 18166, 18176 ] ],
              chromedriverArgs: [ '--adb-port=5038' ],
              automationName: 'UiAutomator2',
              systemPort: 8206,
              bundleID: 'com.wdiodemoapp',
              bundleId: 'com.wdiodemoapp',
              skipServerInstallation: true,
              udid: 'RFCW119FBQL',
              appPackage: 'com.wdiodemoapp',
              appActivity: 'com.wdiodemoapp.SplashActivity',
              nativeWebScreenshot: true,
              disableSuppressAccessibilityService: true
            },
            platformName: 'Android',
            'bstack:options': { hostName: 'DESKTOP-44JTQN2', buildIdentifier: '#1' },
            'goog:chromeOptions': {},
            newCommandTimeout: 0,
            deviceName: 'RFCW119FBQL',
            chromedriverPorts: [ [ 18166, 18176 ] ],
            chromedriverArgs: [ '--adb-port=5038' ],
            automationName: 'UiAutomator2',
            systemPort: 8206,
            bundleID: 'com.wdiodemoapp',
            bundleId: 'com.wdiodemoapp',
            skipServerInstallation: true,
            udid: 'RFCW119FBQL',
            appPackage: 'com.wdiodemoapp',
            appActivity: 'com.wdiodemoapp.SplashActivity',
            nativeWebScreenshot: true,
            disableSuppressAccessibilityService: true,
            deviceUDID: 'RFCW119FBQL',
            deviceApiLevel: 33,
            platformVersion: '13',
            deviceScreenSize: '1080x2340',
            deviceScreenDensity: 480,
            deviceModel: 'SM-S911B',
            deviceManufacturer: 'samsung',
            pixelRatio: 3,
            statBarHeight: 81,
            viewportRect: { left: 0, top: 81, width: 1080, height: 2034 }
          },
          platform: 'Android',
          platform_version: '13',
          browser: undefined,
          browser_version: undefined
        }
      }
    }
  },
  {
    event_type: 'TestRunStarted',
    test_run: {
      type: 'test',
      framework: 'WebdriverIO-mocha',
      uuid: 'f36e8965-25c6-4bb3-8f1b-af3ccb3c3fad',
      name: 'should swipe through cards and display different card content',
      body: {
        lang: 'ecmascript',
        code: 'function (...specFnArgs) {\n' +
          "        return testFnWrapper.call(this, 'Test', {\n" +
          '            specFn,\n' +
          '            specFnArgs: filterSpecArgs(specFnArgs)\n' +
          '        }, {\n' +
          '            beforeFn,\n' +
          '            beforeFnArgs\n' +
          '        }, {\n' +
          '            afterFn,\n' +
          '            afterFnArgs\n' +
          '        }, cid, repeatTest);\n' +
          '    }'
      },
      identifier: 'should swipe through cards and display different card content',
      scope: 'WebdriverIO Native Demo App - should swipe through cards and display different card content',
      scopes: [ 'WebdriverIO Native Demo App' ],
      file_name: 'test\\specs\\app.e2e.js',
      vc_filepath: 'test\\specs\\app.e2e.js',
      location: 'test\\specs\\app.e2e.js',
      result: 'pending',
      duration_in_ms: null,
      started_at: '2026-08-19T12:37:56.768Z',
      failure: undefined,
      failure_type: undefined,
      failure_reason: undefined,
      retry_of: null,
      custom_metadata: undefined,
      tags: [],
      customRerunParam: { rerun_name: undefined },
      hooks: [],
      product_map: {
        observability: true,
        accessibility: false,
        percy: false,
        automate: false,
        app_automate: true
      }
    },
    logs: []
  }
] to 15120:0
2026-08-19T12:37:58.896Z CLI info  [xirtywadaqkwaweabvmyhdxdvpt0uawgunovxmib]  [23835a8a-a28d-49f0-8e0b-d1e65659a715]  [PRODUCTION] Making POST request to https://collector-observability.browserstack.com
2026-08-19T12:38:02.748Z CLI warn [TEST REPORTING AND ANALYTICS:webdriverio:mocha]  [xirtywadaqkwaweabvmyhdxdvpt0uawgunovxmib]  [23835a8a-a28d-49f0-8e0b-d1e65659a715]  TestRunFinished: event={"test_framework_name":"WebdriverIO-mocha","test_framework_version":"9.34.1","test_logs":[],"test_hooks_finished":{},"test_hooks_started":{},"test_uuid":"f36e8965-25c6-4bb3-8f1b-af3ccb3c3fad","test_result":"passed","test_id":"WebdriverIO Native Demo App - should swipe through cards and display different card content","test_name":"should swipe through cards and display different card content","test_code":"function (...specFnArgs) {\n        return testFnWrapper.call(this, 'Test', {\n            specFn,\n            specFnArgs: filterSpecArgs(specFnArgs)\n        }, {\n            beforeFn,\n            beforeFnArgs\n        }, {\n            afterFn,\n            afterFnArgs\n        }, cid, repeatTest);\n    }","test_file_path":"C:\\Users\\Admin\\Desktop\\browserstack_test\\test\\specs\\app.e2e.js","test_location":"test\\specs\\app.e2e.js","test_scope":"WebdriverIO Native Demo App - should swipe through cards and display different card content","test_scopes":["WebdriverIO Native Demo App"],"test_started_at":"2026-08-19T12:37:56.768Z","automate_session_name":"WebdriverIO Native Demo App - should swipe through cards and display different card content","test_failure":null,"test_failure_reason":null,"test_failure_type":null,"test_ended_at":"2026-08-19T12:38:02.728Z","automate_session_status":"passed","test_deferred":true,"logs":[]}
2026-08-19T12:38:02.751Z CLI info [testhub:request-queue-handler]  [xirtywadaqkwaweabvmyhdxdvpt0uawgunovxmib]  [23835a8a-a28d-49f0-8e0b-d1e65659a715]  Added the event {
  event_type: 'TestRunFinished',
  test_run: {
    type: 'test',
    framework: 'WebdriverIO-mocha',
    uuid: 'f36e8965-25c6-4bb3-8f1b-af3ccb3c3fad',
    name: 'should swipe through cards and display different card content',
    body: {
      lang: 'ecmascript',
      code: 'function (...specFnArgs) {\n' +
        "        return testFnWrapper.call(this, 'Test', {\n" +
        '            specFn,\n' +
        '            specFnArgs: filterSpecArgs(specFnArgs)\n' +
        '        }, {\n' +
        '            beforeFn,\n' +
        '            beforeFnArgs\n' +
        '        }, {\n' +
        '            afterFn,\n' +
        '            afterFnArgs\n' +
        '        }, cid, repeatTest);\n' +
        '    }'
    },
    identifier: 'should swipe through cards and display different card content',
    scope: 'WebdriverIO Native Demo App - should swipe through cards and display different card content',
    scopes: [ 'WebdriverIO Native Demo App' ],
    file_name: 'test\\specs\\app.e2e.js',
    vc_filepath: 'test\\specs\\app.e2e.js',
    location: 'test\\specs\\app.e2e.js',
    result: 'passed',
    duration_in_ms: 5960,
    started_at: '2026-08-19T12:37:56.768Z',
    finished_at: '2026-08-19T12:38:02.728Z',
    failure: null,
    failure_type: null,
    failure_reason: null,
    retry_of: null,
    custom_metadata: undefined,
    tags: [],
    customRerunParam: { rerun_name: undefined },
    hooks: [],
    product_map: {
      observability: true,
      accessibility: false,
      percy: false,
      automate: false,
      app_automate: true
    }
  },
  logs: []
} to 15120:0 (target=/api/v2/builds/xirtywadaqkwaweabvmyhdxdvpt0uawgunovxmib/batch)
2026-08-19T12:38:02.910Z CLI info [testhub:request-queue-handler]  [xirtywadaqkwaweabvmyhdxdvpt0uawgunovxmib]  [23835a8a-a28d-49f0-8e0b-d1e65659a715]  Processing batch event [
  {
    event_type: 'TestRunFinished',
    test_run: {
      type: 'test',
      framework: 'WebdriverIO-mocha',
      uuid: 'f36e8965-25c6-4bb3-8f1b-af3ccb3c3fad',
      name: 'should swipe through cards and display different card content',
      body: {
        lang: 'ecmascript',
        code: 'function (...specFnArgs) {\n' +
          "        return testFnWrapper.call(this, 'Test', {\n" +
          '            specFn,\n' +
          '            specFnArgs: filterSpecArgs(specFnArgs)\n' +
          '        }, {\n' +
          '            beforeFn,\n' +
          '            beforeFnArgs\n' +
          '        }, {\n' +
          '            afterFn,\n' +
          '            afterFnArgs\n' +
          '        }, cid, repeatTest);\n' +
          '    }'
      },
      identifier: 'should swipe through cards and display different card content',
      scope: 'WebdriverIO Native Demo App - should swipe through cards and display different card content',
      scopes: [ 'WebdriverIO Native Demo App' ],
      file_name: 'test\\specs\\app.e2e.js',
      vc_filepath: 'test\\specs\\app.e2e.js',
      location: 'test\\specs\\app.e2e.js',
      result: 'passed',
      duration_in_ms: 5960,
      started_at: '2026-08-19T12:37:56.768Z',
      finished_at: '2026-08-19T12:38:02.728Z',
      failure: null,
      failure_type: null,
      failure_reason: null,
      retry_of: null,
      custom_metadata: undefined,
      tags: [],
      customRerunParam: { rerun_name: undefined },
      hooks: [],
      product_map: {
        observability: true,
        accessibility: false,
        percy: false,
        automate: false,
        app_automate: true
      }
    },
    logs: []
  }
] to 15120:0
2026-08-19T12:38:02.913Z CLI info  [xirtywadaqkwaweabvmyhdxdvpt0uawgunovxmib]  [23835a8a-a28d-49f0-8e0b-d1e65659a715]  [PRODUCTION] Making POST request to https://collector-observability.browserstack.com
2026-08-19T12:38:03.442Z CLI info [testhub:request-queue-handler]  [xirtywadaqkwaweabvmyhdxdvpt0uawgunovxmib]  [23835a8a-a28d-49f0-8e0b-d1e65659a715]  Added the event {
  event_type: 'CBTSessionCreated',
  test_run: {
    uuid: '687bde7a-1877-40fc-b61b-79202b34f2e2',
    integrations: { browserstack: [Object] }
  }
} to 15120:0 (target=/api/v2/builds/xirtywadaqkwaweabvmyhdxdvpt0uawgunovxmib/batch)
2026-08-19T12:38:03.446Z CLI info [testhub:request-queue-handler]  [xirtywadaqkwaweabvmyhdxdvpt0uawgunovxmib]  [23835a8a-a28d-49f0-8e0b-d1e65659a715]  Added the event {
  event_type: 'TestRunStarted',
  test_run: {
    type: 'test',
    framework: 'WebdriverIO-mocha',
    uuid: '687bde7a-1877-40fc-b61b-79202b34f2e2',
    name: 'should swipe down and display the WebdriverIO logo',
    body: {
      lang: 'ecmascript',
      code: 'function (...specFnArgs) {\n' +
        "        return testFnWrapper.call(this, 'Test', {\n" +
        '            specFn,\n' +
        '            specFnArgs: filterSpecArgs(specFnArgs)\n' +
        '        }, {\n' +
        '            beforeFn,\n' +
        '            beforeFnArgs\n' +
        '        }, {\n' +
        '            afterFn,\n' +
        '            afterFnArgs\n' +
        '        }, cid, repeatTest);\n' +
        '    }'
    },
    identifier: 'should swipe down and display the WebdriverIO logo',
    scope: 'WebdriverIO Native Demo App - should swipe down and display the WebdriverIO logo',
    scopes: [ 'WebdriverIO Native Demo App' ],
    file_name: 'test\\specs\\app.e2e.js',
    vc_filepath: 'test\\specs\\app.e2e.js',
    location: 'test\\specs\\app.e2e.js',
    result: 'pending',
    duration_in_ms: null,
    started_at: '2026-08-19T12:38:02.735Z',
    failure: undefined,
    failure_type: undefined,
    failure_reason: undefined,
    retry_of: null,
    custom_metadata: undefined,
    tags: [],
    customRerunParam: { rerun_name: undefined },
    hooks: [],
    product_map: {
      observability: true,
      accessibility: false,
      percy: false,
      automate: false,
      app_automate: true
    }
  },
  logs: []
} to 15120:0 (target=/api/v2/builds/xirtywadaqkwaweabvmyhdxdvpt0uawgunovxmib/batch)
2026-08-19T12:38:04.912Z CLI info [testhub:request-queue-handler]  [xirtywadaqkwaweabvmyhdxdvpt0uawgunovxmib]  [23835a8a-a28d-49f0-8e0b-d1e65659a715]  Processing batch event [
  {
    event_type: 'CBTSessionCreated',
    test_run: {
      uuid: '687bde7a-1877-40fc-b61b-79202b34f2e2',
      integrations: {
        browserstack: {
          product: 'app-automate',
          session_id: '9e6ec23f2dc208ea3fb9dfee359b6e61fcae1b34',
          capabilities: {
            platform: 'LINUX',
            webStorageEnabled: false,
            takesScreenshot: true,
            javascriptEnabled: true,
            databaseEnabled: false,
            networkConnectionEnabled: true,
            locationContextEnabled: false,
            warnings: {},
            desired: {
              platformName: 'Android',
              'bstack:options': { hostName: 'DESKTOP-44JTQN2', buildIdentifier: '#1' },
              'goog:chromeOptions': {},
              newCommandTimeout: 0,
              deviceName: 'Samsung Galaxy S23',
              chromedriverPorts: [ [ 18166, 18176 ] ],
              chromedriverArgs: [ '--adb-port=5038' ],
              automationName: 'UiAutomator2',
              systemPort: 8206,
              bundleID: 'com.wdiodemoapp',
              bundleId: 'com.wdiodemoapp',
              skipServerInstallation: true,
              udid: 'RFCW119FBQL',
              appPackage: 'com.wdiodemoapp',
              appActivity: 'com.wdiodemoapp.SplashActivity',
              nativeWebScreenshot: true,
              disableSuppressAccessibilityService: true
            },
            platformName: 'Android',
            'bstack:options': { hostName: 'DESKTOP-44JTQN2', buildIdentifier: '#1' },
            'goog:chromeOptions': {},
            newCommandTimeout: 0,
            deviceName: 'RFCW119FBQL',
            chromedriverPorts: [ [ 18166, 18176 ] ],
            chromedriverArgs: [ '--adb-port=5038' ],
            automationName: 'UiAutomator2',
            systemPort: 8206,
            bundleID: 'com.wdiodemoapp',
            bundleId: 'com.wdiodemoapp',
            skipServerInstallation: true,
            udid: 'RFCW119FBQL',
            appPackage: 'com.wdiodemoapp',
            appActivity: 'com.wdiodemoapp.SplashActivity',
            nativeWebScreenshot: true,
            disableSuppressAccessibilityService: true,
            deviceUDID: 'RFCW119FBQL',
            deviceApiLevel: 33,
            platformVersion: '13',
            deviceScreenSize: '1080x2340',
            deviceScreenDensity: 480,
            deviceModel: 'SM-S911B',
            deviceManufacturer: 'samsung',
            pixelRatio: 3,
            statBarHeight: 81,
            viewportRect: { left: 0, top: 81, width: 1080, height: 2034 }
          },
          platform: 'Android',
          platform_version: '13',
          browser: undefined,
          browser_version: undefined
        }
      }
    }
  },
  {
    event_type: 'TestRunStarted',
    test_run: {
      type: 'test',
      framework: 'WebdriverIO-mocha',
      uuid: '687bde7a-1877-40fc-b61b-79202b34f2e2',
      name: 'should swipe down and display the WebdriverIO logo',
      body: {
        lang: 'ecmascript',
        code: 'function (...specFnArgs) {\n' +
          "        return testFnWrapper.call(this, 'Test', {\n" +
          '            specFn,\n' +
          '            specFnArgs: filterSpecArgs(specFnArgs)\n' +
          '        }, {\n' +
          '            beforeFn,\n' +
          '            beforeFnArgs\n' +
          '        }, {\n' +
          '            afterFn,\n' +
          '            afterFnArgs\n' +
          '        }, cid, repeatTest);\n' +
          '    }'
      },
      identifier: 'should swipe down and display the WebdriverIO logo',
      scope: 'WebdriverIO Native Demo App - should swipe down and display the WebdriverIO logo',
      scopes: [ 'WebdriverIO Native Demo App' ],
      file_name: 'test\\specs\\app.e2e.js',
      vc_filepath: 'test\\specs\\app.e2e.js',
      location: 'test\\specs\\app.e2e.js',
      result: 'pending',
      duration_in_ms: null,
      started_at: '2026-08-19T12:38:02.735Z',
      failure: undefined,
      failure_type: undefined,
      failure_reason: undefined,
      retry_of: null,
      custom_metadata: undefined,
      tags: [],
      customRerunParam: { rerun_name: undefined },
      hooks: [],
      product_map: {
        observability: true,
        accessibility: false,
        percy: false,
        automate: false,
        app_automate: true
      }
    },
    logs: []
  }
] to 15120:0
2026-08-19T12:38:04.915Z CLI info  [xirtywadaqkwaweabvmyhdxdvpt0uawgunovxmib]  [23835a8a-a28d-49f0-8e0b-d1e65659a715]  [PRODUCTION] Making POST request to https://collector-observability.browserstack.com
2026-08-19T12:38:17.520Z CLI warn [TEST REPORTING AND ANALYTICS:webdriverio:mocha]  [xirtywadaqkwaweabvmyhdxdvpt0uawgunovxmib]  [23835a8a-a28d-49f0-8e0b-d1e65659a715]  TestRunFinished: event={"test_framework_name":"WebdriverIO-mocha","test_framework_version":"9.34.1","test_logs":[],"test_hooks_finished":{},"test_hooks_started":{},"test_uuid":"687bde7a-1877-40fc-b61b-79202b34f2e2","test_result":"failed","test_id":"WebdriverIO Native Demo App - should swipe down and display the WebdriverIO logo","test_name":"should swipe down and display the WebdriverIO logo","test_code":"function (...specFnArgs) {\n        return testFnWrapper.call(this, 'Test', {\n            specFn,\n            specFnArgs: filterSpecArgs(specFnArgs)\n        }, {\n            beforeFn,\n            beforeFnArgs\n        }, {\n            afterFn,\n            afterFnArgs\n        }, cid, repeatTest);\n    }","test_file_path":"C:\\Users\\Admin\\Desktop\\browserstack_test\\test\\specs\\app.e2e.js","test_location":"test\\specs\\app.e2e.js","test_scope":"WebdriverIO Native Demo App - should swipe down and display the WebdriverIO logo","test_scopes":["WebdriverIO Native Demo App"],"test_started_at":"2026-08-19T12:38:02.735Z","automate_session_name":"WebdriverIO Native Demo App - should swipe down and display the WebdriverIO logo","test_failure":[{"backtrace":["element (\"~WebdriverIO logo\") still not displayed after 10000ms","Error: element (\"~WebdriverIO logo\") still not displayed after 10000ms\n    at async Context.<anonymous> (C:\\Users\\Admin\\Desktop\\browserstack_test\\test\\specs\\app.e2e.js:37:9)"]}],"test_failure_reason":"element (\"~WebdriverIO logo\") still not displayed after 10000ms","test_failure_type":"UnhandledError","test_ended_at":"2026-08-19T12:38:17.494Z","automate_session_status":"failed","automate_session_reason":"element (\"~WebdriverIO logo\") still not displayed after 10000ms","test_deferred":true,"logs":[]}
2026-08-19T12:38:17.523Z CLI info [testhub:request-queue-handler]  [xirtywadaqkwaweabvmyhdxdvpt0uawgunovxmib]  [23835a8a-a28d-49f0-8e0b-d1e65659a715]  Added the event {
  event_type: 'TestRunFinished',
  test_run: {
    type: 'test',
    framework: 'WebdriverIO-mocha',
    uuid: '687bde7a-1877-40fc-b61b-79202b34f2e2',
    name: 'should swipe down and display the WebdriverIO logo',
    body: {
      lang: 'ecmascript',
      code: 'function (...specFnArgs) {\n' +
        "        return testFnWrapper.call(this, 'Test', {\n" +
        '            specFn,\n' +
        '            specFnArgs: filterSpecArgs(specFnArgs)\n' +
        '        }, {\n' +
        '            beforeFn,\n' +
        '            beforeFnArgs\n' +
        '        }, {\n' +
        '            afterFn,\n' +
        '            afterFnArgs\n' +
        '        }, cid, repeatTest);\n' +
        '    }'
    },
    identifier: 'should swipe down and display the WebdriverIO logo',
    scope: 'WebdriverIO Native Demo App - should swipe down and display the WebdriverIO logo',
    scopes: [ 'WebdriverIO Native Demo App' ],
    file_name: 'test\\specs\\app.e2e.js',
    vc_filepath: 'test\\specs\\app.e2e.js',
    location: 'test\\specs\\app.e2e.js',
    result: 'failed',
    duration_in_ms: 14759,
    started_at: '2026-08-19T12:38:02.735Z',
    finished_at: '2026-08-19T12:38:17.494Z',
    failure: [ [Object] ],
    failure_type: 'UnhandledError',
    failure_reason: 'element ("~WebdriverIO logo") still not displayed after 10000ms',
    retry_of: null,
    custom_metadata: undefined,
    tags: [],
    customRerunParam: { rerun_name: undefined },
    hooks: [],
    product_map: {
      observability: true,
      accessibility: false,
      percy: false,
      automate: false,
      app_automate: true
    }
  },
  logs: []
} to 15120:0 (target=/api/v2/builds/xirtywadaqkwaweabvmyhdxdvpt0uawgunovxmib/batch)
2026-08-19T12:38:18.179Z CLI info [testhub:request-queue-handler]  [xirtywadaqkwaweabvmyhdxdvpt0uawgunovxmib]  [23835a8a-a28d-49f0-8e0b-d1e65659a715]  Added the event {
  event_type: 'CBTSessionCreated',
  test_run: {
    uuid: '83c88874-888c-491c-8b5a-cf66227ca9d8',
    integrations: { browserstack: [Object] }
  }
} to 15120:0 (target=/api/v2/builds/xirtywadaqkwaweabvmyhdxdvpt0uawgunovxmib/batch)
2026-08-19T12:38:18.183Z CLI info [testhub:request-queue-handler]  [xirtywadaqkwaweabvmyhdxdvpt0uawgunovxmib]  [23835a8a-a28d-49f0-8e0b-d1e65659a715]  Added the event {
  event_type: 'TestRunStarted',
  test_run: {
    type: 'test',
    framework: 'WebdriverIO-mocha',
    uuid: '83c88874-888c-491c-8b5a-cf66227ca9d8',
    name: 'should successfully log in with valid credentials',
    body: {
      lang: 'ecmascript',
      code: 'function (...specFnArgs) {\n' +
        "        return testFnWrapper.call(this, 'Test', {\n" +
        '            specFn,\n' +
        '            specFnArgs: filterSpecArgs(specFnArgs)\n' +
        '        }, {\n' +
        '            beforeFn,\n' +
        '            beforeFnArgs\n' +
        '        }, {\n' +
        '            afterFn,\n' +
        '            afterFnArgs\n' +
        '        }, cid, repeatTest);\n' +
        '    }'
    },
    identifier: 'should successfully log in with valid credentials',
    scope: 'WebdriverIO Native Demo App - should successfully log in with valid credentials',
    scopes: [ 'WebdriverIO Native Demo App' ],
    file_name: 'test\\specs\\app.e2e.js',
    vc_filepath: 'test\\specs\\app.e2e.js',
    location: 'test\\specs\\app.e2e.js',
    result: 'pending',
    duration_in_ms: null,
    started_at: '2026-08-19T12:38:17.509Z',
    failure: undefined,
    failure_type: undefined,
    failure_reason: undefined,
    retry_of: null,
    custom_metadata: undefined,
    tags: [],
    customRerunParam: { rerun_name: undefined },
    hooks: [],
    product_map: {
      observability: true,
      accessibility: false,
      percy: false,
      automate: false,
      app_automate: true
    }
  },
  logs: []
} to 15120:0 (target=/api/v2/builds/xirtywadaqkwaweabvmyhdxdvpt0uawgunovxmib/batch)
2026-08-19T12:38:18.946Z CLI info [testhub:request-queue-handler]  [xirtywadaqkwaweabvmyhdxdvpt0uawgunovxmib]  [23835a8a-a28d-49f0-8e0b-d1e65659a715]  Processing batch event [
  {
    event_type: 'TestRunFinished',
    test_run: {
      type: 'test',
      framework: 'WebdriverIO-mocha',
      uuid: '687bde7a-1877-40fc-b61b-79202b34f2e2',
      name: 'should swipe down and display the WebdriverIO logo',
      body: {
        lang: 'ecmascript',
        code: 'function (...specFnArgs) {\n' +
          "        return testFnWrapper.call(this, 'Test', {\n" +
          '            specFn,\n' +
          '            specFnArgs: filterSpecArgs(specFnArgs)\n' +
          '        }, {\n' +
          '            beforeFn,\n' +
          '            beforeFnArgs\n' +
          '        }, {\n' +
          '            afterFn,\n' +
          '            afterFnArgs\n' +
          '        }, cid, repeatTest);\n' +
          '    }'
      },
      identifier: 'should swipe down and display the WebdriverIO logo',
      scope: 'WebdriverIO Native Demo App - should swipe down and display the WebdriverIO logo',
      scopes: [ 'WebdriverIO Native Demo App' ],
      file_name: 'test\\specs\\app.e2e.js',
      vc_filepath: 'test\\specs\\app.e2e.js',
      location: 'test\\specs\\app.e2e.js',
      result: 'failed',
      duration_in_ms: 14759,
      started_at: '2026-08-19T12:38:02.735Z',
      finished_at: '2026-08-19T12:38:17.494Z',
      failure: [
        {
          backtrace: [
            'element ("~WebdriverIO logo") still not displayed after 10000ms',
            'Error: element ("~WebdriverIO logo") still not displayed after 10000ms\n' +
              '    at async Context.<anonymous> (C:\\Users\\Admin\\Desktop\\browserstack_test\\test\\specs\\app.e2e.js:37:9)'
          ]
        }
      ],
      failure_type: 'UnhandledError',
      failure_reason: 'element ("~WebdriverIO logo") still not displayed after 10000ms',
      retry_of: null,
      custom_metadata: undefined,
      tags: [],
      customRerunParam: { rerun_name: undefined },
      hooks: [],
      product_map: {
        observability: true,
        accessibility: false,
        percy: false,
        automate: false,
        app_automate: true
      }
    },
    logs: []
  },
  {
    event_type: 'CBTSessionCreated',
    test_run: {
      uuid: '83c88874-888c-491c-8b5a-cf66227ca9d8',
      integrations: {
        browserstack: {
          product: 'app-automate',
          session_id: '9e6ec23f2dc208ea3fb9dfee359b6e61fcae1b34',
          capabilities: {
            platform: 'LINUX',
            webStorageEnabled: false,
            takesScreenshot: true,
            javascriptEnabled: true,
            databaseEnabled: false,
            networkConnectionEnabled: true,
            locationContextEnabled: false,
            warnings: {},
            desired: {
              platformName: 'Android',
              'bstack:options': { hostName: 'DESKTOP-44JTQN2', buildIdentifier: '#1' },
              'goog:chromeOptions': {},
              newCommandTimeout: 0,
              deviceName: 'Samsung Galaxy S23',
              chromedriverPorts: [ [ 18166, 18176 ] ],
              chromedriverArgs: [ '--adb-port=5038' ],
              automationName: 'UiAutomator2',
              systemPort: 8206,
              bundleID: 'com.wdiodemoapp',
              bundleId: 'com.wdiodemoapp',
              skipServerInstallation: true,
              udid: 'RFCW119FBQL',
              appPackage: 'com.wdiodemoapp',
              appActivity: 'com.wdiodemoapp.SplashActivity',
              nativeWebScreenshot: true,
              disableSuppressAccessibilityService: true
            },
            platformName: 'Android',
            'bstack:options': { hostName: 'DESKTOP-44JTQN2', buildIdentifier: '#1' },
            'goog:chromeOptions': {},
            newCommandTimeout: 0,
            deviceName: 'RFCW119FBQL',
            chromedriverPorts: [ [ 18166, 18176 ] ],
            chromedriverArgs: [ '--adb-port=5038' ],
            automationName: 'UiAutomator2',
            systemPort: 8206,
            bundleID: 'com.wdiodemoapp',
            bundleId: 'com.wdiodemoapp',
            skipServerInstallation: true,
            udid: 'RFCW119FBQL',
            appPackage: 'com.wdiodemoapp',
            appActivity: 'com.wdiodemoapp.SplashActivity',
            nativeWebScreenshot: true,
            disableSuppressAccessibilityService: true,
            deviceUDID: 'RFCW119FBQL',
            deviceApiLevel: 33,
            platformVersion: '13',
            deviceScreenSize: '1080x2340',
            deviceScreenDensity: 480,
            deviceModel: 'SM-S911B',
            deviceManufacturer: 'samsung',
            pixelRatio: 3,
            statBarHeight: 81,
            viewportRect: { left: 0, top: 81, width: 1080, height: 2034 }
          },
          platform: 'Android',
          platform_version: '13',
          browser: undefined,
          browser_version: undefined
        }
      }
    }
  },
  {
    event_type: 'TestRunStarted',
    test_run: {
      type: 'test',
      framework: 'WebdriverIO-mocha',
      uuid: '83c88874-888c-491c-8b5a-cf66227ca9d8',
      name: 'should successfully log in with valid credentials',
      body: {
        lang: 'ecmascript',
        code: 'function (...specFnArgs) {\n' +
          "        return testFnWrapper.call(this, 'Test', {\n" +
          '            specFn,\n' +
          '            specFnArgs: filterSpecArgs(specFnArgs)\n' +
          '        }, {\n' +
          '            beforeFn,\n' +
          '            beforeFnArgs\n' +
          '        }, {\n' +
          '            afterFn,\n' +
          '            afterFnArgs\n' +
          '        }, cid, repeatTest);\n' +
          '    }'
      },
      identifier: 'should successfully log in with valid credentials',
      scope: 'WebdriverIO Native Demo App - should successfully log in with valid credentials',
      scopes: [ 'WebdriverIO Native Demo App' ],
      file_name: 'test\\specs\\app.e2e.js',
      vc_filepath: 'test\\specs\\app.e2e.js',
      location: 'test\\specs\\app.e2e.js',
      result: 'pending',
      duration_in_ms: null,
      started_at: '2026-08-19T12:38:17.509Z',
      failure: undefined,
      failure_type: undefined,
      failure_reason: undefined,
      retry_of: null,
      custom_metadata: undefined,
      tags: [],
      customRerunParam: { rerun_name: undefined },
      hooks: [],
      product_map: {
        observability: true,
        accessibility: false,
        percy: false,
        automate: false,
        app_automate: true
      }
    },
    logs: []
  }
] to 15120:0
2026-08-19T12:38:18.949Z CLI info  [xirtywadaqkwaweabvmyhdxdvpt0uawgunovxmib]  [23835a8a-a28d-49f0-8e0b-d1e65659a715]  [PRODUCTION] Making POST request to https://collector-observability.browserstack.com
2026-08-19T12:38:28.421Z CLI warn [TEST REPORTING AND ANALYTICS:webdriverio:mocha]  [xirtywadaqkwaweabvmyhdxdvpt0uawgunovxmib]  [23835a8a-a28d-49f0-8e0b-d1e65659a715]  TestRunFinished: event={"test_framework_name":"WebdriverIO-mocha","test_framework_version":"9.34.1","test_logs":[],"test_hooks_finished":{},"test_hooks_started":{},"test_uuid":"83c88874-888c-491c-8b5a-cf66227ca9d8","test_result":"failed","test_id":"WebdriverIO Native Demo App - should successfully log in with valid credentials","test_name":"should successfully log in with valid credentials","test_code":"function (...specFnArgs) {\n        return testFnWrapper.call(this, 'Test', {\n            specFn,\n            specFnArgs: filterSpecArgs(specFnArgs)\n        }, {\n            beforeFn,\n            beforeFnArgs\n        }, {\n            afterFn,\n            afterFnArgs\n        }, cid, repeatTest);\n    }","test_file_path":"C:\\Users\\Admin\\Desktop\\browserstack_test\\test\\specs\\app.e2e.js","test_location":"test\\specs\\app.e2e.js","test_scope":"WebdriverIO Native Demo App - should successfully log in with valid credentials","test_scopes":["WebdriverIO Native Demo App"],"test_started_at":"2026-08-19T12:38:17.509Z","automate_session_name":"WebdriverIO Native Demo App - should successfully log in with valid credentials","test_failure":[{"backtrace":["element (\"~Login\") still not displayed after 10000ms","Error: element (\"~Login\") still not displayed after 10000ms\n    at async LoginPage.open (C:\\Users\\Admin\\Desktop\\browserstack_test\\test\\pageobjects\\login.page.js:10:9)\n    at async Context.<anonymous> (C:\\Users\\Admin\\Desktop\\browserstack_test\\test\\specs\\app.e2e.js:42:9)"]}],"test_failure_reason":"element (\"~Login\") still not displayed after 10000ms","test_failure_type":"UnhandledError","test_ended_at":"2026-08-19T12:38:28.408Z","automate_session_status":"failed","automate_session_reason":"element (\"~Login\") still not displayed after 10000ms","test_deferred":true,"logs":[]}
2026-08-19T12:38:28.424Z CLI info [testhub:request-queue-handler]  [xirtywadaqkwaweabvmyhdxdvpt0uawgunovxmib]  [23835a8a-a28d-49f0-8e0b-d1e65659a715]  Added the event {
  event_type: 'TestRunFinished',
  test_run: {
    type: 'test',
    framework: 'WebdriverIO-mocha',
    uuid: '83c88874-888c-491c-8b5a-cf66227ca9d8',
    name: 'should successfully log in with valid credentials',
    body: {
      lang: 'ecmascript',
      code: 'function (...specFnArgs) {\n' +
        "        return testFnWrapper.call(this, 'Test', {\n" +
        '            specFn,\n' +
        '            specFnArgs: filterSpecArgs(specFnArgs)\n' +
        '        }, {\n' +
        '            beforeFn,\n' +
        '            beforeFnArgs\n' +
        '        }, {\n' +
        '            afterFn,\n' +
        '            afterFnArgs\n' +
        '        }, cid, repeatTest);\n' +
        '    }'
    },
    identifier: 'should successfully log in with valid credentials',
    scope: 'WebdriverIO Native Demo App - should successfully log in with valid credentials',
    scopes: [ 'WebdriverIO Native Demo App' ],
    file_name: 'test\\specs\\app.e2e.js',
    vc_filepath: 'test\\specs\\app.e2e.js',
    location: 'test\\specs\\app.e2e.js',
    result: 'failed',
    duration_in_ms: 10899,
    started_at: '2026-08-19T12:38:17.509Z',
    finished_at: '2026-08-19T12:38:28.408Z',
    failure: [ [Object] ],
    failure_type: 'UnhandledError',
    failure_reason: 'element ("~Login") still not displayed after 10000ms',
    retry_of: null,
    custom_metadata: undefined,
    tags: [],
    customRerunParam: { rerun_name: undefined },
    hooks: [],
    product_map: {
      observability: true,
      accessibility: false,
      percy: false,
      automate: false,
      app_automate: true
    }
  },
  logs: []
} to 15120:0 (target=/api/v2/builds/xirtywadaqkwaweabvmyhdxdvpt0uawgunovxmib/batch)
2026-08-19T12:38:28.990Z CLI info [testhub:request-queue-handler]  [xirtywadaqkwaweabvmyhdxdvpt0uawgunovxmib]  [23835a8a-a28d-49f0-8e0b-d1e65659a715]  Processing batch event [
  {
    event_type: 'TestRunFinished',
    test_run: {
      type: 'test',
      framework: 'WebdriverIO-mocha',
      uuid: '83c88874-888c-491c-8b5a-cf66227ca9d8',
      name: 'should successfully log in with valid credentials',
      body: {
        lang: 'ecmascript',
        code: 'function (...specFnArgs) {\n' +
          "        return testFnWrapper.call(this, 'Test', {\n" +
          '            specFn,\n' +
          '            specFnArgs: filterSpecArgs(specFnArgs)\n' +
          '        }, {\n' +
          '            beforeFn,\n' +
          '            beforeFnArgs\n' +
          '        }, {\n' +
          '            afterFn,\n' +
          '            afterFnArgs\n' +
          '        }, cid, repeatTest);\n' +
          '    }'
      },
      identifier: 'should successfully log in with valid credentials',
      scope: 'WebdriverIO Native Demo App - should successfully log in with valid credentials',
      scopes: [ 'WebdriverIO Native Demo App' ],
      file_name: 'test\\specs\\app.e2e.js',
      vc_filepath: 'test\\specs\\app.e2e.js',
      location: 'test\\specs\\app.e2e.js',
      result: 'failed',
      duration_in_ms: 10899,
      started_at: '2026-08-19T12:38:17.509Z',
      finished_at: '2026-08-19T12:38:28.408Z',
      failure: [
        {
          backtrace: [
            'element ("~Login") still not displayed after 10000ms',
            'Error: element ("~Login") still not displayed after 10000ms\n' +
              '    at async LoginPage.open (C:\\Users\\Admin\\Desktop\\browserstack_test\\test\\pageobjects\\login.page.js:10:9)\n' +
              '    at async Context.<anonymous> (C:\\Users\\Admin\\Desktop\\browserstack_test\\test\\specs\\app.e2e.js:42:9)'
          ]
        }
      ],
      failure_type: 'UnhandledError',
      failure_reason: 'element ("~Login") still not displayed after 10000ms',
      retry_of: null,
      custom_metadata: undefined,
      tags: [],
      customRerunParam: { rerun_name: undefined },
      hooks: [],
      product_map: {
        observability: true,
        accessibility: false,
        percy: false,
        automate: false,
        app_automate: true
      }
    },
    logs: []
  }
] to 15120:0
2026-08-19T12:38:28.992Z CLI info  [xirtywadaqkwaweabvmyhdxdvpt0uawgunovxmib]  [23835a8a-a28d-49f0-8e0b-d1e65659a715]  [PRODUCTION] Making POST request to https://collector-observability.browserstack.com
2026-08-19T12:38:30.139Z CLI info  [xirtywadaqkwaweabvmyhdxdvpt0uawgunovxmib]  [23835a8a-a28d-49f0-8e0b-d1e65659a715]  [PRODUCTION] Making GET request to https://api.browserstack.com
2026-08-19T12:38:30.148Z CLI info  [xirtywadaqkwaweabvmyhdxdvpt0uawgunovxmib]  [23835a8a-a28d-49f0-8e0b-d1e65659a715]  [PRODUCTION] Making PUT request to https://collector-observability.browserstack.com
2026-08-19T12:38:30.639Z CLI info [testhub:module]  [xirtywadaqkwaweabvmyhdxdvpt0uawgunovxmib]  [23835a8a-a28d-49f0-8e0b-d1e65659a715]  stopBuild: xirtywadaqkwaweabvmyhdxdvpt0uawgunovxmib request={"finished_at":"2026-08-19T12:38:30.138Z","finished_metadata":[],"custom_metadata":null} response={"data":""}
2026-08-19T12:38:30.645Z CLI info  [xirtywadaqkwaweabvmyhdxdvpt0uawgunovxmib]  [23835a8a-a28d-49f0-8e0b-d1e65659a715]  [PRODUCTION] Making POST request to https://api.browserstack.com
2026-08-19T12:38:31.088Z CLI info [TEST REPORTING AND ANALYTICS:module]  [xirtywadaqkwaweabvmyhdxdvpt0uawgunovxmib]  [23835a8a-a28d-49f0-8e0b-d1e65659a715]  Visit https://automation.browserstack.com/builds/xirtywadaqkwaweabvmyhdxdvpt0uawgunovxmib to view build report, insights, and many more debugging information all at one place!
2026-08-19T12:44:34.589Z CLI info [main]    Server listening on port: 5400
2026-08-19T12:44:34.613Z CLI info    Config : {"userName":"[REDACTED]","accessKey":"[REDACTED]","platforms":[{"platformName":"Android","appium:deviceName":"Google Pixel 7","appium:platformVersion":"13.0","appium:automationName":"UiAutomator2","appium:app":"NativeDemoApp","projectName":"WebdriverIO Native Demo App","debug":true,"networkLogs":true,"buildName":"Pixel 7 - Android 13","sessionName":"Pixel 7 Android Test","wdioService":"9.34.1"}],"isNonBstackA11yWDIO":false,"app":"NativeDemoApp","browserstackLocal":false,"testObservability":true,"testContextOptions":{"skipSessionName":false,"skipSessionStatus":false,"sessionNameOmitTestTitle":false,"sessionNamePrependTopLevelSuiteTitle":false,"sessionNameFormat":""},"buildTag":[]}
2026-08-19T12:44:34.640Z CLI info    Should start debug utility: undefined
2026-08-19T12:44:34.752Z CLI info [testhub:module]   [3d2c3d1e-9ec4-4c24-a3fc-f1d3af480fce]  Starting testhub from 20416:0
2026-08-19T12:44:34.753Z CLI info   [3d2c3d1e-9ec4-4c24-a3fc-f1d3af480fce]  [PRODUCTION] Making POST request to https://sdk.browserstack.com
2026-08-19T12:44:34.754Z CLI info   [3d2c3d1e-9ec4-4c24-a3fc-f1d3af480fce]  [PRODUCTION] Making GET request to https://hub.browserstack.com
2026-08-19T12:44:35.097Z CLI info   [3d2c3d1e-9ec4-4c24-a3fc-f1d3af480fce]  [PRODUCTION] Making GET request to https://hub-euw.browserstack.com
2026-08-19T12:44:35.098Z CLI info   [3d2c3d1e-9ec4-4c24-a3fc-f1d3af480fce]  [PRODUCTION] Making GET request to https://hub-use.browserstack.com
2026-08-19T12:44:35.099Z CLI info   [3d2c3d1e-9ec4-4c24-a3fc-f1d3af480fce]  [PRODUCTION] Making GET request to https://hub-aps.browserstack.com
2026-08-19T12:44:35.855Z CLI info [testhub:module]   [3d2c3d1e-9ec4-4c24-a3fc-f1d3af480fce]  startBuild: response=mfdnevmogv5iv6xav7tegsvon5uean7ftmvgmdd3
2026-08-19T12:44:35.858Z CLI info  [mfdnevmogv5iv6xav7tegsvon5uean7ftmvgmdd3]  [3d2c3d1e-9ec4-4c24-a3fc-f1d3af480fce]  [PRODUCTION] Making POST request to https://api.browserstack.com
2026-08-19T12:44:36.420Z CLI info  [mfdnevmogv5iv6xav7tegsvon5uean7ftmvgmdd3]  [3d2c3d1e-9ec4-4c24-a3fc-f1d3af480fce]  [PRODUCTION] Making GET request to https://api.browserstack.com
2026-08-19T12:44:36.822Z CLI error  [mfdnevmogv5iv6xav7tegsvon5uean7ftmvgmdd3]  [3d2c3d1e-9ec4-4c24-a3fc-f1d3af480fce]  error invoking callback for eventName onStart: invalid percyToken=null
2026-08-19T12:44:36.822Z CLI error  [mfdnevmogv5iv6xav7tegsvon5uean7ftmvgmdd3]  [3d2c3d1e-9ec4-4c24-a3fc-f1d3af480fce]  Error: invalid percyToken=null
    at C:\snapshot\browserstack-binary\cli\dist\index.js
    at process.processTicksAndRejections (node:internal/process/task_queues:95:5)
2026-08-19T12:44:36.822Z CLI info [appautomate:service]  [mfdnevmogv5iv6xav7tegsvon5uean7ftmvgmdd3]  [3d2c3d1e-9ec4-4c24-a3fc-f1d3af480fce]  Using app: NativeDemoApp
2026-08-19T12:44:39.434Z CLI info [sdk:service]  [mfdnevmogv5iv6xav7tegsvon5uean7ftmvgmdd3]  [3d2c3d1e-9ec4-4c24-a3fc-f1d3af480fce]  Driver initialized as primary driver: platformIndex=0
2026-08-19T12:44:56.062Z CLI info [testhub:request-queue-handler]  [mfdnevmogv5iv6xav7tegsvon5uean7ftmvgmdd3]  [3d2c3d1e-9ec4-4c24-a3fc-f1d3af480fce]  Added the event {
  event_type: 'CBTSessionCreated',
  test_run: {
    uuid: '38021b61-f729-439d-a5f1-ccbe594ca702',
    integrations: { browserstack: [Object] }
  }
} to 20416:0 (target=/api/v2/builds/mfdnevmogv5iv6xav7tegsvon5uean7ftmvgmdd3/batch)
2026-08-19T12:44:56.065Z CLI info [testhub:request-queue-handler]  [mfdnevmogv5iv6xav7tegsvon5uean7ftmvgmdd3]  [3d2c3d1e-9ec4-4c24-a3fc-f1d3af480fce]  Added the event {
  event_type: 'TestRunStarted',
  test_run: {
    type: 'test',
    framework: 'WebdriverIO-mocha',
    uuid: '38021b61-f729-439d-a5f1-ccbe594ca702',
    name: 'should open the Forms screen and interact with a switch',
    body: {
      lang: 'ecmascript',
      code: 'function (...specFnArgs) {\n' +
        "        return testFnWrapper.call(this, 'Test', {\n" +
        '            specFn,\n' +
        '            specFnArgs: filterSpecArgs(specFnArgs)\n' +
        '        }, {\n' +
        '            beforeFn,\n' +
        '            beforeFnArgs\n' +
        '        }, {\n' +
        '            afterFn,\n' +
        '            afterFnArgs\n' +
        '        }, cid, repeatTest);\n' +
        '    }'
    },
    identifier: 'should open the Forms screen and interact with a switch',
    scope: 'WebdriverIO Native Demo App - should open the Forms screen and interact with a switch',
    scopes: [ 'WebdriverIO Native Demo App' ],
    file_name: 'test\\specs\\app.e2e.js',
    vc_filepath: 'test\\specs\\app.e2e.js',
    location: 'test\\specs\\app.e2e.js',
    result: 'pending',
    duration_in_ms: null,
    started_at: '2026-08-19T12:44:55.268Z',
    failure: undefined,
    failure_type: undefined,
    failure_reason: undefined,
    retry_of: null,
    custom_metadata: undefined,
    tags: [],
    customRerunParam: { rerun_name: undefined },
    hooks: [],
    product_map: {
      observability: true,
      accessibility: false,
      percy: false,
      automate: false,
      app_automate: true
    }
  },
  logs: []
} to 20416:0 (target=/api/v2/builds/mfdnevmogv5iv6xav7tegsvon5uean7ftmvgmdd3/batch)
2026-08-19T12:44:57.917Z CLI info [testhub:request-queue-handler]  [mfdnevmogv5iv6xav7tegsvon5uean7ftmvgmdd3]  [3d2c3d1e-9ec4-4c24-a3fc-f1d3af480fce]  Processing batch event [
  {
    event_type: 'CBTSessionCreated',
    test_run: {
      uuid: '38021b61-f729-439d-a5f1-ccbe594ca702',
      integrations: {
        browserstack: {
          product: 'app-automate',
          session_id: '8114c7bc218f073b5829c43acf692e1a70bb9ee3',
          capabilities: {
            platform: 'LINUX',
            webStorageEnabled: false,
            takesScreenshot: true,
            javascriptEnabled: true,
            databaseEnabled: false,
            networkConnectionEnabled: true,
            locationContextEnabled: false,
            warnings: {},
            desired: {
              platformName: 'Android',
              'bstack:options': { hostName: 'DESKTOP-44JTQN2', buildIdentifier: '#3' },
              'goog:chromeOptions': {},
              newCommandTimeout: 0,
              deviceName: 'Google Pixel 7',
              chromedriverPorts: [ [ 18100, 18110 ] ],
              chromedriverArgs: [ '--adb-port=5038' ],
              automationName: 'UiAutomator2',
              systemPort: 8200,
              bundleID: 'com.wdiodemoapp',
              bundleId: 'com.wdiodemoapp',
              skipServerInstallation: true,
              udid: '2B101FDH2003J0',
              appPackage: 'com.wdiodemoapp',
              appActivity: 'com.wdiodemoapp.SplashActivity',
              nativeWebScreenshot: true,
              disableSuppressAccessibilityService: true
            },
            platformName: 'Android',
            'bstack:options': { hostName: 'DESKTOP-44JTQN2', buildIdentifier: '#3' },
            'goog:chromeOptions': {},
            newCommandTimeout: 0,
            deviceName: '2B101FDH2003J0',
            chromedriverPorts: [ [ 18100, 18110 ] ],
            chromedriverArgs: [ '--adb-port=5038' ],
            automationName: 'UiAutomator2',
            systemPort: 8200,
            bundleID: 'com.wdiodemoapp',
            bundleId: 'com.wdiodemoapp',
            skipServerInstallation: true,
            udid: '2B101FDH2003J0',
            appPackage: 'com.wdiodemoapp',
            appActivity: 'com.wdiodemoapp.SplashActivity',
            nativeWebScreenshot: true,
            disableSuppressAccessibilityService: true,
            deviceUDID: '2B101FDH2003J0',
            deviceApiLevel: 33,
            platformVersion: '13',
            deviceScreenSize: '1080x2400',
            deviceScreenDensity: 420,
            deviceModel: 'Pixel 7',
            deviceManufacturer: 'Google',
            pixelRatio: 2.625,
            statBarHeight: 118,
            viewportRect: { left: 0, top: 118, width: 1080, height: 2101 }
          },
          platform: 'Android',
          platform_version: '13',
          browser: undefined,
          browser_version: undefined
        }
      }
    }
  },
  {
    event_type: 'TestRunStarted',
    test_run: {
      type: 'test',
      framework: 'WebdriverIO-mocha',
      uuid: '38021b61-f729-439d-a5f1-ccbe594ca702',
      name: 'should open the Forms screen and interact with a switch',
      body: {
        lang: 'ecmascript',
        code: 'function (...specFnArgs) {\n' +
          "        return testFnWrapper.call(this, 'Test', {\n" +
          '            specFn,\n' +
          '            specFnArgs: filterSpecArgs(specFnArgs)\n' +
          '        }, {\n' +
          '            beforeFn,\n' +
          '            beforeFnArgs\n' +
          '        }, {\n' +
          '            afterFn,\n' +
          '            afterFnArgs\n' +
          '        }, cid, repeatTest);\n' +
          '    }'
      },
      identifier: 'should open the Forms screen and interact with a switch',
      scope: 'WebdriverIO Native Demo App - should open the Forms screen and interact with a switch',
      scopes: [ 'WebdriverIO Native Demo App' ],
      file_name: 'test\\specs\\app.e2e.js',
      vc_filepath: 'test\\specs\\app.e2e.js',
      location: 'test\\specs\\app.e2e.js',
      result: 'pending',
      duration_in_ms: null,
      started_at: '2026-08-19T12:44:55.268Z',
      failure: undefined,
      failure_type: undefined,
      failure_reason: undefined,
      retry_of: null,
      custom_metadata: undefined,
      tags: [],
      customRerunParam: { rerun_name: undefined },
      hooks: [],
      product_map: {
        observability: true,
        accessibility: false,
        percy: false,
        automate: false,
        app_automate: true
      }
    },
    logs: []
  }
] to 20416:0
2026-08-19T12:44:57.919Z CLI info  [mfdnevmogv5iv6xav7tegsvon5uean7ftmvgmdd3]  [3d2c3d1e-9ec4-4c24-a3fc-f1d3af480fce]  [PRODUCTION] Making POST request to https://collector-observability.browserstack.com
2026-08-19T12:44:59.237Z CLI warn [TEST REPORTING AND ANALYTICS:webdriverio:mocha]  [mfdnevmogv5iv6xav7tegsvon5uean7ftmvgmdd3]  [3d2c3d1e-9ec4-4c24-a3fc-f1d3af480fce]  TestRunFinished: event={"test_framework_name":"WebdriverIO-mocha","test_framework_version":"9.34.1","test_logs":[],"test_hooks_finished":{},"test_hooks_started":{},"test_uuid":"38021b61-f729-439d-a5f1-ccbe594ca702","test_result":"passed","test_id":"WebdriverIO Native Demo App - should open the Forms screen and interact with a switch","test_name":"should open the Forms screen and interact with a switch","test_code":"function (...specFnArgs) {\n        return testFnWrapper.call(this, 'Test', {\n            specFn,\n            specFnArgs: filterSpecArgs(specFnArgs)\n        }, {\n            beforeFn,\n            beforeFnArgs\n        }, {\n            afterFn,\n            afterFnArgs\n        }, cid, repeatTest);\n    }","test_file_path":"C:\\Users\\Admin\\Desktop\\browserstack_test\\test\\specs\\app.e2e.js","test_location":"test\\specs\\app.e2e.js","test_scope":"WebdriverIO Native Demo App - should open the Forms screen and interact with a switch","test_scopes":["WebdriverIO Native Demo App"],"test_started_at":"2026-08-19T12:44:55.268Z","automate_session_name":"WebdriverIO Native Demo App - should open the Forms screen and interact with a switch","test_failure":null,"test_failure_reason":null,"test_failure_type":null,"test_ended_at":"2026-08-19T12:44:59.236Z","automate_session_status":"passed","test_deferred":true,"logs":[]}
2026-08-19T12:44:59.238Z CLI info [testhub:request-queue-handler]  [mfdnevmogv5iv6xav7tegsvon5uean7ftmvgmdd3]  [3d2c3d1e-9ec4-4c24-a3fc-f1d3af480fce]  Added the event {
  event_type: 'TestRunFinished',
  test_run: {
    type: 'test',
    framework: 'WebdriverIO-mocha',
    uuid: '38021b61-f729-439d-a5f1-ccbe594ca702',
    name: 'should open the Forms screen and interact with a switch',
    body: {
      lang: 'ecmascript',
      code: 'function (...specFnArgs) {\n' +
        "        return testFnWrapper.call(this, 'Test', {\n" +
        '            specFn,\n' +
        '            specFnArgs: filterSpecArgs(specFnArgs)\n' +
        '        }, {\n' +
        '            beforeFn,\n' +
        '            beforeFnArgs\n' +
        '        }, {\n' +
        '            afterFn,\n' +
        '            afterFnArgs\n' +
        '        }, cid, repeatTest);\n' +
        '    }'
    },
    identifier: 'should open the Forms screen and interact with a switch',
    scope: 'WebdriverIO Native Demo App - should open the Forms screen and interact with a switch',
    scopes: [ 'WebdriverIO Native Demo App' ],
    file_name: 'test\\specs\\app.e2e.js',
    vc_filepath: 'test\\specs\\app.e2e.js',
    location: 'test\\specs\\app.e2e.js',
    result: 'passed',
    duration_in_ms: 3968,
    started_at: '2026-08-19T12:44:55.268Z',
    finished_at: '2026-08-19T12:44:59.236Z',
    failure: null,
    failure_type: null,
    failure_reason: null,
    retry_of: null,
    custom_metadata: undefined,
    tags: [],
    customRerunParam: { rerun_name: undefined },
    hooks: [],
    product_map: {
      observability: true,
      accessibility: false,
      percy: false,
      automate: false,
      app_automate: true
    }
  },
  logs: []
} to 20416:0 (target=/api/v2/builds/mfdnevmogv5iv6xav7tegsvon5uean7ftmvgmdd3/batch)
2026-08-19T12:44:59.461Z CLI info [testhub:request-queue-handler]  [mfdnevmogv5iv6xav7tegsvon5uean7ftmvgmdd3]  [3d2c3d1e-9ec4-4c24-a3fc-f1d3af480fce]  Added the event {
  event_type: 'CBTSessionCreated',
  test_run: {
    uuid: '89b0fff9-9e65-486e-8998-aa8a5dea87b6',
    integrations: { browserstack: [Object] }
  }
} to 20416:0 (target=/api/v2/builds/mfdnevmogv5iv6xav7tegsvon5uean7ftmvgmdd3/batch)
2026-08-19T12:44:59.464Z CLI info [testhub:request-queue-handler]  [mfdnevmogv5iv6xav7tegsvon5uean7ftmvgmdd3]  [3d2c3d1e-9ec4-4c24-a3fc-f1d3af480fce]  Added the event {
  event_type: 'TestRunStarted',
  test_run: {
    type: 'test',
    framework: 'WebdriverIO-mocha',
    uuid: '89b0fff9-9e65-486e-8998-aa8a5dea87b6',
    name: 'should select a different option from the dropdown',
    body: {
      lang: 'ecmascript',
      code: 'function (...specFnArgs) {\n' +
        "        return testFnWrapper.call(this, 'Test', {\n" +
        '            specFn,\n' +
        '            specFnArgs: filterSpecArgs(specFnArgs)\n' +
        '        }, {\n' +
        '            beforeFn,\n' +
        '            beforeFnArgs\n' +
        '        }, {\n' +
        '            afterFn,\n' +
        '            afterFnArgs\n' +
        '        }, cid, repeatTest);\n' +
        '    }'
    },
    identifier: 'should select a different option from the dropdown',
    scope: 'WebdriverIO Native Demo App - should select a different option from the dropdown',
    scopes: [ 'WebdriverIO Native Demo App' ],
    file_name: 'test\\specs\\app.e2e.js',
    vc_filepath: 'test\\specs\\app.e2e.js',
    location: 'test\\specs\\app.e2e.js',
    result: 'pending',
    duration_in_ms: null,
    started_at: '2026-08-19T12:44:59.239Z',
    failure: undefined,
    failure_type: undefined,
    failure_reason: undefined,
    retry_of: null,
    custom_metadata: undefined,
    tags: [],
    customRerunParam: { rerun_name: undefined },
    hooks: [],
    product_map: {
      observability: true,
      accessibility: false,
      percy: false,
      automate: false,
      app_automate: true
    }
  },
  logs: []
} to 20416:0 (target=/api/v2/builds/mfdnevmogv5iv6xav7tegsvon5uean7ftmvgmdd3/batch)
2026-08-19T12:44:59.929Z CLI info [testhub:request-queue-handler]  [mfdnevmogv5iv6xav7tegsvon5uean7ftmvgmdd3]  [3d2c3d1e-9ec4-4c24-a3fc-f1d3af480fce]  Processing batch event [
  {
    event_type: 'TestRunFinished',
    test_run: {
      type: 'test',
      framework: 'WebdriverIO-mocha',
      uuid: '38021b61-f729-439d-a5f1-ccbe594ca702',
      name: 'should open the Forms screen and interact with a switch',
      body: {
        lang: 'ecmascript',
        code: 'function (...specFnArgs) {\n' +
          "        return testFnWrapper.call(this, 'Test', {\n" +
          '            specFn,\n' +
          '            specFnArgs: filterSpecArgs(specFnArgs)\n' +
          '        }, {\n' +
          '            beforeFn,\n' +
          '            beforeFnArgs\n' +
          '        }, {\n' +
          '            afterFn,\n' +
          '            afterFnArgs\n' +
          '        }, cid, repeatTest);\n' +
          '    }'
      },
      identifier: 'should open the Forms screen and interact with a switch',
      scope: 'WebdriverIO Native Demo App - should open the Forms screen and interact with a switch',
      scopes: [ 'WebdriverIO Native Demo App' ],
      file_name: 'test\\specs\\app.e2e.js',
      vc_filepath: 'test\\specs\\app.e2e.js',
      location: 'test\\specs\\app.e2e.js',
      result: 'passed',
      duration_in_ms: 3968,
      started_at: '2026-08-19T12:44:55.268Z',
      finished_at: '2026-08-19T12:44:59.236Z',
      failure: null,
      failure_type: null,
      failure_reason: null,
      retry_of: null,
      custom_metadata: undefined,
      tags: [],
      customRerunParam: { rerun_name: undefined },
      hooks: [],
      product_map: {
        observability: true,
        accessibility: false,
        percy: false,
        automate: false,
        app_automate: true
      }
    },
    logs: []
  },
  {
    event_type: 'CBTSessionCreated',
    test_run: {
      uuid: '89b0fff9-9e65-486e-8998-aa8a5dea87b6',
      integrations: {
        browserstack: {
          product: 'app-automate',
          session_id: '8114c7bc218f073b5829c43acf692e1a70bb9ee3',
          capabilities: {
            platform: 'LINUX',
            webStorageEnabled: false,
            takesScreenshot: true,
            javascriptEnabled: true,
            databaseEnabled: false,
            networkConnectionEnabled: true,
            locationContextEnabled: false,
            warnings: {},
            desired: {
              platformName: 'Android',
              'bstack:options': { hostName: 'DESKTOP-44JTQN2', buildIdentifier: '#3' },
              'goog:chromeOptions': {},
              newCommandTimeout: 0,
              deviceName: 'Google Pixel 7',
              chromedriverPorts: [ [ 18100, 18110 ] ],
              chromedriverArgs: [ '--adb-port=5038' ],
              automationName: 'UiAutomator2',
              systemPort: 8200,
              bundleID: 'com.wdiodemoapp',
              bundleId: 'com.wdiodemoapp',
              skipServerInstallation: true,
              udid: '2B101FDH2003J0',
              appPackage: 'com.wdiodemoapp',
              appActivity: 'com.wdiodemoapp.SplashActivity',
              nativeWebScreenshot: true,
              disableSuppressAccessibilityService: true
            },
            platformName: 'Android',
            'bstack:options': { hostName: 'DESKTOP-44JTQN2', buildIdentifier: '#3' },
            'goog:chromeOptions': {},
            newCommandTimeout: 0,
            deviceName: '2B101FDH2003J0',
            chromedriverPorts: [ [ 18100, 18110 ] ],
            chromedriverArgs: [ '--adb-port=5038' ],
            automationName: 'UiAutomator2',
            systemPort: 8200,
            bundleID: 'com.wdiodemoapp',
            bundleId: 'com.wdiodemoapp',
            skipServerInstallation: true,
            udid: '2B101FDH2003J0',
            appPackage: 'com.wdiodemoapp',
            appActivity: 'com.wdiodemoapp.SplashActivity',
            nativeWebScreenshot: true,
            disableSuppressAccessibilityService: true,
            deviceUDID: '2B101FDH2003J0',
            deviceApiLevel: 33,
            platformVersion: '13',
            deviceScreenSize: '1080x2400',
            deviceScreenDensity: 420,
            deviceModel: 'Pixel 7',
            deviceManufacturer: 'Google',
            pixelRatio: 2.625,
            statBarHeight: 118,
            viewportRect: { left: 0, top: 118, width: 1080, height: 2101 }
          },
          platform: 'Android',
          platform_version: '13',
          browser: undefined,
          browser_version: undefined
        }
      }
    }
  },
  {
    event_type: 'TestRunStarted',
    test_run: {
      type: 'test',
      framework: 'WebdriverIO-mocha',
      uuid: '89b0fff9-9e65-486e-8998-aa8a5dea87b6',
      name: 'should select a different option from the dropdown',
      body: {
        lang: 'ecmascript',
        code: 'function (...specFnArgs) {\n' +
          "        return testFnWrapper.call(this, 'Test', {\n" +
          '            specFn,\n' +
          '            specFnArgs: filterSpecArgs(specFnArgs)\n' +
          '        }, {\n' +
          '            beforeFn,\n' +
          '            beforeFnArgs\n' +
          '        }, {\n' +
          '            afterFn,\n' +
          '            afterFnArgs\n' +
          '        }, cid, repeatTest);\n' +
          '    }'
      },
      identifier: 'should select a different option from the dropdown',
      scope: 'WebdriverIO Native Demo App - should select a different option from the dropdown',
      scopes: [ 'WebdriverIO Native Demo App' ],
      file_name: 'test\\specs\\app.e2e.js',
      vc_filepath: 'test\\specs\\app.e2e.js',
      location: 'test\\specs\\app.e2e.js',
      result: 'pending',
      duration_in_ms: null,
      started_at: '2026-08-19T12:44:59.239Z',
      failure: undefined,
      failure_type: undefined,
      failure_reason: undefined,
      retry_of: null,
      custom_metadata: undefined,
      tags: [],
      customRerunParam: { rerun_name: undefined },
      hooks: [],
      product_map: {
        observability: true,
        accessibility: false,
        percy: false,
        automate: false,
        app_automate: true
      }
    },
    logs: []
  }
] to 20416:0
2026-08-19T12:44:59.930Z CLI info  [mfdnevmogv5iv6xav7tegsvon5uean7ftmvgmdd3]  [3d2c3d1e-9ec4-4c24-a3fc-f1d3af480fce]  [PRODUCTION] Making POST request to https://collector-observability.browserstack.com
2026-08-19T12:45:03.811Z CLI warn [TEST REPORTING AND ANALYTICS:webdriverio:mocha]  [mfdnevmogv5iv6xav7tegsvon5uean7ftmvgmdd3]  [3d2c3d1e-9ec4-4c24-a3fc-f1d3af480fce]  TestRunFinished: event={"test_framework_name":"WebdriverIO-mocha","test_framework_version":"9.34.1","test_logs":[],"test_hooks_finished":{},"test_hooks_started":{},"test_uuid":"89b0fff9-9e65-486e-8998-aa8a5dea87b6","test_result":"passed","test_id":"WebdriverIO Native Demo App - should select a different option from the dropdown","test_name":"should select a different option from the dropdown","test_code":"function (...specFnArgs) {\n        return testFnWrapper.call(this, 'Test', {\n            specFn,\n            specFnArgs: filterSpecArgs(specFnArgs)\n        }, {\n            beforeFn,\n            beforeFnArgs\n        }, {\n            afterFn,\n            afterFnArgs\n        }, cid, repeatTest);\n    }","test_file_path":"C:\\Users\\Admin\\Desktop\\browserstack_test\\test\\specs\\app.e2e.js","test_location":"test\\specs\\app.e2e.js","test_scope":"WebdriverIO Native Demo App - should select a different option from the dropdown","test_scopes":["WebdriverIO Native Demo App"],"test_started_at":"2026-08-19T12:44:59.239Z","automate_session_name":"WebdriverIO Native Demo App - should select a different option from the dropdown","test_failure":null,"test_failure_reason":null,"test_failure_type":null,"test_ended_at":"2026-08-19T12:45:03.809Z","automate_session_status":"passed","test_deferred":true,"logs":[]}
2026-08-19T12:45:03.811Z CLI info [testhub:request-queue-handler]  [mfdnevmogv5iv6xav7tegsvon5uean7ftmvgmdd3]  [3d2c3d1e-9ec4-4c24-a3fc-f1d3af480fce]  Added the event {
  event_type: 'TestRunFinished',
  test_run: {
    type: 'test',
    framework: 'WebdriverIO-mocha',
    uuid: '89b0fff9-9e65-486e-8998-aa8a5dea87b6',
    name: 'should select a different option from the dropdown',
    body: {
      lang: 'ecmascript',
      code: 'function (...specFnArgs) {\n' +
        "        return testFnWrapper.call(this, 'Test', {\n" +
        '            specFn,\n' +
        '            specFnArgs: filterSpecArgs(specFnArgs)\n' +
        '        }, {\n' +
        '            beforeFn,\n' +
        '            beforeFnArgs\n' +
        '        }, {\n' +
        '            afterFn,\n' +
        '            afterFnArgs\n' +
        '        }, cid, repeatTest);\n' +
        '    }'
    },
    identifier: 'should select a different option from the dropdown',
    scope: 'WebdriverIO Native Demo App - should select a different option from the dropdown',
    scopes: [ 'WebdriverIO Native Demo App' ],
    file_name: 'test\\specs\\app.e2e.js',
    vc_filepath: 'test\\specs\\app.e2e.js',
    location: 'test\\specs\\app.e2e.js',
    result: 'passed',
    duration_in_ms: 4570,
    started_at: '2026-08-19T12:44:59.239Z',
    finished_at: '2026-08-19T12:45:03.809Z',
    failure: null,
    failure_type: null,
    failure_reason: null,
    retry_of: null,
    custom_metadata: undefined,
    tags: [],
    customRerunParam: { rerun_name: undefined },
    hooks: [],
    product_map: {
      observability: true,
      accessibility: false,
      percy: false,
      automate: false,
      app_automate: true
    }
  },
  logs: []
} to 20416:0 (target=/api/v2/builds/mfdnevmogv5iv6xav7tegsvon5uean7ftmvgmdd3/batch)
2026-08-19T12:45:03.944Z CLI info [testhub:request-queue-handler]  [mfdnevmogv5iv6xav7tegsvon5uean7ftmvgmdd3]  [3d2c3d1e-9ec4-4c24-a3fc-f1d3af480fce]  Processing batch event [
  {
    event_type: 'TestRunFinished',
    test_run: {
      type: 'test',
      framework: 'WebdriverIO-mocha',
      uuid: '89b0fff9-9e65-486e-8998-aa8a5dea87b6',
      name: 'should select a different option from the dropdown',
      body: {
        lang: 'ecmascript',
        code: 'function (...specFnArgs) {\n' +
          "        return testFnWrapper.call(this, 'Test', {\n" +
          '            specFn,\n' +
          '            specFnArgs: filterSpecArgs(specFnArgs)\n' +
          '        }, {\n' +
          '            beforeFn,\n' +
          '            beforeFnArgs\n' +
          '        }, {\n' +
          '            afterFn,\n' +
          '            afterFnArgs\n' +
          '        }, cid, repeatTest);\n' +
          '    }'
      },
      identifier: 'should select a different option from the dropdown',
      scope: 'WebdriverIO Native Demo App - should select a different option from the dropdown',
      scopes: [ 'WebdriverIO Native Demo App' ],
      file_name: 'test\\specs\\app.e2e.js',
      vc_filepath: 'test\\specs\\app.e2e.js',
      location: 'test\\specs\\app.e2e.js',
      result: 'passed',
      duration_in_ms: 4570,
      started_at: '2026-08-19T12:44:59.239Z',
      finished_at: '2026-08-19T12:45:03.809Z',
      failure: null,
      failure_type: null,
      failure_reason: null,
      retry_of: null,
      custom_metadata: undefined,
      tags: [],
      customRerunParam: { rerun_name: undefined },
      hooks: [],
      product_map: {
        observability: true,
        accessibility: false,
        percy: false,
        automate: false,
        app_automate: true
      }
    },
    logs: []
  }
] to 20416:0
2026-08-19T12:45:03.946Z CLI info  [mfdnevmogv5iv6xav7tegsvon5uean7ftmvgmdd3]  [3d2c3d1e-9ec4-4c24-a3fc-f1d3af480fce]  [PRODUCTION] Making POST request to https://collector-observability.browserstack.com
2026-08-19T12:45:04.658Z CLI info [testhub:request-queue-handler]  [mfdnevmogv5iv6xav7tegsvon5uean7ftmvgmdd3]  [3d2c3d1e-9ec4-4c24-a3fc-f1d3af480fce]  Added the event {
  event_type: 'CBTSessionCreated',
  test_run: {
    uuid: '093ce2c5-d4dd-4ae6-a5cb-63e13a292b1a',
    integrations: { browserstack: [Object] }
  }
} to 20416:0 (target=/api/v2/builds/mfdnevmogv5iv6xav7tegsvon5uean7ftmvgmdd3/batch)
2026-08-19T12:45:04.659Z CLI info [testhub:request-queue-handler]  [mfdnevmogv5iv6xav7tegsvon5uean7ftmvgmdd3]  [3d2c3d1e-9ec4-4c24-a3fc-f1d3af480fce]  Added the event {
  event_type: 'TestRunStarted',
  test_run: {
    type: 'test',
    framework: 'WebdriverIO-mocha',
    uuid: '093ce2c5-d4dd-4ae6-a5cb-63e13a292b1a',
    name: 'should swipe through cards and display different card content',
    body: {
      lang: 'ecmascript',
      code: 'function (...specFnArgs) {\n' +
        "        return testFnWrapper.call(this, 'Test', {\n" +
        '            specFn,\n' +
        '            specFnArgs: filterSpecArgs(specFnArgs)\n' +
        '        }, {\n' +
        '            beforeFn,\n' +
        '            beforeFnArgs\n' +
        '        }, {\n' +
        '            afterFn,\n' +
        '            afterFnArgs\n' +
        '        }, cid, repeatTest);\n' +
        '    }'
    },
    identifier: 'should swipe through cards and display different card content',
    scope: 'WebdriverIO Native Demo App - should swipe through cards and display different card content',
    scopes: [ 'WebdriverIO Native Demo App' ],
    file_name: 'test\\specs\\app.e2e.js',
    vc_filepath: 'test\\specs\\app.e2e.js',
    location: 'test\\specs\\app.e2e.js',
    result: 'pending',
    duration_in_ms: null,
    started_at: '2026-08-19T12:45:03.812Z',
    failure: undefined,
    failure_type: undefined,
    failure_reason: undefined,
    retry_of: null,
    custom_metadata: undefined,
    tags: [],
    customRerunParam: { rerun_name: undefined },
    hooks: [],
    product_map: {
      observability: true,
      accessibility: false,
      percy: false,
      automate: false,
      app_automate: true
    }
  },
  logs: []
} to 20416:0 (target=/api/v2/builds/mfdnevmogv5iv6xav7tegsvon5uean7ftmvgmdd3/batch)
2026-08-19T12:45:05.946Z CLI info [testhub:request-queue-handler]  [mfdnevmogv5iv6xav7tegsvon5uean7ftmvgmdd3]  [3d2c3d1e-9ec4-4c24-a3fc-f1d3af480fce]  Processing batch event [
  {
    event_type: 'CBTSessionCreated',
    test_run: {
      uuid: '093ce2c5-d4dd-4ae6-a5cb-63e13a292b1a',
      integrations: {
        browserstack: {
          product: 'app-automate',
          session_id: '8114c7bc218f073b5829c43acf692e1a70bb9ee3',
          capabilities: {
            platform: 'LINUX',
            webStorageEnabled: false,
            takesScreenshot: true,
            javascriptEnabled: true,
            databaseEnabled: false,
            networkConnectionEnabled: true,
            locationContextEnabled: false,
            warnings: {},
            desired: {
              platformName: 'Android',
              'bstack:options': { hostName: 'DESKTOP-44JTQN2', buildIdentifier: '#3' },
              'goog:chromeOptions': {},
              newCommandTimeout: 0,
              deviceName: 'Google Pixel 7',
              chromedriverPorts: [ [ 18100, 18110 ] ],
              chromedriverArgs: [ '--adb-port=5038' ],
              automationName: 'UiAutomator2',
              systemPort: 8200,
              bundleID: 'com.wdiodemoapp',
              bundleId: 'com.wdiodemoapp',
              skipServerInstallation: true,
              udid: '2B101FDH2003J0',
              appPackage: 'com.wdiodemoapp',
              appActivity: 'com.wdiodemoapp.SplashActivity',
              nativeWebScreenshot: true,
              disableSuppressAccessibilityService: true
            },
            platformName: 'Android',
            'bstack:options': { hostName: 'DESKTOP-44JTQN2', buildIdentifier: '#3' },
            'goog:chromeOptions': {},
            newCommandTimeout: 0,
            deviceName: '2B101FDH2003J0',
            chromedriverPorts: [ [ 18100, 18110 ] ],
            chromedriverArgs: [ '--adb-port=5038' ],
            automationName: 'UiAutomator2',
            systemPort: 8200,
            bundleID: 'com.wdiodemoapp',
            bundleId: 'com.wdiodemoapp',
            skipServerInstallation: true,
            udid: '2B101FDH2003J0',
            appPackage: 'com.wdiodemoapp',
            appActivity: 'com.wdiodemoapp.SplashActivity',
            nativeWebScreenshot: true,
            disableSuppressAccessibilityService: true,
            deviceUDID: '2B101FDH2003J0',
            deviceApiLevel: 33,
            platformVersion: '13',
            deviceScreenSize: '1080x2400',
            deviceScreenDensity: 420,
            deviceModel: 'Pixel 7',
            deviceManufacturer: 'Google',
            pixelRatio: 2.625,
            statBarHeight: 118,
            viewportRect: { left: 0, top: 118, width: 1080, height: 2101 }
          },
          platform: 'Android',
          platform_version: '13',
          browser: undefined,
          browser_version: undefined
        }
      }
    }
  },
  {
    event_type: 'TestRunStarted',
    test_run: {
      type: 'test',
      framework: 'WebdriverIO-mocha',
      uuid: '093ce2c5-d4dd-4ae6-a5cb-63e13a292b1a',
      name: 'should swipe through cards and display different card content',
      body: {
        lang: 'ecmascript',
        code: 'function (...specFnArgs) {\n' +
          "        return testFnWrapper.call(this, 'Test', {\n" +
          '            specFn,\n' +
          '            specFnArgs: filterSpecArgs(specFnArgs)\n' +
          '        }, {\n' +
          '            beforeFn,\n' +
          '            beforeFnArgs\n' +
          '        }, {\n' +
          '            afterFn,\n' +
          '            afterFnArgs\n' +
          '        }, cid, repeatTest);\n' +
          '    }'
      },
      identifier: 'should swipe through cards and display different card content',
      scope: 'WebdriverIO Native Demo App - should swipe through cards and display different card content',
      scopes: [ 'WebdriverIO Native Demo App' ],
      file_name: 'test\\specs\\app.e2e.js',
      vc_filepath: 'test\\specs\\app.e2e.js',
      location: 'test\\specs\\app.e2e.js',
      result: 'pending',
      duration_in_ms: null,
      started_at: '2026-08-19T12:45:03.812Z',
      failure: undefined,
      failure_type: undefined,
      failure_reason: undefined,
      retry_of: null,
      custom_metadata: undefined,
      tags: [],
      customRerunParam: { rerun_name: undefined },
      hooks: [],
      product_map: {
        observability: true,
        accessibility: false,
        percy: false,
        automate: false,
        app_automate: true
      }
    },
    logs: []
  }
] to 20416:0
2026-08-19T12:45:05.948Z CLI info  [mfdnevmogv5iv6xav7tegsvon5uean7ftmvgmdd3]  [3d2c3d1e-9ec4-4c24-a3fc-f1d3af480fce]  [PRODUCTION] Making POST request to https://collector-observability.browserstack.com
2026-08-19T12:45:10.142Z CLI warn [TEST REPORTING AND ANALYTICS:webdriverio:mocha]  [mfdnevmogv5iv6xav7tegsvon5uean7ftmvgmdd3]  [3d2c3d1e-9ec4-4c24-a3fc-f1d3af480fce]  TestRunFinished: event={"test_framework_name":"WebdriverIO-mocha","test_framework_version":"9.34.1","test_logs":[],"test_hooks_finished":{},"test_hooks_started":{},"test_uuid":"093ce2c5-d4dd-4ae6-a5cb-63e13a292b1a","test_result":"passed","test_id":"WebdriverIO Native Demo App - should swipe through cards and display different card content","test_name":"should swipe through cards and display different card content","test_code":"function (...specFnArgs) {\n        return testFnWrapper.call(this, 'Test', {\n            specFn,\n            specFnArgs: filterSpecArgs(specFnArgs)\n        }, {\n            beforeFn,\n            beforeFnArgs\n        }, {\n            afterFn,\n            afterFnArgs\n        }, cid, repeatTest);\n    }","test_file_path":"C:\\Users\\Admin\\Desktop\\browserstack_test\\test\\specs\\app.e2e.js","test_location":"test\\specs\\app.e2e.js","test_scope":"WebdriverIO Native Demo App - should swipe through cards and display different card content","test_scopes":["WebdriverIO Native Demo App"],"test_started_at":"2026-08-19T12:45:03.812Z","automate_session_name":"WebdriverIO Native Demo App - should swipe through cards and display different card content","test_failure":null,"test_failure_reason":null,"test_failure_type":null,"test_ended_at":"2026-08-19T12:45:10.136Z","automate_session_status":"passed","test_deferred":true,"logs":[]}
2026-08-19T12:45:10.143Z CLI info [testhub:request-queue-handler]  [mfdnevmogv5iv6xav7tegsvon5uean7ftmvgmdd3]  [3d2c3d1e-9ec4-4c24-a3fc-f1d3af480fce]  Added the event {
  event_type: 'TestRunFinished',
  test_run: {
    type: 'test',
    framework: 'WebdriverIO-mocha',
    uuid: '093ce2c5-d4dd-4ae6-a5cb-63e13a292b1a',
    name: 'should swipe through cards and display different card content',
    body: {
      lang: 'ecmascript',
      code: 'function (...specFnArgs) {\n' +
        "        return testFnWrapper.call(this, 'Test', {\n" +
        '            specFn,\n' +
        '            specFnArgs: filterSpecArgs(specFnArgs)\n' +
        '        }, {\n' +
        '            beforeFn,\n' +
        '            beforeFnArgs\n' +
        '        }, {\n' +
        '            afterFn,\n' +
        '            afterFnArgs\n' +
        '        }, cid, repeatTest);\n' +
        '    }'
    },
    identifier: 'should swipe through cards and display different card content',
    scope: 'WebdriverIO Native Demo App - should swipe through cards and display different card content',
    scopes: [ 'WebdriverIO Native Demo App' ],
    file_name: 'test\\specs\\app.e2e.js',
    vc_filepath: 'test\\specs\\app.e2e.js',
    location: 'test\\specs\\app.e2e.js',
    result: 'passed',
    duration_in_ms: 6324,
    started_at: '2026-08-19T12:45:03.812Z',
    finished_at: '2026-08-19T12:45:10.136Z',
    failure: null,
    failure_type: null,
    failure_reason: null,
    retry_of: null,
    custom_metadata: undefined,
    tags: [],
    customRerunParam: { rerun_name: undefined },
    hooks: [],
    product_map: {
      observability: true,
      accessibility: false,
      percy: false,
      automate: false,
      app_automate: true
    }
  },
  logs: []
} to 20416:0 (target=/api/v2/builds/mfdnevmogv5iv6xav7tegsvon5uean7ftmvgmdd3/batch)
2026-08-19T12:45:10.592Z CLI info [testhub:request-queue-handler]  [mfdnevmogv5iv6xav7tegsvon5uean7ftmvgmdd3]  [3d2c3d1e-9ec4-4c24-a3fc-f1d3af480fce]  Added the event {
  event_type: 'CBTSessionCreated',
  test_run: {
    uuid: '3ec89087-d409-4c52-8b30-b5e05cc9ae7a',
    integrations: { browserstack: [Object] }
  }
} to 20416:0 (target=/api/v2/builds/mfdnevmogv5iv6xav7tegsvon5uean7ftmvgmdd3/batch)
2026-08-19T12:45:10.594Z CLI info [testhub:request-queue-handler]  [mfdnevmogv5iv6xav7tegsvon5uean7ftmvgmdd3]  [3d2c3d1e-9ec4-4c24-a3fc-f1d3af480fce]  Added the event {
  event_type: 'TestRunStarted',
  test_run: {
    type: 'test',
    framework: 'WebdriverIO-mocha',
    uuid: '3ec89087-d409-4c52-8b30-b5e05cc9ae7a',
    name: 'should swipe down and display the WebdriverIO logo',
    body: {
      lang: 'ecmascript',
      code: 'function (...specFnArgs) {\n' +
        "        return testFnWrapper.call(this, 'Test', {\n" +
        '            specFn,\n' +
        '            specFnArgs: filterSpecArgs(specFnArgs)\n' +
        '        }, {\n' +
        '            beforeFn,\n' +
        '            beforeFnArgs\n' +
        '        }, {\n' +
        '            afterFn,\n' +
        '            afterFnArgs\n' +
        '        }, cid, repeatTest);\n' +
        '    }'
    },
    identifier: 'should swipe down and display the WebdriverIO logo',
    scope: 'WebdriverIO Native Demo App - should swipe down and display the WebdriverIO logo',
    scopes: [ 'WebdriverIO Native Demo App' ],
    file_name: 'test\\specs\\app.e2e.js',
    vc_filepath: 'test\\specs\\app.e2e.js',
    location: 'test\\specs\\app.e2e.js',
    result: 'pending',
    duration_in_ms: null,
    started_at: '2026-08-19T12:45:10.140Z',
    failure: undefined,
    failure_type: undefined,
    failure_reason: undefined,
    retry_of: null,
    custom_metadata: undefined,
    tags: [],
    customRerunParam: { rerun_name: undefined },
    hooks: [],
    product_map: {
      observability: true,
      accessibility: false,
      percy: false,
      automate: false,
      app_automate: true
    }
  },
  logs: []
} to 20416:0 (target=/api/v2/builds/mfdnevmogv5iv6xav7tegsvon5uean7ftmvgmdd3/batch)
2026-08-19T12:45:11.978Z CLI info [testhub:request-queue-handler]  [mfdnevmogv5iv6xav7tegsvon5uean7ftmvgmdd3]  [3d2c3d1e-9ec4-4c24-a3fc-f1d3af480fce]  Processing batch event [
  {
    event_type: 'TestRunFinished',
    test_run: {
      type: 'test',
      framework: 'WebdriverIO-mocha',
      uuid: '093ce2c5-d4dd-4ae6-a5cb-63e13a292b1a',
      name: 'should swipe through cards and display different card content',
      body: {
        lang: 'ecmascript',
        code: 'function (...specFnArgs) {\n' +
          "        return testFnWrapper.call(this, 'Test', {\n" +
          '            specFn,\n' +
          '            specFnArgs: filterSpecArgs(specFnArgs)\n' +
          '        }, {\n' +
          '            beforeFn,\n' +
          '            beforeFnArgs\n' +
          '        }, {\n' +
          '            afterFn,\n' +
          '            afterFnArgs\n' +
          '        }, cid, repeatTest);\n' +
          '    }'
      },
      identifier: 'should swipe through cards and display different card content',
      scope: 'WebdriverIO Native Demo App - should swipe through cards and display different card content',
      scopes: [ 'WebdriverIO Native Demo App' ],
      file_name: 'test\\specs\\app.e2e.js',
      vc_filepath: 'test\\specs\\app.e2e.js',
      location: 'test\\specs\\app.e2e.js',
      result: 'passed',
      duration_in_ms: 6324,
      started_at: '2026-08-19T12:45:03.812Z',
      finished_at: '2026-08-19T12:45:10.136Z',
      failure: null,
      failure_type: null,
      failure_reason: null,
      retry_of: null,
      custom_metadata: undefined,
      tags: [],
      customRerunParam: { rerun_name: undefined },
      hooks: [],
      product_map: {
        observability: true,
        accessibility: false,
        percy: false,
        automate: false,
        app_automate: true
      }
    },
    logs: []
  },
  {
    event_type: 'CBTSessionCreated',
    test_run: {
      uuid: '3ec89087-d409-4c52-8b30-b5e05cc9ae7a',
      integrations: {
        browserstack: {
          product: 'app-automate',
          session_id: '8114c7bc218f073b5829c43acf692e1a70bb9ee3',
          capabilities: {
            platform: 'LINUX',
            webStorageEnabled: false,
            takesScreenshot: true,
            javascriptEnabled: true,
            databaseEnabled: false,
            networkConnectionEnabled: true,
            locationContextEnabled: false,
            warnings: {},
            desired: {
              platformName: 'Android',
              'bstack:options': { hostName: 'DESKTOP-44JTQN2', buildIdentifier: '#3' },
              'goog:chromeOptions': {},
              newCommandTimeout: 0,
              deviceName: 'Google Pixel 7',
              chromedriverPorts: [ [ 18100, 18110 ] ],
              chromedriverArgs: [ '--adb-port=5038' ],
              automationName: 'UiAutomator2',
              systemPort: 8200,
              bundleID: 'com.wdiodemoapp',
              bundleId: 'com.wdiodemoapp',
              skipServerInstallation: true,
              udid: '2B101FDH2003J0',
              appPackage: 'com.wdiodemoapp',
              appActivity: 'com.wdiodemoapp.SplashActivity',
              nativeWebScreenshot: true,
              disableSuppressAccessibilityService: true
            },
            platformName: 'Android',
            'bstack:options': { hostName: 'DESKTOP-44JTQN2', buildIdentifier: '#3' },
            'goog:chromeOptions': {},
            newCommandTimeout: 0,
            deviceName: '2B101FDH2003J0',
            chromedriverPorts: [ [ 18100, 18110 ] ],
            chromedriverArgs: [ '--adb-port=5038' ],
            automationName: 'UiAutomator2',
            systemPort: 8200,
            bundleID: 'com.wdiodemoapp',
            bundleId: 'com.wdiodemoapp',
            skipServerInstallation: true,
            udid: '2B101FDH2003J0',
            appPackage: 'com.wdiodemoapp',
            appActivity: 'com.wdiodemoapp.SplashActivity',
            nativeWebScreenshot: true,
            disableSuppressAccessibilityService: true,
            deviceUDID: '2B101FDH2003J0',
            deviceApiLevel: 33,
            platformVersion: '13',
            deviceScreenSize: '1080x2400',
            deviceScreenDensity: 420,
            deviceModel: 'Pixel 7',
            deviceManufacturer: 'Google',
            pixelRatio: 2.625,
            statBarHeight: 118,
            viewportRect: { left: 0, top: 118, width: 1080, height: 2101 }
          },
          platform: 'Android',
          platform_version: '13',
          browser: undefined,
          browser_version: undefined
        }
      }
    }
  },
  {
    event_type: 'TestRunStarted',
    test_run: {
      type: 'test',
      framework: 'WebdriverIO-mocha',
      uuid: '3ec89087-d409-4c52-8b30-b5e05cc9ae7a',
      name: 'should swipe down and display the WebdriverIO logo',
      body: {
        lang: 'ecmascript',
        code: 'function (...specFnArgs) {\n' +
          "        return testFnWrapper.call(this, 'Test', {\n" +
          '            specFn,\n' +
          '            specFnArgs: filterSpecArgs(specFnArgs)\n' +
          '        }, {\n' +
          '            beforeFn,\n' +
          '            beforeFnArgs\n' +
          '        }, {\n' +
          '            afterFn,\n' +
          '            afterFnArgs\n' +
          '        }, cid, repeatTest);\n' +
          '    }'
      },
      identifier: 'should swipe down and display the WebdriverIO logo',
      scope: 'WebdriverIO Native Demo App - should swipe down and display the WebdriverIO logo',
      scopes: [ 'WebdriverIO Native Demo App' ],
      file_name: 'test\\specs\\app.e2e.js',
      vc_filepath: 'test\\specs\\app.e2e.js',
      location: 'test\\specs\\app.e2e.js',
      result: 'pending',
      duration_in_ms: null,
      started_at: '2026-08-19T12:45:10.140Z',
      failure: undefined,
      failure_type: undefined,
      failure_reason: undefined,
      retry_of: null,
      custom_metadata: undefined,
      tags: [],
      customRerunParam: { rerun_name: undefined },
      hooks: [],
      product_map: {
        observability: true,
        accessibility: false,
        percy: false,
        automate: false,
        app_automate: true
      }
    },
    logs: []
  }
] to 20416:0
2026-08-19T12:45:11.980Z CLI info  [mfdnevmogv5iv6xav7tegsvon5uean7ftmvgmdd3]  [3d2c3d1e-9ec4-4c24-a3fc-f1d3af480fce]  [PRODUCTION] Making POST request to https://collector-observability.browserstack.com
2026-08-19T12:45:13.139Z CLI warn [TEST REPORTING AND ANALYTICS:webdriverio:mocha]  [mfdnevmogv5iv6xav7tegsvon5uean7ftmvgmdd3]  [3d2c3d1e-9ec4-4c24-a3fc-f1d3af480fce]  TestRunFinished: event={"test_framework_name":"WebdriverIO-mocha","test_framework_version":"9.34.1","test_logs":[],"test_hooks_finished":{},"test_hooks_started":{},"test_uuid":"3ec89087-d409-4c52-8b30-b5e05cc9ae7a","test_result":"passed","test_id":"WebdriverIO Native Demo App - should swipe down and display the WebdriverIO logo","test_name":"should swipe down and display the WebdriverIO logo","test_code":"function (...specFnArgs) {\n        return testFnWrapper.call(this, 'Test', {\n            specFn,\n            specFnArgs: filterSpecArgs(specFnArgs)\n        }, {\n            beforeFn,\n            beforeFnArgs\n        }, {\n            afterFn,\n            afterFnArgs\n        }, cid, repeatTest);\n    }","test_file_path":"C:\\Users\\Admin\\Desktop\\browserstack_test\\test\\specs\\app.e2e.js","test_location":"test\\specs\\app.e2e.js","test_scope":"WebdriverIO Native Demo App - should swipe down and display the WebdriverIO logo","test_scopes":["WebdriverIO Native Demo App"],"test_started_at":"2026-08-19T12:45:10.140Z","automate_session_name":"WebdriverIO Native Demo App - should swipe down and display the WebdriverIO logo","test_failure":null,"test_failure_reason":null,"test_failure_type":null,"test_ended_at":"2026-08-19T12:45:13.134Z","automate_session_status":"passed","test_deferred":true,"logs":[]}
2026-08-19T12:45:13.140Z CLI info [testhub:request-queue-handler]  [mfdnevmogv5iv6xav7tegsvon5uean7ftmvgmdd3]  [3d2c3d1e-9ec4-4c24-a3fc-f1d3af480fce]  Added the event {
  event_type: 'TestRunFinished',
  test_run: {
    type: 'test',
    framework: 'WebdriverIO-mocha',
    uuid: '3ec89087-d409-4c52-8b30-b5e05cc9ae7a',
    name: 'should swipe down and display the WebdriverIO logo',
    body: {
      lang: 'ecmascript',
      code: 'function (...specFnArgs) {\n' +
        "        return testFnWrapper.call(this, 'Test', {\n" +
        '            specFn,\n' +
        '            specFnArgs: filterSpecArgs(specFnArgs)\n' +
        '        }, {\n' +
        '            beforeFn,\n' +
        '            beforeFnArgs\n' +
        '        }, {\n' +
        '            afterFn,\n' +
        '            afterFnArgs\n' +
        '        }, cid, repeatTest);\n' +
        '    }'
    },
    identifier: 'should swipe down and display the WebdriverIO logo',
    scope: 'WebdriverIO Native Demo App - should swipe down and display the WebdriverIO logo',
    scopes: [ 'WebdriverIO Native Demo App' ],
    file_name: 'test\\specs\\app.e2e.js',
    vc_filepath: 'test\\specs\\app.e2e.js',
    location: 'test\\specs\\app.e2e.js',
    result: 'passed',
    duration_in_ms: 2994,
    started_at: '2026-08-19T12:45:10.140Z',
    finished_at: '2026-08-19T12:45:13.134Z',
    failure: null,
    failure_type: null,
    failure_reason: null,
    retry_of: null,
    custom_metadata: undefined,
    tags: [],
    customRerunParam: { rerun_name: undefined },
    hooks: [],
    product_map: {
      observability: true,
      accessibility: false,
      percy: false,
      automate: false,
      app_automate: true
    }
  },
  logs: []
} to 20416:0 (target=/api/v2/builds/mfdnevmogv5iv6xav7tegsvon5uean7ftmvgmdd3/batch)
2026-08-19T12:45:13.331Z CLI info [testhub:request-queue-handler]  [mfdnevmogv5iv6xav7tegsvon5uean7ftmvgmdd3]  [3d2c3d1e-9ec4-4c24-a3fc-f1d3af480fce]  Added the event {
  event_type: 'CBTSessionCreated',
  test_run: {
    uuid: '9276a57c-385c-4e43-a36a-38f4ccec1784',
    integrations: { browserstack: [Object] }
  }
} to 20416:0 (target=/api/v2/builds/mfdnevmogv5iv6xav7tegsvon5uean7ftmvgmdd3/batch)
2026-08-19T12:45:13.332Z CLI info [testhub:request-queue-handler]  [mfdnevmogv5iv6xav7tegsvon5uean7ftmvgmdd3]  [3d2c3d1e-9ec4-4c24-a3fc-f1d3af480fce]  Added the event {
  event_type: 'TestRunStarted',
  test_run: {
    type: 'test',
    framework: 'WebdriverIO-mocha',
    uuid: '9276a57c-385c-4e43-a36a-38f4ccec1784',
    name: 'should successfully log in with valid credentials',
    body: {
      lang: 'ecmascript',
      code: 'function (...specFnArgs) {\n' +
        "        return testFnWrapper.call(this, 'Test', {\n" +
        '            specFn,\n' +
        '            specFnArgs: filterSpecArgs(specFnArgs)\n' +
        '        }, {\n' +
        '            beforeFn,\n' +
        '            beforeFnArgs\n' +
        '        }, {\n' +
        '            afterFn,\n' +
        '            afterFnArgs\n' +
        '        }, cid, repeatTest);\n' +
        '    }'
    },
    identifier: 'should successfully log in with valid credentials',
    scope: 'WebdriverIO Native Demo App - should successfully log in with valid credentials',
    scopes: [ 'WebdriverIO Native Demo App' ],
    file_name: 'test\\specs\\app.e2e.js',
    vc_filepath: 'test\\specs\\app.e2e.js',
    location: 'test\\specs\\app.e2e.js',
    result: 'pending',
    duration_in_ms: null,
    started_at: '2026-08-19T12:45:13.138Z',
    failure: undefined,
    failure_type: undefined,
    failure_reason: undefined,
    retry_of: null,
    custom_metadata: undefined,
    tags: [],
    customRerunParam: { rerun_name: undefined },
    hooks: [],
    product_map: {
      observability: true,
      accessibility: false,
      percy: false,
      automate: false,
      app_automate: true
    }
  },
  logs: []
} to 20416:0 (target=/api/v2/builds/mfdnevmogv5iv6xav7tegsvon5uean7ftmvgmdd3/batch)
2026-08-19T12:45:13.980Z CLI info [testhub:request-queue-handler]  [mfdnevmogv5iv6xav7tegsvon5uean7ftmvgmdd3]  [3d2c3d1e-9ec4-4c24-a3fc-f1d3af480fce]  Processing batch event [
  {
    event_type: 'TestRunFinished',
    test_run: {
      type: 'test',
      framework: 'WebdriverIO-mocha',
      uuid: '3ec89087-d409-4c52-8b30-b5e05cc9ae7a',
      name: 'should swipe down and display the WebdriverIO logo',
      body: {
        lang: 'ecmascript',
        code: 'function (...specFnArgs) {\n' +
          "        return testFnWrapper.call(this, 'Test', {\n" +
          '            specFn,\n' +
          '            specFnArgs: filterSpecArgs(specFnArgs)\n' +
          '        }, {\n' +
          '            beforeFn,\n' +
          '            beforeFnArgs\n' +
          '        }, {\n' +
          '            afterFn,\n' +
          '            afterFnArgs\n' +
          '        }, cid, repeatTest);\n' +
          '    }'
      },
      identifier: 'should swipe down and display the WebdriverIO logo',
      scope: 'WebdriverIO Native Demo App - should swipe down and display the WebdriverIO logo',
      scopes: [ 'WebdriverIO Native Demo App' ],
      file_name: 'test\\specs\\app.e2e.js',
      vc_filepath: 'test\\specs\\app.e2e.js',
      location: 'test\\specs\\app.e2e.js',
      result: 'passed',
      duration_in_ms: 2994,
      started_at: '2026-08-19T12:45:10.140Z',
      finished_at: '2026-08-19T12:45:13.134Z',
      failure: null,
      failure_type: null,
      failure_reason: null,
      retry_of: null,
      custom_metadata: undefined,
      tags: [],
      customRerunParam: { rerun_name: undefined },
      hooks: [],
      product_map: {
        observability: true,
        accessibility: false,
        percy: false,
        automate: false,
        app_automate: true
      }
    },
    logs: []
  },
  {
    event_type: 'CBTSessionCreated',
    test_run: {
      uuid: '9276a57c-385c-4e43-a36a-38f4ccec1784',
      integrations: {
        browserstack: {
          product: 'app-automate',
          session_id: '8114c7bc218f073b5829c43acf692e1a70bb9ee3',
          capabilities: {
            platform: 'LINUX',
            webStorageEnabled: false,
            takesScreenshot: true,
            javascriptEnabled: true,
            databaseEnabled: false,
            networkConnectionEnabled: true,
            locationContextEnabled: false,
            warnings: {},
            desired: {
              platformName: 'Android',
              'bstack:options': { hostName: 'DESKTOP-44JTQN2', buildIdentifier: '#3' },
              'goog:chromeOptions': {},
              newCommandTimeout: 0,
              deviceName: 'Google Pixel 7',
              chromedriverPorts: [ [ 18100, 18110 ] ],
              chromedriverArgs: [ '--adb-port=5038' ],
              automationName: 'UiAutomator2',
              systemPort: 8200,
              bundleID: 'com.wdiodemoapp',
              bundleId: 'com.wdiodemoapp',
              skipServerInstallation: true,
              udid: '2B101FDH2003J0',
              appPackage: 'com.wdiodemoapp',
              appActivity: 'com.wdiodemoapp.SplashActivity',
              nativeWebScreenshot: true,
              disableSuppressAccessibilityService: true
            },
            platformName: 'Android',
            'bstack:options': { hostName: 'DESKTOP-44JTQN2', buildIdentifier: '#3' },
            'goog:chromeOptions': {},
            newCommandTimeout: 0,
            deviceName: '2B101FDH2003J0',
            chromedriverPorts: [ [ 18100, 18110 ] ],
            chromedriverArgs: [ '--adb-port=5038' ],
            automationName: 'UiAutomator2',
            systemPort: 8200,
            bundleID: 'com.wdiodemoapp',
            bundleId: 'com.wdiodemoapp',
            skipServerInstallation: true,
            udid: '2B101FDH2003J0',
            appPackage: 'com.wdiodemoapp',
            appActivity: 'com.wdiodemoapp.SplashActivity',
            nativeWebScreenshot: true,
            disableSuppressAccessibilityService: true,
            deviceUDID: '2B101FDH2003J0',
            deviceApiLevel: 33,
            platformVersion: '13',
            deviceScreenSize: '1080x2400',
            deviceScreenDensity: 420,
            deviceModel: 'Pixel 7',
            deviceManufacturer: 'Google',
            pixelRatio: 2.625,
            statBarHeight: 118,
            viewportRect: { left: 0, top: 118, width: 1080, height: 2101 }
          },
          platform: 'Android',
          platform_version: '13',
          browser: undefined,
          browser_version: undefined
        }
      }
    }
  },
  {
    event_type: 'TestRunStarted',
    test_run: {
      type: 'test',
      framework: 'WebdriverIO-mocha',
      uuid: '9276a57c-385c-4e43-a36a-38f4ccec1784',
      name: 'should successfully log in with valid credentials',
      body: {
        lang: 'ecmascript',
        code: 'function (...specFnArgs) {\n' +
          "        return testFnWrapper.call(this, 'Test', {\n" +
          '            specFn,\n' +
          '            specFnArgs: filterSpecArgs(specFnArgs)\n' +
          '        }, {\n' +
          '            beforeFn,\n' +
          '            beforeFnArgs\n' +
          '        }, {\n' +
          '            afterFn,\n' +
          '            afterFnArgs\n' +
          '        }, cid, repeatTest);\n' +
          '    }'
      },
      identifier: 'should successfully log in with valid credentials',
      scope: 'WebdriverIO Native Demo App - should successfully log in with valid credentials',
      scopes: [ 'WebdriverIO Native Demo App' ],
      file_name: 'test\\specs\\app.e2e.js',
      vc_filepath: 'test\\specs\\app.e2e.js',
      location: 'test\\specs\\app.e2e.js',
      result: 'pending',
      duration_in_ms: null,
      started_at: '2026-08-19T12:45:13.138Z',
      failure: undefined,
      failure_type: undefined,
      failure_reason: undefined,
      retry_of: null,
      custom_metadata: undefined,
      tags: [],
      customRerunParam: { rerun_name: undefined },
      hooks: [],
      product_map: {
        observability: true,
        accessibility: false,
        percy: false,
        automate: false,
        app_automate: true
      }
    },
    logs: []
  }
] to 20416:0
2026-08-19T12:45:13.982Z CLI info  [mfdnevmogv5iv6xav7tegsvon5uean7ftmvgmdd3]  [3d2c3d1e-9ec4-4c24-a3fc-f1d3af480fce]  [PRODUCTION] Making POST request to https://collector-observability.browserstack.com
2026-08-19T12:45:21.397Z CLI warn [TEST REPORTING AND ANALYTICS:webdriverio:mocha]  [mfdnevmogv5iv6xav7tegsvon5uean7ftmvgmdd3]  [3d2c3d1e-9ec4-4c24-a3fc-f1d3af480fce]  TestRunFinished: event={"test_framework_name":"WebdriverIO-mocha","test_framework_version":"9.34.1","test_logs":[],"test_hooks_finished":{},"test_hooks_started":{},"test_uuid":"9276a57c-385c-4e43-a36a-38f4ccec1784","test_result":"passed","test_id":"WebdriverIO Native Demo App - should successfully log in with valid credentials","test_name":"should successfully log in with valid credentials","test_code":"function (...specFnArgs) {\n        return testFnWrapper.call(this, 'Test', {\n            specFn,\n            specFnArgs: filterSpecArgs(specFnArgs)\n        }, {\n            beforeFn,\n            beforeFnArgs\n        }, {\n            afterFn,\n            afterFnArgs\n        }, cid, repeatTest);\n    }","test_file_path":"C:\\Users\\Admin\\Desktop\\browserstack_test\\test\\specs\\app.e2e.js","test_location":"test\\specs\\app.e2e.js","test_scope":"WebdriverIO Native Demo App - should successfully log in with valid credentials","test_scopes":["WebdriverIO Native Demo App"],"test_started_at":"2026-08-19T12:45:13.138Z","automate_session_name":"WebdriverIO Native Demo App - should successfully log in with valid credentials","test_failure":null,"test_failure_reason":null,"test_failure_type":null,"test_ended_at":"2026-08-19T12:45:21.394Z","automate_session_status":"passed","test_deferred":true,"logs":[]}
2026-08-19T12:45:21.399Z CLI info [testhub:request-queue-handler]  [mfdnevmogv5iv6xav7tegsvon5uean7ftmvgmdd3]  [3d2c3d1e-9ec4-4c24-a3fc-f1d3af480fce]  Added the event {
  event_type: 'TestRunFinished',
  test_run: {
    type: 'test',
    framework: 'WebdriverIO-mocha',
    uuid: '9276a57c-385c-4e43-a36a-38f4ccec1784',
    name: 'should successfully log in with valid credentials',
    body: {
      lang: 'ecmascript',
      code: 'function (...specFnArgs) {\n' +
        "        return testFnWrapper.call(this, 'Test', {\n" +
        '            specFn,\n' +
        '            specFnArgs: filterSpecArgs(specFnArgs)\n' +
        '        }, {\n' +
        '            beforeFn,\n' +
        '            beforeFnArgs\n' +
        '        }, {\n' +
        '            afterFn,\n' +
        '            afterFnArgs\n' +
        '        }, cid, repeatTest);\n' +
        '    }'
    },
    identifier: 'should successfully log in with valid credentials',
    scope: 'WebdriverIO Native Demo App - should successfully log in with valid credentials',
    scopes: [ 'WebdriverIO Native Demo App' ],
    file_name: 'test\\specs\\app.e2e.js',
    vc_filepath: 'test\\specs\\app.e2e.js',
    location: 'test\\specs\\app.e2e.js',
    result: 'passed',
    duration_in_ms: 8256,
    started_at: '2026-08-19T12:45:13.138Z',
    finished_at: '2026-08-19T12:45:21.394Z',
    failure: null,
    failure_type: null,
    failure_reason: null,
    retry_of: null,
    custom_metadata: undefined,
    tags: [],
    customRerunParam: { rerun_name: undefined },
    hooks: [],
    product_map: {
      observability: true,
      accessibility: false,
      percy: false,
      automate: false,
      app_automate: true
    }
  },
  logs: []
} to 20416:0 (target=/api/v2/builds/mfdnevmogv5iv6xav7tegsvon5uean7ftmvgmdd3/batch)
2026-08-19T12:45:21.996Z CLI info [testhub:request-queue-handler]  [mfdnevmogv5iv6xav7tegsvon5uean7ftmvgmdd3]  [3d2c3d1e-9ec4-4c24-a3fc-f1d3af480fce]  Processing batch event [
  {
    event_type: 'TestRunFinished',
    test_run: {
      type: 'test',
      framework: 'WebdriverIO-mocha',
      uuid: '9276a57c-385c-4e43-a36a-38f4ccec1784',
      name: 'should successfully log in with valid credentials',
      body: {
        lang: 'ecmascript',
        code: 'function (...specFnArgs) {\n' +
          "        return testFnWrapper.call(this, 'Test', {\n" +
          '            specFn,\n' +
          '            specFnArgs: filterSpecArgs(specFnArgs)\n' +
          '        }, {\n' +
          '            beforeFn,\n' +
          '            beforeFnArgs\n' +
          '        }, {\n' +
          '            afterFn,\n' +
          '            afterFnArgs\n' +
          '        }, cid, repeatTest);\n' +
          '    }'
      },
      identifier: 'should successfully log in with valid credentials',
      scope: 'WebdriverIO Native Demo App - should successfully log in with valid credentials',
      scopes: [ 'WebdriverIO Native Demo App' ],
      file_name: 'test\\specs\\app.e2e.js',
      vc_filepath: 'test\\specs\\app.e2e.js',
      location: 'test\\specs\\app.e2e.js',
      result: 'passed',
      duration_in_ms: 8256,
      started_at: '2026-08-19T12:45:13.138Z',
      finished_at: '2026-08-19T12:45:21.394Z',
      failure: null,
      failure_type: null,
      failure_reason: null,
      retry_of: null,
      custom_metadata: undefined,
      tags: [],
      customRerunParam: { rerun_name: undefined },
      hooks: [],
      product_map: {
        observability: true,
        accessibility: false,
        percy: false,
        automate: false,
        app_automate: true
      }
    },
    logs: []
  }
] to 20416:0
2026-08-19T12:45:21.997Z CLI info  [mfdnevmogv5iv6xav7tegsvon5uean7ftmvgmdd3]  [3d2c3d1e-9ec4-4c24-a3fc-f1d3af480fce]  [PRODUCTION] Making POST request to https://collector-observability.browserstack.com
2026-08-19T12:45:23.041Z CLI info  [mfdnevmogv5iv6xav7tegsvon5uean7ftmvgmdd3]  [3d2c3d1e-9ec4-4c24-a3fc-f1d3af480fce]  [PRODUCTION] Making GET request to https://api.browserstack.com
2026-08-19T12:45:23.046Z CLI info  [mfdnevmogv5iv6xav7tegsvon5uean7ftmvgmdd3]  [3d2c3d1e-9ec4-4c24-a3fc-f1d3af480fce]  [PRODUCTION] Making PUT request to https://collector-observability.browserstack.com
2026-08-19T12:45:23.543Z CLI info [testhub:module]  [mfdnevmogv5iv6xav7tegsvon5uean7ftmvgmdd3]  [3d2c3d1e-9ec4-4c24-a3fc-f1d3af480fce]  stopBuild: mfdnevmogv5iv6xav7tegsvon5uean7ftmvgmdd3 request={"finished_at":"2026-08-19T12:45:23.040Z","finished_metadata":[],"custom_metadata":null} response={"data":""}
2026-08-19T12:45:23.544Z CLI info  [mfdnevmogv5iv6xav7tegsvon5uean7ftmvgmdd3]  [3d2c3d1e-9ec4-4c24-a3fc-f1d3af480fce]  [PRODUCTION] Making POST request to https://api.browserstack.com
2026-08-19T12:45:23.979Z CLI info [TEST REPORTING AND ANALYTICS:module]  [mfdnevmogv5iv6xav7tegsvon5uean7ftmvgmdd3]  [3d2c3d1e-9ec4-4c24-a3fc-f1d3af480fce]  Visit https://automation.browserstack.com/builds/mfdnevmogv5iv6xav7tegsvon5uean7ftmvgmdd3 to view build report, insights, and many more debugging information all at one place!
2026-08-19T12:57:38.333Z CLI info [main]    Server listening on port: 5400
2026-08-19T12:57:38.357Z CLI info    Config : {"userName":"[REDACTED]","accessKey":"[REDACTED]","platforms":[{"platformName":"Android","appium:deviceName":"Samsung Galaxy S22","appium:platformVersion":"13.0","appium:automationName":"UiAutomator2","appium:app":"NativeDemoApp","projectName":"WebdriverIO Native Demo App","debug":true,"networkLogs":true,"buildName":"Galaxy S22 - Android 13","sessionName":"Samsung Galaxy S22 Test","wdioService":"9.34.1"}],"isNonBstackA11yWDIO":false,"app":"NativeDemoApp","browserstackLocal":false,"testObservability":true,"testContextOptions":{"skipSessionName":false,"skipSessionStatus":false,"sessionNameOmitTestTitle":false,"sessionNamePrependTopLevelSuiteTitle":false,"sessionNameFormat":""},"buildTag":[]}
2026-08-19T12:57:38.383Z CLI info    Should start debug utility: undefined
2026-08-19T12:57:38.552Z CLI info [testhub:module]   [7abf9d2d-0d50-4414-88e3-7e16146602a9]  Starting testhub from 19472:0
2026-08-19T12:57:38.553Z CLI info   [7abf9d2d-0d50-4414-88e3-7e16146602a9]  [PRODUCTION] Making POST request to https://sdk.browserstack.com
2026-08-19T12:57:38.555Z CLI info   [7abf9d2d-0d50-4414-88e3-7e16146602a9]  [PRODUCTION] Making GET request to https://hub.browserstack.com
2026-08-19T12:57:38.884Z CLI info   [7abf9d2d-0d50-4414-88e3-7e16146602a9]  [PRODUCTION] Making GET request to https://hub-euw.browserstack.com
2026-08-19T12:57:38.885Z CLI info   [7abf9d2d-0d50-4414-88e3-7e16146602a9]  [PRODUCTION] Making GET request to https://hub-use.browserstack.com
2026-08-19T12:57:38.885Z CLI info   [7abf9d2d-0d50-4414-88e3-7e16146602a9]  [PRODUCTION] Making GET request to https://hub-aps.browserstack.com
2026-08-19T12:57:39.965Z CLI info [testhub:module]   [7abf9d2d-0d50-4414-88e3-7e16146602a9]  startBuild: response=ipqmsfqogpxhkfkl5tr2kxdm8nihrxirbjw5tnr8
2026-08-19T12:57:39.968Z CLI info  [ipqmsfqogpxhkfkl5tr2kxdm8nihrxirbjw5tnr8]  [7abf9d2d-0d50-4414-88e3-7e16146602a9]  [PRODUCTION] Making POST request to https://api.browserstack.com
2026-08-19T12:57:40.601Z CLI info  [ipqmsfqogpxhkfkl5tr2kxdm8nihrxirbjw5tnr8]  [7abf9d2d-0d50-4414-88e3-7e16146602a9]  [PRODUCTION] Making GET request to https://api.browserstack.com
2026-08-19T12:57:41.003Z CLI error  [ipqmsfqogpxhkfkl5tr2kxdm8nihrxirbjw5tnr8]  [7abf9d2d-0d50-4414-88e3-7e16146602a9]  error invoking callback for eventName onStart: invalid percyToken=null
2026-08-19T12:57:41.004Z CLI error  [ipqmsfqogpxhkfkl5tr2kxdm8nihrxirbjw5tnr8]  [7abf9d2d-0d50-4414-88e3-7e16146602a9]  Error: invalid percyToken=null
    at C:\snapshot\browserstack-binary\cli\dist\index.js
    at process.processTicksAndRejections (node:internal/process/task_queues:95:5)
2026-08-19T12:57:41.004Z CLI info [appautomate:service]  [ipqmsfqogpxhkfkl5tr2kxdm8nihrxirbjw5tnr8]  [7abf9d2d-0d50-4414-88e3-7e16146602a9]  Using app: NativeDemoApp
2026-08-19T12:57:43.535Z CLI info [sdk:service]  [ipqmsfqogpxhkfkl5tr2kxdm8nihrxirbjw5tnr8]  [7abf9d2d-0d50-4414-88e3-7e16146602a9]  Driver initialized as primary driver: platformIndex=0
2026-08-19T12:57:49.542Z CLI info  [ipqmsfqogpxhkfkl5tr2kxdm8nihrxirbjw5tnr8]  [7abf9d2d-0d50-4414-88e3-7e16146602a9]  [PRODUCTION] Making GET request to https://api.browserstack.com
2026-08-19T12:57:49.546Z CLI info  [ipqmsfqogpxhkfkl5tr2kxdm8nihrxirbjw5tnr8]  [7abf9d2d-0d50-4414-88e3-7e16146602a9]  [PRODUCTION] Making PUT request to https://collector-observability.browserstack.com
2026-08-19T12:57:50.098Z CLI info [testhub:module]  [ipqmsfqogpxhkfkl5tr2kxdm8nihrxirbjw5tnr8]  [7abf9d2d-0d50-4414-88e3-7e16146602a9]  stopBuild: ipqmsfqogpxhkfkl5tr2kxdm8nihrxirbjw5tnr8 request={"finished_at":"2026-08-19T12:57:49.541Z","finished_metadata":[],"custom_metadata":null} response={"data":""}
2026-08-19T12:57:50.099Z CLI info  [ipqmsfqogpxhkfkl5tr2kxdm8nihrxirbjw5tnr8]  [7abf9d2d-0d50-4414-88e3-7e16146602a9]  [PRODUCTION] Making POST request to https://api.browserstack.com
2026-08-19T12:57:50.527Z CLI info [TEST REPORTING AND ANALYTICS:module]  [ipqmsfqogpxhkfkl5tr2kxdm8nihrxirbjw5tnr8]  [7abf9d2d-0d50-4414-88e3-7e16146602a9]  Visit https://automation.browserstack.com/builds/ipqmsfqogpxhkfkl5tr2kxdm8nihrxirbjw5tnr8 to view build report, insights, and many more debugging information all at one place!
2026-08-19T12:58:27.676Z CLI info [main]    Server listening on port: 5400
2026-08-19T12:58:27.702Z CLI info    Config : {"userName":"[REDACTED]","accessKey":"[REDACTED]","platforms":[{"platformName":"Android","appium:deviceName":"Samsung Galaxy S22","appium:platformVersion":"12.0","appium:automationName":"UiAutomator2","appium:app":"NativeDemoApp","projectName":"WebdriverIO Native Demo App","debug":true,"networkLogs":true,"buildName":"Galaxy S22 - Android 13","sessionName":"Samsung Galaxy S22 Test","wdioService":"9.34.1"}],"isNonBstackA11yWDIO":false,"app":"NativeDemoApp","browserstackLocal":false,"testObservability":true,"testContextOptions":{"skipSessionName":false,"skipSessionStatus":false,"sessionNameOmitTestTitle":false,"sessionNamePrependTopLevelSuiteTitle":false,"sessionNameFormat":""},"buildTag":[]}
2026-08-19T12:58:27.716Z CLI info    Should start debug utility: undefined
2026-08-19T12:58:27.830Z CLI info [testhub:module]   [f0a0edef-b4ab-4b7d-b7b1-8598336669ef]  Starting testhub from 21884:0
2026-08-19T12:58:27.831Z CLI info   [f0a0edef-b4ab-4b7d-b7b1-8598336669ef]  [PRODUCTION] Making POST request to https://sdk.browserstack.com
2026-08-19T12:58:27.832Z CLI info   [f0a0edef-b4ab-4b7d-b7b1-8598336669ef]  [PRODUCTION] Making GET request to https://hub.browserstack.com
2026-08-19T12:58:28.056Z CLI info   [f0a0edef-b4ab-4b7d-b7b1-8598336669ef]  [PRODUCTION] Making GET request to https://hub-euw.browserstack.com
2026-08-19T12:58:28.057Z CLI info   [f0a0edef-b4ab-4b7d-b7b1-8598336669ef]  [PRODUCTION] Making GET request to https://hub-use.browserstack.com
2026-08-19T12:58:28.059Z CLI info   [f0a0edef-b4ab-4b7d-b7b1-8598336669ef]  [PRODUCTION] Making GET request to https://hub-aps.browserstack.com
2026-08-19T12:58:28.647Z CLI info [testhub:module]   [f0a0edef-b4ab-4b7d-b7b1-8598336669ef]  startBuild: response=bjzrgibueqeg2hctwylq6umioalc5fuirio65ave
2026-08-19T12:58:28.651Z CLI info  [bjzrgibueqeg2hctwylq6umioalc5fuirio65ave]  [f0a0edef-b4ab-4b7d-b7b1-8598336669ef]  [PRODUCTION] Making POST request to https://api.browserstack.com
2026-08-19T12:58:29.177Z CLI info  [bjzrgibueqeg2hctwylq6umioalc5fuirio65ave]  [f0a0edef-b4ab-4b7d-b7b1-8598336669ef]  [PRODUCTION] Making GET request to https://api.browserstack.com
2026-08-19T12:58:29.561Z CLI error  [bjzrgibueqeg2hctwylq6umioalc5fuirio65ave]  [f0a0edef-b4ab-4b7d-b7b1-8598336669ef]  error invoking callback for eventName onStart: invalid percyToken=null
2026-08-19T12:58:29.561Z CLI error  [bjzrgibueqeg2hctwylq6umioalc5fuirio65ave]  [f0a0edef-b4ab-4b7d-b7b1-8598336669ef]  Error: invalid percyToken=null
    at C:\snapshot\browserstack-binary\cli\dist\index.js
    at process.processTicksAndRejections (node:internal/process/task_queues:95:5)
2026-08-19T12:58:29.562Z CLI info [appautomate:service]  [bjzrgibueqeg2hctwylq6umioalc5fuirio65ave]  [f0a0edef-b4ab-4b7d-b7b1-8598336669ef]  Using app: NativeDemoApp
2026-08-19T12:58:31.448Z CLI info [sdk:service]  [bjzrgibueqeg2hctwylq6umioalc5fuirio65ave]  [f0a0edef-b4ab-4b7d-b7b1-8598336669ef]  Driver initialized as primary driver: platformIndex=0
2026-08-19T12:58:49.924Z CLI info [testhub:request-queue-handler]  [bjzrgibueqeg2hctwylq6umioalc5fuirio65ave]  [f0a0edef-b4ab-4b7d-b7b1-8598336669ef]  Added the event {
  event_type: 'CBTSessionCreated',
  test_run: {
    uuid: '0af5e78a-54c1-493e-8a8b-3b48d381aaa7',
    integrations: { browserstack: [Object] }
  }
} to 21884:0 (target=/api/v2/builds/bjzrgibueqeg2hctwylq6umioalc5fuirio65ave/batch)
2026-08-19T12:58:49.929Z CLI info [testhub:request-queue-handler]  [bjzrgibueqeg2hctwylq6umioalc5fuirio65ave]  [f0a0edef-b4ab-4b7d-b7b1-8598336669ef]  Added the event {
  event_type: 'TestRunStarted',
  test_run: {
    type: 'test',
    framework: 'WebdriverIO-mocha',
    uuid: '0af5e78a-54c1-493e-8a8b-3b48d381aaa7',
    name: 'should open the Forms screen and interact with a switch',
    body: {
      lang: 'ecmascript',
      code: 'function (...specFnArgs) {\n' +
        "        return testFnWrapper.call(this, 'Test', {\n" +
        '            specFn,\n' +
        '            specFnArgs: filterSpecArgs(specFnArgs)\n' +
        '        }, {\n' +
        '            beforeFn,\n' +
        '            beforeFnArgs\n' +
        '        }, {\n' +
        '            afterFn,\n' +
        '            afterFnArgs\n' +
        '        }, cid, repeatTest);\n' +
        '    }'
    },
    identifier: 'should open the Forms screen and interact with a switch',
    scope: 'WebdriverIO Native Demo App - should open the Forms screen and interact with a switch',
    scopes: [ 'WebdriverIO Native Demo App' ],
    file_name: 'test\\specs\\app.e2e.js',
    vc_filepath: 'test\\specs\\app.e2e.js',
    location: 'test\\specs\\app.e2e.js',
    result: 'pending',
    duration_in_ms: null,
    started_at: '2026-08-19T12:58:49.201Z',
    failure: undefined,
    failure_type: undefined,
    failure_reason: undefined,
    retry_of: null,
    custom_metadata: undefined,
    tags: [],
    customRerunParam: { rerun_name: undefined },
    hooks: [],
    product_map: {
      observability: true,
      accessibility: false,
      percy: false,
      automate: false,
      app_automate: true
    }
  },
  logs: []
} to 21884:0 (target=/api/v2/builds/bjzrgibueqeg2hctwylq6umioalc5fuirio65ave/batch)
2026-08-19T12:58:50.726Z CLI info [testhub:request-queue-handler]  [bjzrgibueqeg2hctwylq6umioalc5fuirio65ave]  [f0a0edef-b4ab-4b7d-b7b1-8598336669ef]  Processing batch event [
  {
    event_type: 'CBTSessionCreated',
    test_run: {
      uuid: '0af5e78a-54c1-493e-8a8b-3b48d381aaa7',
      integrations: {
        browserstack: {
          product: 'app-automate',
          session_id: '9d31e6571b9033890c96939b3ae7df0a4d51fc74',
          capabilities: {
            platform: 'LINUX',
            webStorageEnabled: false,
            takesScreenshot: true,
            javascriptEnabled: true,
            databaseEnabled: false,
            networkConnectionEnabled: true,
            locationContextEnabled: false,
            warnings: {},
            desired: {
              platformName: 'Android',
              'bstack:options': { hostName: 'DESKTOP-44JTQN2', buildIdentifier: '#2' },
              'goog:chromeOptions': {},
              newCommandTimeout: 0,
              deviceName: 'Samsung Galaxy S22',
              chromedriverPorts: [ [ 18133, 18143 ] ],
              automationName: 'UiAutomator2',
              systemPort: 8203,
              bundleID: 'com.wdiodemoapp',
              bundleId: 'com.wdiodemoapp',
              skipServerInstallation: true,
              udid: 'R3CT4091W3V',
              appPackage: 'com.wdiodemoapp',
              appActivity: 'com.wdiodemoapp.SplashActivity',
              nativeWebScreenshot: true,
              disableSuppressAccessibilityService: true
            },
            platformName: 'Android',
            'bstack:options': { hostName: 'DESKTOP-44JTQN2', buildIdentifier: '#2' },
            'goog:chromeOptions': {},
            newCommandTimeout: 0,
            deviceName: 'R3CT4091W3V',
            chromedriverPorts: [ [ 18133, 18143 ] ],
            automationName: 'UiAutomator2',
            systemPort: 8203,
            bundleID: 'com.wdiodemoapp',
            bundleId: 'com.wdiodemoapp',
            skipServerInstallation: true,
            udid: 'R3CT4091W3V',
            appPackage: 'com.wdiodemoapp',
            appActivity: 'com.wdiodemoapp.SplashActivity',
            nativeWebScreenshot: true,
            disableSuppressAccessibilityService: true,
            deviceUDID: 'R3CT4091W3V',
            deviceApiLevel: 31,
            platformVersion: '12',
            deviceScreenSize: '1080x2340',
            deviceScreenDensity: 480,
            deviceModel: 'SM-S901B',
            deviceManufacturer: 'samsung',
            pixelRatio: 3,
            statBarHeight: 79,
            viewportRect: { left: 0, top: 79, width: 1080, height: 2036 }
          },
          platform: 'Android',
          platform_version: '12',
          browser: undefined,
          browser_version: undefined
        }
      }
    }
  },
  {
    event_type: 'TestRunStarted',
    test_run: {
      type: 'test',
      framework: 'WebdriverIO-mocha',
      uuid: '0af5e78a-54c1-493e-8a8b-3b48d381aaa7',
      name: 'should open the Forms screen and interact with a switch',
      body: {
        lang: 'ecmascript',
        code: 'function (...specFnArgs) {\n' +
          "        return testFnWrapper.call(this, 'Test', {\n" +
          '            specFn,\n' +
          '            specFnArgs: filterSpecArgs(specFnArgs)\n' +
          '        }, {\n' +
          '            beforeFn,\n' +
          '            beforeFnArgs\n' +
          '        }, {\n' +
          '            afterFn,\n' +
          '            afterFnArgs\n' +
          '        }, cid, repeatTest);\n' +
          '    }'
      },
      identifier: 'should open the Forms screen and interact with a switch',
      scope: 'WebdriverIO Native Demo App - should open the Forms screen and interact with a switch',
      scopes: [ 'WebdriverIO Native Demo App' ],
      file_name: 'test\\specs\\app.e2e.js',
      vc_filepath: 'test\\specs\\app.e2e.js',
      location: 'test\\specs\\app.e2e.js',
      result: 'pending',
      duration_in_ms: null,
      started_at: '2026-08-19T12:58:49.201Z',
      failure: undefined,
      failure_type: undefined,
      failure_reason: undefined,
      retry_of: null,
      custom_metadata: undefined,
      tags: [],
      customRerunParam: { rerun_name: undefined },
      hooks: [],
      product_map: {
        observability: true,
        accessibility: false,
        percy: false,
        automate: false,
        app_automate: true
      }
    },
    logs: []
  }
] to 21884:0
2026-08-19T12:58:50.728Z CLI info  [bjzrgibueqeg2hctwylq6umioalc5fuirio65ave]  [f0a0edef-b4ab-4b7d-b7b1-8598336669ef]  [PRODUCTION] Making POST request to https://collector-observability.browserstack.com
2026-08-19T12:58:54.144Z CLI warn [TEST REPORTING AND ANALYTICS:webdriverio:mocha]  [bjzrgibueqeg2hctwylq6umioalc5fuirio65ave]  [f0a0edef-b4ab-4b7d-b7b1-8598336669ef]  TestRunFinished: event={"test_framework_name":"WebdriverIO-mocha","test_framework_version":"9.34.1","test_logs":[],"test_hooks_finished":{},"test_hooks_started":{},"test_uuid":"0af5e78a-54c1-493e-8a8b-3b48d381aaa7","test_result":"passed","test_id":"WebdriverIO Native Demo App - should open the Forms screen and interact with a switch","test_name":"should open the Forms screen and interact with a switch","test_code":"function (...specFnArgs) {\n        return testFnWrapper.call(this, 'Test', {\n            specFn,\n            specFnArgs: filterSpecArgs(specFnArgs)\n        }, {\n            beforeFn,\n            beforeFnArgs\n        }, {\n            afterFn,\n            afterFnArgs\n        }, cid, repeatTest);\n    }","test_file_path":"C:\\Users\\Admin\\Desktop\\browserstack_test\\test\\specs\\app.e2e.js","test_location":"test\\specs\\app.e2e.js","test_scope":"WebdriverIO Native Demo App - should open the Forms screen and interact with a switch","test_scopes":["WebdriverIO Native Demo App"],"test_started_at":"2026-08-19T12:58:49.201Z","automate_session_name":"WebdriverIO Native Demo App - should open the Forms screen and interact with a switch","test_failure":null,"test_failure_reason":null,"test_failure_type":null,"test_ended_at":"2026-08-19T12:58:54.134Z","automate_session_status":"passed","test_deferred":true,"logs":[]}
2026-08-19T12:58:54.145Z CLI info [testhub:request-queue-handler]  [bjzrgibueqeg2hctwylq6umioalc5fuirio65ave]  [f0a0edef-b4ab-4b7d-b7b1-8598336669ef]  Added the event {
  event_type: 'TestRunFinished',
  test_run: {
    type: 'test',
    framework: 'WebdriverIO-mocha',
    uuid: '0af5e78a-54c1-493e-8a8b-3b48d381aaa7',
    name: 'should open the Forms screen and interact with a switch',
    body: {
      lang: 'ecmascript',
      code: 'function (...specFnArgs) {\n' +
        "        return testFnWrapper.call(this, 'Test', {\n" +
        '            specFn,\n' +
        '            specFnArgs: filterSpecArgs(specFnArgs)\n' +
        '        }, {\n' +
        '            beforeFn,\n' +
        '            beforeFnArgs\n' +
        '        }, {\n' +
        '            afterFn,\n' +
        '            afterFnArgs\n' +
        '        }, cid, repeatTest);\n' +
        '    }'
    },
    identifier: 'should open the Forms screen and interact with a switch',
    scope: 'WebdriverIO Native Demo App - should open the Forms screen and interact with a switch',
    scopes: [ 'WebdriverIO Native Demo App' ],
    file_name: 'test\\specs\\app.e2e.js',
    vc_filepath: 'test\\specs\\app.e2e.js',
    location: 'test\\specs\\app.e2e.js',
    result: 'passed',
    duration_in_ms: 4933,
    started_at: '2026-08-19T12:58:49.201Z',
    finished_at: '2026-08-19T12:58:54.134Z',
    failure: null,
    failure_type: null,
    failure_reason: null,
    retry_of: null,
    custom_metadata: undefined,
    tags: [],
    customRerunParam: { rerun_name: undefined },
    hooks: [],
    product_map: {
      observability: true,
      accessibility: false,
      percy: false,
      automate: false,
      app_automate: true
    }
  },
  logs: []
} to 21884:0 (target=/api/v2/builds/bjzrgibueqeg2hctwylq6umioalc5fuirio65ave/batch)
2026-08-19T12:58:54.738Z CLI info [testhub:request-queue-handler]  [bjzrgibueqeg2hctwylq6umioalc5fuirio65ave]  [f0a0edef-b4ab-4b7d-b7b1-8598336669ef]  Processing batch event [
  {
    event_type: 'TestRunFinished',
    test_run: {
      type: 'test',
      framework: 'WebdriverIO-mocha',
      uuid: '0af5e78a-54c1-493e-8a8b-3b48d381aaa7',
      name: 'should open the Forms screen and interact with a switch',
      body: {
        lang: 'ecmascript',
        code: 'function (...specFnArgs) {\n' +
          "        return testFnWrapper.call(this, 'Test', {\n" +
          '            specFn,\n' +
          '            specFnArgs: filterSpecArgs(specFnArgs)\n' +
          '        }, {\n' +
          '            beforeFn,\n' +
          '            beforeFnArgs\n' +
          '        }, {\n' +
          '            afterFn,\n' +
          '            afterFnArgs\n' +
          '        }, cid, repeatTest);\n' +
          '    }'
      },
      identifier: 'should open the Forms screen and interact with a switch',
      scope: 'WebdriverIO Native Demo App - should open the Forms screen and interact with a switch',
      scopes: [ 'WebdriverIO Native Demo App' ],
      file_name: 'test\\specs\\app.e2e.js',
      vc_filepath: 'test\\specs\\app.e2e.js',
      location: 'test\\specs\\app.e2e.js',
      result: 'passed',
      duration_in_ms: 4933,
      started_at: '2026-08-19T12:58:49.201Z',
      finished_at: '2026-08-19T12:58:54.134Z',
      failure: null,
      failure_type: null,
      failure_reason: null,
      retry_of: null,
      custom_metadata: undefined,
      tags: [],
      customRerunParam: { rerun_name: undefined },
      hooks: [],
      product_map: {
        observability: true,
        accessibility: false,
        percy: false,
        automate: false,
        app_automate: true
      }
    },
    logs: []
  }
] to 21884:0
2026-08-19T12:58:54.739Z CLI info  [bjzrgibueqeg2hctwylq6umioalc5fuirio65ave]  [f0a0edef-b4ab-4b7d-b7b1-8598336669ef]  [PRODUCTION] Making POST request to https://collector-observability.browserstack.com
2026-08-19T12:58:54.848Z CLI info [testhub:request-queue-handler]  [bjzrgibueqeg2hctwylq6umioalc5fuirio65ave]  [f0a0edef-b4ab-4b7d-b7b1-8598336669ef]  Added the event {
  event_type: 'CBTSessionCreated',
  test_run: {
    uuid: '44bbea13-5d41-400a-9df3-55b1f3c017be',
    integrations: { browserstack: [Object] }
  }
} to 21884:0 (target=/api/v2/builds/bjzrgibueqeg2hctwylq6umioalc5fuirio65ave/batch)
2026-08-19T12:58:54.850Z CLI info [testhub:request-queue-handler]  [bjzrgibueqeg2hctwylq6umioalc5fuirio65ave]  [f0a0edef-b4ab-4b7d-b7b1-8598336669ef]  Added the event {
  event_type: 'TestRunStarted',
  test_run: {
    type: 'test',
    framework: 'WebdriverIO-mocha',
    uuid: '44bbea13-5d41-400a-9df3-55b1f3c017be',
    name: 'should select a different option from the dropdown',
    body: {
      lang: 'ecmascript',
      code: 'function (...specFnArgs) {\n' +
        "        return testFnWrapper.call(this, 'Test', {\n" +
        '            specFn,\n' +
        '            specFnArgs: filterSpecArgs(specFnArgs)\n' +
        '        }, {\n' +
        '            beforeFn,\n' +
        '            beforeFnArgs\n' +
        '        }, {\n' +
        '            afterFn,\n' +
        '            afterFnArgs\n' +
        '        }, cid, repeatTest);\n' +
        '    }'
    },
    identifier: 'should select a different option from the dropdown',
    scope: 'WebdriverIO Native Demo App - should select a different option from the dropdown',
    scopes: [ 'WebdriverIO Native Demo App' ],
    file_name: 'test\\specs\\app.e2e.js',
    vc_filepath: 'test\\specs\\app.e2e.js',
    location: 'test\\specs\\app.e2e.js',
    result: 'pending',
    duration_in_ms: null,
    started_at: '2026-08-19T12:58:54.140Z',
    failure: undefined,
    failure_type: undefined,
    failure_reason: undefined,
    retry_of: null,
    custom_metadata: undefined,
    tags: [],
    customRerunParam: { rerun_name: undefined },
    hooks: [],
    product_map: {
      observability: true,
      accessibility: false,
      percy: false,
      automate: false,
      app_automate: true
    }
  },
  logs: []
} to 21884:0 (target=/api/v2/builds/bjzrgibueqeg2hctwylq6umioalc5fuirio65ave/batch)
2026-08-19T12:58:56.742Z CLI info [testhub:request-queue-handler]  [bjzrgibueqeg2hctwylq6umioalc5fuirio65ave]  [f0a0edef-b4ab-4b7d-b7b1-8598336669ef]  Processing batch event [
  {
    event_type: 'CBTSessionCreated',
    test_run: {
      uuid: '44bbea13-5d41-400a-9df3-55b1f3c017be',
      integrations: {
        browserstack: {
          product: 'app-automate',
          session_id: '9d31e6571b9033890c96939b3ae7df0a4d51fc74',
          capabilities: {
            platform: 'LINUX',
            webStorageEnabled: false,
            takesScreenshot: true,
            javascriptEnabled: true,
            databaseEnabled: false,
            networkConnectionEnabled: true,
            locationContextEnabled: false,
            warnings: {},
            desired: {
              platformName: 'Android',
              'bstack:options': { hostName: 'DESKTOP-44JTQN2', buildIdentifier: '#2' },
              'goog:chromeOptions': {},
              newCommandTimeout: 0,
              deviceName: 'Samsung Galaxy S22',
              chromedriverPorts: [ [ 18133, 18143 ] ],
              automationName: 'UiAutomator2',
              systemPort: 8203,
              bundleID: 'com.wdiodemoapp',
              bundleId: 'com.wdiodemoapp',
              skipServerInstallation: true,
              udid: 'R3CT4091W3V',
              appPackage: 'com.wdiodemoapp',
              appActivity: 'com.wdiodemoapp.SplashActivity',
              nativeWebScreenshot: true,
              disableSuppressAccessibilityService: true
            },
            platformName: 'Android',
            'bstack:options': { hostName: 'DESKTOP-44JTQN2', buildIdentifier: '#2' },
            'goog:chromeOptions': {},
            newCommandTimeout: 0,
            deviceName: 'R3CT4091W3V',
            chromedriverPorts: [ [ 18133, 18143 ] ],
            automationName: 'UiAutomator2',
            systemPort: 8203,
            bundleID: 'com.wdiodemoapp',
            bundleId: 'com.wdiodemoapp',
            skipServerInstallation: true,
            udid: 'R3CT4091W3V',
            appPackage: 'com.wdiodemoapp',
            appActivity: 'com.wdiodemoapp.SplashActivity',
            nativeWebScreenshot: true,
            disableSuppressAccessibilityService: true,
            deviceUDID: 'R3CT4091W3V',
            deviceApiLevel: 31,
            platformVersion: '12',
            deviceScreenSize: '1080x2340',
            deviceScreenDensity: 480,
            deviceModel: 'SM-S901B',
            deviceManufacturer: 'samsung',
            pixelRatio: 3,
            statBarHeight: 79,
            viewportRect: { left: 0, top: 79, width: 1080, height: 2036 }
          },
          platform: 'Android',
          platform_version: '12',
          browser: undefined,
          browser_version: undefined
        }
      }
    }
  },
  {
    event_type: 'TestRunStarted',
    test_run: {
      type: 'test',
      framework: 'WebdriverIO-mocha',
      uuid: '44bbea13-5d41-400a-9df3-55b1f3c017be',
      name: 'should select a different option from the dropdown',
      body: {
        lang: 'ecmascript',
        code: 'function (...specFnArgs) {\n' +
          "        return testFnWrapper.call(this, 'Test', {\n" +
          '            specFn,\n' +
          '            specFnArgs: filterSpecArgs(specFnArgs)\n' +
          '        }, {\n' +
          '            beforeFn,\n' +
          '            beforeFnArgs\n' +
          '        }, {\n' +
          '            afterFn,\n' +
          '            afterFnArgs\n' +
          '        }, cid, repeatTest);\n' +
          '    }'
      },
      identifier: 'should select a different option from the dropdown',
      scope: 'WebdriverIO Native Demo App - should select a different option from the dropdown',
      scopes: [ 'WebdriverIO Native Demo App' ],
      file_name: 'test\\specs\\app.e2e.js',
      vc_filepath: 'test\\specs\\app.e2e.js',
      location: 'test\\specs\\app.e2e.js',
      result: 'pending',
      duration_in_ms: null,
      started_at: '2026-08-19T12:58:54.140Z',
      failure: undefined,
      failure_type: undefined,
      failure_reason: undefined,
      retry_of: null,
      custom_metadata: undefined,
      tags: [],
      customRerunParam: { rerun_name: undefined },
      hooks: [],
      product_map: {
        observability: true,
        accessibility: false,
        percy: false,
        automate: false,
        app_automate: true
      }
    },
    logs: []
  }
] to 21884:0
2026-08-19T12:58:56.743Z CLI info  [bjzrgibueqeg2hctwylq6umioalc5fuirio65ave]  [f0a0edef-b4ab-4b7d-b7b1-8598336669ef]  [PRODUCTION] Making POST request to https://collector-observability.browserstack.com
2026-08-19T12:58:58.777Z CLI warn [TEST REPORTING AND ANALYTICS:webdriverio:mocha]  [bjzrgibueqeg2hctwylq6umioalc5fuirio65ave]  [f0a0edef-b4ab-4b7d-b7b1-8598336669ef]  TestRunFinished: event={"test_framework_name":"WebdriverIO-mocha","test_framework_version":"9.34.1","test_logs":[],"test_hooks_finished":{},"test_hooks_started":{},"test_uuid":"44bbea13-5d41-400a-9df3-55b1f3c017be","test_result":"passed","test_id":"WebdriverIO Native Demo App - should select a different option from the dropdown","test_name":"should select a different option from the dropdown","test_code":"function (...specFnArgs) {\n        return testFnWrapper.call(this, 'Test', {\n            specFn,\n            specFnArgs: filterSpecArgs(specFnArgs)\n        }, {\n            beforeFn,\n            beforeFnArgs\n        }, {\n            afterFn,\n            afterFnArgs\n        }, cid, repeatTest);\n    }","test_file_path":"C:\\Users\\Admin\\Desktop\\browserstack_test\\test\\specs\\app.e2e.js","test_location":"test\\specs\\app.e2e.js","test_scope":"WebdriverIO Native Demo App - should select a different option from the dropdown","test_scopes":["WebdriverIO Native Demo App"],"test_started_at":"2026-08-19T12:58:54.140Z","automate_session_name":"WebdriverIO Native Demo App - should select a different option from the dropdown","test_failure":null,"test_failure_reason":null,"test_failure_type":null,"test_ended_at":"2026-08-19T12:58:58.762Z","automate_session_status":"passed","test_deferred":true,"logs":[]}
2026-08-19T12:58:58.778Z CLI info [testhub:request-queue-handler]  [bjzrgibueqeg2hctwylq6umioalc5fuirio65ave]  [f0a0edef-b4ab-4b7d-b7b1-8598336669ef]  Added the event {
  event_type: 'TestRunFinished',
  test_run: {
    type: 'test',
    framework: 'WebdriverIO-mocha',
    uuid: '44bbea13-5d41-400a-9df3-55b1f3c017be',
    name: 'should select a different option from the dropdown',
    body: {
      lang: 'ecmascript',
      code: 'function (...specFnArgs) {\n' +
        "        return testFnWrapper.call(this, 'Test', {\n" +
        '            specFn,\n' +
        '            specFnArgs: filterSpecArgs(specFnArgs)\n' +
        '        }, {\n' +
        '            beforeFn,\n' +
        '            beforeFnArgs\n' +
        '        }, {\n' +
        '            afterFn,\n' +
        '            afterFnArgs\n' +
        '        }, cid, repeatTest);\n' +
        '    }'
    },
    identifier: 'should select a different option from the dropdown',
    scope: 'WebdriverIO Native Demo App - should select a different option from the dropdown',
    scopes: [ 'WebdriverIO Native Demo App' ],
    file_name: 'test\\specs\\app.e2e.js',
    vc_filepath: 'test\\specs\\app.e2e.js',
    location: 'test\\specs\\app.e2e.js',
    result: 'passed',
    duration_in_ms: 4622,
    started_at: '2026-08-19T12:58:54.140Z',
    finished_at: '2026-08-19T12:58:58.762Z',
    failure: null,
    failure_type: null,
    failure_reason: null,
    retry_of: null,
    custom_metadata: undefined,
    tags: [],
    customRerunParam: { rerun_name: undefined },
    hooks: [],
    product_map: {
      observability: true,
      accessibility: false,
      percy: false,
      automate: false,
      app_automate: true
    }
  },
  logs: []
} to 21884:0 (target=/api/v2/builds/bjzrgibueqeg2hctwylq6umioalc5fuirio65ave/batch)
2026-08-19T12:58:59.060Z CLI info [testhub:request-queue-handler]  [bjzrgibueqeg2hctwylq6umioalc5fuirio65ave]  [f0a0edef-b4ab-4b7d-b7b1-8598336669ef]  Added the event {
  event_type: 'CBTSessionCreated',
  test_run: {
    uuid: '89dd3e45-fb4b-4765-99f7-0c08c11a361a',
    integrations: { browserstack: [Object] }
  }
} to 21884:0 (target=/api/v2/builds/bjzrgibueqeg2hctwylq6umioalc5fuirio65ave/batch)
2026-08-19T12:58:59.061Z CLI info [testhub:request-queue-handler]  [bjzrgibueqeg2hctwylq6umioalc5fuirio65ave]  [f0a0edef-b4ab-4b7d-b7b1-8598336669ef]  Added the event {
  event_type: 'TestRunStarted',
  test_run: {
    type: 'test',
    framework: 'WebdriverIO-mocha',
    uuid: '89dd3e45-fb4b-4765-99f7-0c08c11a361a',
    name: 'should swipe through cards and display different card content',
    body: {
      lang: 'ecmascript',
      code: 'function (...specFnArgs) {\n' +
        "        return testFnWrapper.call(this, 'Test', {\n" +
        '            specFn,\n' +
        '            specFnArgs: filterSpecArgs(specFnArgs)\n' +
        '        }, {\n' +
        '            beforeFn,\n' +
        '            beforeFnArgs\n' +
        '        }, {\n' +
        '            afterFn,\n' +
        '            afterFnArgs\n' +
        '        }, cid, repeatTest);\n' +
        '    }'
    },
    identifier: 'should swipe through cards and display different card content',
    scope: 'WebdriverIO Native Demo App - should swipe through cards and display different card content',
    scopes: [ 'WebdriverIO Native Demo App' ],
    file_name: 'test\\specs\\app.e2e.js',
    vc_filepath: 'test\\specs\\app.e2e.js',
    location: 'test\\specs\\app.e2e.js',
    result: 'pending',
    duration_in_ms: null,
    started_at: '2026-08-19T12:58:58.768Z',
    failure: undefined,
    failure_type: undefined,
    failure_reason: undefined,
    retry_of: null,
    custom_metadata: undefined,
    tags: [],
    customRerunParam: { rerun_name: undefined },
    hooks: [],
    product_map: {
      observability: true,
      accessibility: false,
      percy: false,
      automate: false,
      app_automate: true
    }
  },
  logs: []
} to 21884:0 (target=/api/v2/builds/bjzrgibueqeg2hctwylq6umioalc5fuirio65ave/batch)
2026-08-19T12:59:00.757Z CLI info [testhub:request-queue-handler]  [bjzrgibueqeg2hctwylq6umioalc5fuirio65ave]  [f0a0edef-b4ab-4b7d-b7b1-8598336669ef]  Processing batch event [
  {
    event_type: 'TestRunFinished',
    test_run: {
      type: 'test',
      framework: 'WebdriverIO-mocha',
      uuid: '44bbea13-5d41-400a-9df3-55b1f3c017be',
      name: 'should select a different option from the dropdown',
      body: {
        lang: 'ecmascript',
        code: 'function (...specFnArgs) {\n' +
          "        return testFnWrapper.call(this, 'Test', {\n" +
          '            specFn,\n' +
          '            specFnArgs: filterSpecArgs(specFnArgs)\n' +
          '        }, {\n' +
          '            beforeFn,\n' +
          '            beforeFnArgs\n' +
          '        }, {\n' +
          '            afterFn,\n' +
          '            afterFnArgs\n' +
          '        }, cid, repeatTest);\n' +
          '    }'
      },
      identifier: 'should select a different option from the dropdown',
      scope: 'WebdriverIO Native Demo App - should select a different option from the dropdown',
      scopes: [ 'WebdriverIO Native Demo App' ],
      file_name: 'test\\specs\\app.e2e.js',
      vc_filepath: 'test\\specs\\app.e2e.js',
      location: 'test\\specs\\app.e2e.js',
      result: 'passed',
      duration_in_ms: 4622,
      started_at: '2026-08-19T12:58:54.140Z',
      finished_at: '2026-08-19T12:58:58.762Z',
      failure: null,
      failure_type: null,
      failure_reason: null,
      retry_of: null,
      custom_metadata: undefined,
      tags: [],
      customRerunParam: { rerun_name: undefined },
      hooks: [],
      product_map: {
        observability: true,
        accessibility: false,
        percy: false,
        automate: false,
        app_automate: true
      }
    },
    logs: []
  },
  {
    event_type: 'CBTSessionCreated',
    test_run: {
      uuid: '89dd3e45-fb4b-4765-99f7-0c08c11a361a',
      integrations: {
        browserstack: {
          product: 'app-automate',
          session_id: '9d31e6571b9033890c96939b3ae7df0a4d51fc74',
          capabilities: {
            platform: 'LINUX',
            webStorageEnabled: false,
            takesScreenshot: true,
            javascriptEnabled: true,
            databaseEnabled: false,
            networkConnectionEnabled: true,
            locationContextEnabled: false,
            warnings: {},
            desired: {
              platformName: 'Android',
              'bstack:options': { hostName: 'DESKTOP-44JTQN2', buildIdentifier: '#2' },
              'goog:chromeOptions': {},
              newCommandTimeout: 0,
              deviceName: 'Samsung Galaxy S22',
              chromedriverPorts: [ [ 18133, 18143 ] ],
              automationName: 'UiAutomator2',
              systemPort: 8203,
              bundleID: 'com.wdiodemoapp',
              bundleId: 'com.wdiodemoapp',
              skipServerInstallation: true,
              udid: 'R3CT4091W3V',
              appPackage: 'com.wdiodemoapp',
              appActivity: 'com.wdiodemoapp.SplashActivity',
              nativeWebScreenshot: true,
              disableSuppressAccessibilityService: true
            },
            platformName: 'Android',
            'bstack:options': { hostName: 'DESKTOP-44JTQN2', buildIdentifier: '#2' },
            'goog:chromeOptions': {},
            newCommandTimeout: 0,
            deviceName: 'R3CT4091W3V',
            chromedriverPorts: [ [ 18133, 18143 ] ],
            automationName: 'UiAutomator2',
            systemPort: 8203,
            bundleID: 'com.wdiodemoapp',
            bundleId: 'com.wdiodemoapp',
            skipServerInstallation: true,
            udid: 'R3CT4091W3V',
            appPackage: 'com.wdiodemoapp',
            appActivity: 'com.wdiodemoapp.SplashActivity',
            nativeWebScreenshot: true,
            disableSuppressAccessibilityService: true,
            deviceUDID: 'R3CT4091W3V',
            deviceApiLevel: 31,
            platformVersion: '12',
            deviceScreenSize: '1080x2340',
            deviceScreenDensity: 480,
            deviceModel: 'SM-S901B',
            deviceManufacturer: 'samsung',
            pixelRatio: 3,
            statBarHeight: 79,
            viewportRect: { left: 0, top: 79, width: 1080, height: 2036 }
          },
          platform: 'Android',
          platform_version: '12',
          browser: undefined,
          browser_version: undefined
        }
      }
    }
  },
  {
    event_type: 'TestRunStarted',
    test_run: {
      type: 'test',
      framework: 'WebdriverIO-mocha',
      uuid: '89dd3e45-fb4b-4765-99f7-0c08c11a361a',
      name: 'should swipe through cards and display different card content',
      body: {
        lang: 'ecmascript',
        code: 'function (...specFnArgs) {\n' +
          "        return testFnWrapper.call(this, 'Test', {\n" +
          '            specFn,\n' +
          '            specFnArgs: filterSpecArgs(specFnArgs)\n' +
          '        }, {\n' +
          '            beforeFn,\n' +
          '            beforeFnArgs\n' +
          '        }, {\n' +
          '            afterFn,\n' +
          '            afterFnArgs\n' +
          '        }, cid, repeatTest);\n' +
          '    }'
      },
      identifier: 'should swipe through cards and display different card content',
      scope: 'WebdriverIO Native Demo App - should swipe through cards and display different card content',
      scopes: [ 'WebdriverIO Native Demo App' ],
      file_name: 'test\\specs\\app.e2e.js',
      vc_filepath: 'test\\specs\\app.e2e.js',
      location: 'test\\specs\\app.e2e.js',
      result: 'pending',
      duration_in_ms: null,
      started_at: '2026-08-19T12:58:58.768Z',
      failure: undefined,
      failure_type: undefined,
      failure_reason: undefined,
      retry_of: null,
      custom_metadata: undefined,
      tags: [],
      customRerunParam: { rerun_name: undefined },
      hooks: [],
      product_map: {
        observability: true,
        accessibility: false,
        percy: false,
        automate: false,
        app_automate: true
      }
    },
    logs: []
  }
] to 21884:0
2026-08-19T12:59:00.759Z CLI info  [bjzrgibueqeg2hctwylq6umioalc5fuirio65ave]  [f0a0edef-b4ab-4b7d-b7b1-8598336669ef]  [PRODUCTION] Making POST request to https://collector-observability.browserstack.com
2026-08-19T12:59:03.759Z CLI warn [TEST REPORTING AND ANALYTICS:webdriverio:mocha]  [bjzrgibueqeg2hctwylq6umioalc5fuirio65ave]  [f0a0edef-b4ab-4b7d-b7b1-8598336669ef]  TestRunFinished: event={"test_framework_name":"WebdriverIO-mocha","test_framework_version":"9.34.1","test_logs":[],"test_hooks_finished":{},"test_hooks_started":{},"test_uuid":"89dd3e45-fb4b-4765-99f7-0c08c11a361a","test_result":"passed","test_id":"WebdriverIO Native Demo App - should swipe through cards and display different card content","test_name":"should swipe through cards and display different card content","test_code":"function (...specFnArgs) {\n        return testFnWrapper.call(this, 'Test', {\n            specFn,\n            specFnArgs: filterSpecArgs(specFnArgs)\n        }, {\n            beforeFn,\n            beforeFnArgs\n        }, {\n            afterFn,\n            afterFnArgs\n        }, cid, repeatTest);\n    }","test_file_path":"C:\\Users\\Admin\\Desktop\\browserstack_test\\test\\specs\\app.e2e.js","test_location":"test\\specs\\app.e2e.js","test_scope":"WebdriverIO Native Demo App - should swipe through cards and display different card content","test_scopes":["WebdriverIO Native Demo App"],"test_started_at":"2026-08-19T12:58:58.768Z","automate_session_name":"WebdriverIO Native Demo App - should swipe through cards and display different card content","test_failure":null,"test_failure_reason":null,"test_failure_type":null,"test_ended_at":"2026-08-19T12:59:03.748Z","automate_session_status":"passed","test_deferred":true,"logs":[]}
2026-08-19T12:59:03.760Z CLI info [testhub:request-queue-handler]  [bjzrgibueqeg2hctwylq6umioalc5fuirio65ave]  [f0a0edef-b4ab-4b7d-b7b1-8598336669ef]  Added the event {
  event_type: 'TestRunFinished',
  test_run: {
    type: 'test',
    framework: 'WebdriverIO-mocha',
    uuid: '89dd3e45-fb4b-4765-99f7-0c08c11a361a',
    name: 'should swipe through cards and display different card content',
    body: {
      lang: 'ecmascript',
      code: 'function (...specFnArgs) {\n' +
        "        return testFnWrapper.call(this, 'Test', {\n" +
        '            specFn,\n' +
        '            specFnArgs: filterSpecArgs(specFnArgs)\n' +
        '        }, {\n' +
        '            beforeFn,\n' +
        '            beforeFnArgs\n' +
        '        }, {\n' +
        '            afterFn,\n' +
        '            afterFnArgs\n' +
        '        }, cid, repeatTest);\n' +
        '    }'
    },
    identifier: 'should swipe through cards and display different card content',
    scope: 'WebdriverIO Native Demo App - should swipe through cards and display different card content',
    scopes: [ 'WebdriverIO Native Demo App' ],
    file_name: 'test\\specs\\app.e2e.js',
    vc_filepath: 'test\\specs\\app.e2e.js',
    location: 'test\\specs\\app.e2e.js',
    result: 'passed',
    duration_in_ms: 4980,
    started_at: '2026-08-19T12:58:58.768Z',
    finished_at: '2026-08-19T12:59:03.748Z',
    failure: null,
    failure_type: null,
    failure_reason: null,
    retry_of: null,
    custom_metadata: undefined,
    tags: [],
    customRerunParam: { rerun_name: undefined },
    hooks: [],
    product_map: {
      observability: true,
      accessibility: false,
      percy: false,
      automate: false,
      app_automate: true
    }
  },
  logs: []
} to 21884:0 (target=/api/v2/builds/bjzrgibueqeg2hctwylq6umioalc5fuirio65ave/batch)
2026-08-19T12:59:04.456Z CLI info [testhub:request-queue-handler]  [bjzrgibueqeg2hctwylq6umioalc5fuirio65ave]  [f0a0edef-b4ab-4b7d-b7b1-8598336669ef]  Added the event {
  event_type: 'CBTSessionCreated',
  test_run: {
    uuid: '347cabe6-0724-42af-a84a-209147b62439',
    integrations: { browserstack: [Object] }
  }
} to 21884:0 (target=/api/v2/builds/bjzrgibueqeg2hctwylq6umioalc5fuirio65ave/batch)
2026-08-19T12:59:04.458Z CLI info [testhub:request-queue-handler]  [bjzrgibueqeg2hctwylq6umioalc5fuirio65ave]  [f0a0edef-b4ab-4b7d-b7b1-8598336669ef]  Added the event {
  event_type: 'TestRunStarted',
  test_run: {
    type: 'test',
    framework: 'WebdriverIO-mocha',
    uuid: '347cabe6-0724-42af-a84a-209147b62439',
    name: 'should swipe down and display the WebdriverIO logo',
    body: {
      lang: 'ecmascript',
      code: 'function (...specFnArgs) {\n' +
        "        return testFnWrapper.call(this, 'Test', {\n" +
        '            specFn,\n' +
        '            specFnArgs: filterSpecArgs(specFnArgs)\n' +
        '        }, {\n' +
        '            beforeFn,\n' +
        '            beforeFnArgs\n' +
        '        }, {\n' +
        '            afterFn,\n' +
        '            afterFnArgs\n' +
        '        }, cid, repeatTest);\n' +
        '    }'
    },
    identifier: 'should swipe down and display the WebdriverIO logo',
    scope: 'WebdriverIO Native Demo App - should swipe down and display the WebdriverIO logo',
    scopes: [ 'WebdriverIO Native Demo App' ],
    file_name: 'test\\specs\\app.e2e.js',
    vc_filepath: 'test\\specs\\app.e2e.js',
    location: 'test\\specs\\app.e2e.js',
    result: 'pending',
    duration_in_ms: null,
    started_at: '2026-08-19T12:59:03.752Z',
    failure: undefined,
    failure_type: undefined,
    failure_reason: undefined,
    retry_of: null,
    custom_metadata: undefined,
    tags: [],
    customRerunParam: { rerun_name: undefined },
    hooks: [],
    product_map: {
      observability: true,
      accessibility: false,
      percy: false,
      automate: false,
      app_automate: true
    }
  },
  logs: []
} to 21884:0 (target=/api/v2/builds/bjzrgibueqeg2hctwylq6umioalc5fuirio65ave/batch)
2026-08-19T12:59:04.757Z CLI info [testhub:request-queue-handler]  [bjzrgibueqeg2hctwylq6umioalc5fuirio65ave]  [f0a0edef-b4ab-4b7d-b7b1-8598336669ef]  Processing batch event [
  {
    event_type: 'TestRunFinished',
    test_run: {
      type: 'test',
      framework: 'WebdriverIO-mocha',
      uuid: '89dd3e45-fb4b-4765-99f7-0c08c11a361a',
      name: 'should swipe through cards and display different card content',
      body: {
        lang: 'ecmascript',
        code: 'function (...specFnArgs) {\n' +
          "        return testFnWrapper.call(this, 'Test', {\n" +
          '            specFn,\n' +
          '            specFnArgs: filterSpecArgs(specFnArgs)\n' +
          '        }, {\n' +
          '            beforeFn,\n' +
          '            beforeFnArgs\n' +
          '        }, {\n' +
          '            afterFn,\n' +
          '            afterFnArgs\n' +
          '        }, cid, repeatTest);\n' +
          '    }'
      },
      identifier: 'should swipe through cards and display different card content',
      scope: 'WebdriverIO Native Demo App - should swipe through cards and display different card content',
      scopes: [ 'WebdriverIO Native Demo App' ],
      file_name: 'test\\specs\\app.e2e.js',
      vc_filepath: 'test\\specs\\app.e2e.js',
      location: 'test\\specs\\app.e2e.js',
      result: 'passed',
      duration_in_ms: 4980,
      started_at: '2026-08-19T12:58:58.768Z',
      finished_at: '2026-08-19T12:59:03.748Z',
      failure: null,
      failure_type: null,
      failure_reason: null,
      retry_of: null,
      custom_metadata: undefined,
      tags: [],
      customRerunParam: { rerun_name: undefined },
      hooks: [],
      product_map: {
        observability: true,
        accessibility: false,
        percy: false,
        automate: false,
        app_automate: true
      }
    },
    logs: []
  },
  {
    event_type: 'CBTSessionCreated',
    test_run: {
      uuid: '347cabe6-0724-42af-a84a-209147b62439',
      integrations: {
        browserstack: {
          product: 'app-automate',
          session_id: '9d31e6571b9033890c96939b3ae7df0a4d51fc74',
          capabilities: {
            platform: 'LINUX',
            webStorageEnabled: false,
            takesScreenshot: true,
            javascriptEnabled: true,
            databaseEnabled: false,
            networkConnectionEnabled: true,
            locationContextEnabled: false,
            warnings: {},
            desired: {
              platformName: 'Android',
              'bstack:options': { hostName: 'DESKTOP-44JTQN2', buildIdentifier: '#2' },
              'goog:chromeOptions': {},
              newCommandTimeout: 0,
              deviceName: 'Samsung Galaxy S22',
              chromedriverPorts: [ [ 18133, 18143 ] ],
              automationName: 'UiAutomator2',
              systemPort: 8203,
              bundleID: 'com.wdiodemoapp',
              bundleId: 'com.wdiodemoapp',
              skipServerInstallation: true,
              udid: 'R3CT4091W3V',
              appPackage: 'com.wdiodemoapp',
              appActivity: 'com.wdiodemoapp.SplashActivity',
              nativeWebScreenshot: true,
              disableSuppressAccessibilityService: true
            },
            platformName: 'Android',
            'bstack:options': { hostName: 'DESKTOP-44JTQN2', buildIdentifier: '#2' },
            'goog:chromeOptions': {},
            newCommandTimeout: 0,
            deviceName: 'R3CT4091W3V',
            chromedriverPorts: [ [ 18133, 18143 ] ],
            automationName: 'UiAutomator2',
            systemPort: 8203,
            bundleID: 'com.wdiodemoapp',
            bundleId: 'com.wdiodemoapp',
            skipServerInstallation: true,
            udid: 'R3CT4091W3V',
            appPackage: 'com.wdiodemoapp',
            appActivity: 'com.wdiodemoapp.SplashActivity',
            nativeWebScreenshot: true,
            disableSuppressAccessibilityService: true,
            deviceUDID: 'R3CT4091W3V',
            deviceApiLevel: 31,
            platformVersion: '12',
            deviceScreenSize: '1080x2340',
            deviceScreenDensity: 480,
            deviceModel: 'SM-S901B',
            deviceManufacturer: 'samsung',
            pixelRatio: 3,
            statBarHeight: 79,
            viewportRect: { left: 0, top: 79, width: 1080, height: 2036 }
          },
          platform: 'Android',
          platform_version: '12',
          browser: undefined,
          browser_version: undefined
        }
      }
    }
  },
  {
    event_type: 'TestRunStarted',
    test_run: {
      type: 'test',
      framework: 'WebdriverIO-mocha',
      uuid: '347cabe6-0724-42af-a84a-209147b62439',
      name: 'should swipe down and display the WebdriverIO logo',
      body: {
        lang: 'ecmascript',
        code: 'function (...specFnArgs) {\n' +
          "        return testFnWrapper.call(this, 'Test', {\n" +
          '            specFn,\n' +
          '            specFnArgs: filterSpecArgs(specFnArgs)\n' +
          '        }, {\n' +
          '            beforeFn,\n' +
          '            beforeFnArgs\n' +
          '        }, {\n' +
          '            afterFn,\n' +
          '            afterFnArgs\n' +
          '        }, cid, repeatTest);\n' +
          '    }'
      },
      identifier: 'should swipe down and display the WebdriverIO logo',
      scope: 'WebdriverIO Native Demo App - should swipe down and display the WebdriverIO logo',
      scopes: [ 'WebdriverIO Native Demo App' ],
      file_name: 'test\\specs\\app.e2e.js',
      vc_filepath: 'test\\specs\\app.e2e.js',
      location: 'test\\specs\\app.e2e.js',
      result: 'pending',
      duration_in_ms: null,
      started_at: '2026-08-19T12:59:03.752Z',
      failure: undefined,
      failure_type: undefined,
      failure_reason: undefined,
      retry_of: null,
      custom_metadata: undefined,
      tags: [],
      customRerunParam: { rerun_name: undefined },
      hooks: [],
      product_map: {
        observability: true,
        accessibility: false,
        percy: false,
        automate: false,
        app_automate: true
      }
    },
    logs: []
  }
] to 21884:0
2026-08-19T12:59:04.759Z CLI info  [bjzrgibueqeg2hctwylq6umioalc5fuirio65ave]  [f0a0edef-b4ab-4b7d-b7b1-8598336669ef]  [PRODUCTION] Making POST request to https://collector-observability.browserstack.com
2026-08-19T12:59:19.633Z CLI warn [TEST REPORTING AND ANALYTICS:webdriverio:mocha]  [bjzrgibueqeg2hctwylq6umioalc5fuirio65ave]  [f0a0edef-b4ab-4b7d-b7b1-8598336669ef]  TestRunFinished: event={"test_framework_name":"WebdriverIO-mocha","test_framework_version":"9.34.1","test_logs":[],"test_hooks_finished":{},"test_hooks_started":{},"test_uuid":"347cabe6-0724-42af-a84a-209147b62439","test_result":"failed","test_id":"WebdriverIO Native Demo App - should swipe down and display the WebdriverIO logo","test_name":"should swipe down and display the WebdriverIO logo","test_code":"function (...specFnArgs) {\n        return testFnWrapper.call(this, 'Test', {\n            specFn,\n            specFnArgs: filterSpecArgs(specFnArgs)\n        }, {\n            beforeFn,\n            beforeFnArgs\n        }, {\n            afterFn,\n            afterFnArgs\n        }, cid, repeatTest);\n    }","test_file_path":"C:\\Users\\Admin\\Desktop\\browserstack_test\\test\\specs\\app.e2e.js","test_location":"test\\specs\\app.e2e.js","test_scope":"WebdriverIO Native Demo App - should swipe down and display the WebdriverIO logo","test_scopes":["WebdriverIO Native Demo App"],"test_started_at":"2026-08-19T12:59:03.752Z","automate_session_name":"WebdriverIO Native Demo App - should swipe down and display the WebdriverIO logo","test_failure":[{"backtrace":["element (\"~WebdriverIO logo\") still not displayed after 10000ms","Error: element (\"~WebdriverIO logo\") still not displayed after 10000ms\n    at async Context.<anonymous> (C:\\Users\\Admin\\Desktop\\browserstack_test\\test\\specs\\app.e2e.js:37:9)"]}],"test_failure_reason":"element (\"~WebdriverIO logo\") still not displayed after 10000ms","test_failure_type":"UnhandledError","test_ended_at":"2026-08-19T12:59:19.621Z","automate_session_status":"failed","automate_session_reason":"element (\"~WebdriverIO logo\") still not displayed after 10000ms","test_deferred":true,"logs":[]}
2026-08-19T12:59:19.634Z CLI info [testhub:request-queue-handler]  [bjzrgibueqeg2hctwylq6umioalc5fuirio65ave]  [f0a0edef-b4ab-4b7d-b7b1-8598336669ef]  Added the event {
  event_type: 'TestRunFinished',
  test_run: {
    type: 'test',
    framework: 'WebdriverIO-mocha',
    uuid: '347cabe6-0724-42af-a84a-209147b62439',
    name: 'should swipe down and display the WebdriverIO logo',
    body: {
      lang: 'ecmascript',
      code: 'function (...specFnArgs) {\n' +
        "        return testFnWrapper.call(this, 'Test', {\n" +
        '            specFn,\n' +
        '            specFnArgs: filterSpecArgs(specFnArgs)\n' +
        '        }, {\n' +
        '            beforeFn,\n' +
        '            beforeFnArgs\n' +
        '        }, {\n' +
        '            afterFn,\n' +
        '            afterFnArgs\n' +
        '        }, cid, repeatTest);\n' +
        '    }'
    },
    identifier: 'should swipe down and display the WebdriverIO logo',
    scope: 'WebdriverIO Native Demo App - should swipe down and display the WebdriverIO logo',
    scopes: [ 'WebdriverIO Native Demo App' ],
    file_name: 'test\\specs\\app.e2e.js',
    vc_filepath: 'test\\specs\\app.e2e.js',
    location: 'test\\specs\\app.e2e.js',
    result: 'failed',
    duration_in_ms: 15869,
    started_at: '2026-08-19T12:59:03.752Z',
    finished_at: '2026-08-19T12:59:19.621Z',
    failure: [ [Object] ],
    failure_type: 'UnhandledError',
    failure_reason: 'element ("~WebdriverIO logo") still not displayed after 10000ms',
    retry_of: null,
    custom_metadata: undefined,
    tags: [],
    customRerunParam: { rerun_name: undefined },
    hooks: [],
    product_map: {
      observability: true,
      accessibility: false,
      percy: false,
      automate: false,
      app_automate: true
    }
  },
  logs: []
} to 21884:0 (target=/api/v2/builds/bjzrgibueqeg2hctwylq6umioalc5fuirio65ave/batch)
2026-08-19T12:59:20.291Z CLI info [testhub:request-queue-handler]  [bjzrgibueqeg2hctwylq6umioalc5fuirio65ave]  [f0a0edef-b4ab-4b7d-b7b1-8598336669ef]  Added the event {
  event_type: 'CBTSessionCreated',
  test_run: {
    uuid: 'ed5c3704-14d4-4705-9a17-1e2103f7070e',
    integrations: { browserstack: [Object] }
  }
} to 21884:0 (target=/api/v2/builds/bjzrgibueqeg2hctwylq6umioalc5fuirio65ave/batch)
2026-08-19T12:59:20.293Z CLI info [testhub:request-queue-handler]  [bjzrgibueqeg2hctwylq6umioalc5fuirio65ave]  [f0a0edef-b4ab-4b7d-b7b1-8598336669ef]  Added the event {
  event_type: 'TestRunStarted',
  test_run: {
    type: 'test',
    framework: 'WebdriverIO-mocha',
    uuid: 'ed5c3704-14d4-4705-9a17-1e2103f7070e',
    name: 'should successfully log in with valid credentials',
    body: {
      lang: 'ecmascript',
      code: 'function (...specFnArgs) {\n' +
        "        return testFnWrapper.call(this, 'Test', {\n" +
        '            specFn,\n' +
        '            specFnArgs: filterSpecArgs(specFnArgs)\n' +
        '        }, {\n' +
        '            beforeFn,\n' +
        '            beforeFnArgs\n' +
        '        }, {\n' +
        '            afterFn,\n' +
        '            afterFnArgs\n' +
        '        }, cid, repeatTest);\n' +
        '    }'
    },
    identifier: 'should successfully log in with valid credentials',
    scope: 'WebdriverIO Native Demo App - should successfully log in with valid credentials',
    scopes: [ 'WebdriverIO Native Demo App' ],
    file_name: 'test\\specs\\app.e2e.js',
    vc_filepath: 'test\\specs\\app.e2e.js',
    location: 'test\\specs\\app.e2e.js',
    result: 'pending',
    duration_in_ms: null,
    started_at: '2026-08-19T12:59:19.627Z',
    failure: undefined,
    failure_type: undefined,
    failure_reason: undefined,
    retry_of: null,
    custom_metadata: undefined,
    tags: [],
    customRerunParam: { rerun_name: undefined },
    hooks: [],
    product_map: {
      observability: true,
      accessibility: false,
      percy: false,
      automate: false,
      app_automate: true
    }
  },
  logs: []
} to 21884:0 (target=/api/v2/builds/bjzrgibueqeg2hctwylq6umioalc5fuirio65ave/batch)
2026-08-19T12:59:20.804Z CLI info [testhub:request-queue-handler]  [bjzrgibueqeg2hctwylq6umioalc5fuirio65ave]  [f0a0edef-b4ab-4b7d-b7b1-8598336669ef]  Processing batch event [
  {
    event_type: 'TestRunFinished',
    test_run: {
      type: 'test',
      framework: 'WebdriverIO-mocha',
      uuid: '347cabe6-0724-42af-a84a-209147b62439',
      name: 'should swipe down and display the WebdriverIO logo',
      body: {
        lang: 'ecmascript',
        code: 'function (...specFnArgs) {\n' +
          "        return testFnWrapper.call(this, 'Test', {\n" +
          '            specFn,\n' +
          '            specFnArgs: filterSpecArgs(specFnArgs)\n' +
          '        }, {\n' +
          '            beforeFn,\n' +
          '            beforeFnArgs\n' +
          '        }, {\n' +
          '            afterFn,\n' +
          '            afterFnArgs\n' +
          '        }, cid, repeatTest);\n' +
          '    }'
      },
      identifier: 'should swipe down and display the WebdriverIO logo',
      scope: 'WebdriverIO Native Demo App - should swipe down and display the WebdriverIO logo',
      scopes: [ 'WebdriverIO Native Demo App' ],
      file_name: 'test\\specs\\app.e2e.js',
      vc_filepath: 'test\\specs\\app.e2e.js',
      location: 'test\\specs\\app.e2e.js',
      result: 'failed',
      duration_in_ms: 15869,
      started_at: '2026-08-19T12:59:03.752Z',
      finished_at: '2026-08-19T12:59:19.621Z',
      failure: [
        {
          backtrace: [
            'element ("~WebdriverIO logo") still not displayed after 10000ms',
            'Error: element ("~WebdriverIO logo") still not displayed after 10000ms\n' +
              '    at async Context.<anonymous> (C:\\Users\\Admin\\Desktop\\browserstack_test\\test\\specs\\app.e2e.js:37:9)'
          ]
        }
      ],
      failure_type: 'UnhandledError',
      failure_reason: 'element ("~WebdriverIO logo") still not displayed after 10000ms',
      retry_of: null,
      custom_metadata: undefined,
      tags: [],
      customRerunParam: { rerun_name: undefined },
      hooks: [],
      product_map: {
        observability: true,
        accessibility: false,
        percy: false,
        automate: false,
        app_automate: true
      }
    },
    logs: []
  },
  {
    event_type: 'CBTSessionCreated',
    test_run: {
      uuid: 'ed5c3704-14d4-4705-9a17-1e2103f7070e',
      integrations: {
        browserstack: {
          product: 'app-automate',
          session_id: '9d31e6571b9033890c96939b3ae7df0a4d51fc74',
          capabilities: {
            platform: 'LINUX',
            webStorageEnabled: false,
            takesScreenshot: true,
            javascriptEnabled: true,
            databaseEnabled: false,
            networkConnectionEnabled: true,
            locationContextEnabled: false,
            warnings: {},
            desired: {
              platformName: 'Android',
              'bstack:options': { hostName: 'DESKTOP-44JTQN2', buildIdentifier: '#2' },
              'goog:chromeOptions': {},
              newCommandTimeout: 0,
              deviceName: 'Samsung Galaxy S22',
              chromedriverPorts: [ [ 18133, 18143 ] ],
              automationName: 'UiAutomator2',
              systemPort: 8203,
              bundleID: 'com.wdiodemoapp',
              bundleId: 'com.wdiodemoapp',
              skipServerInstallation: true,
              udid: 'R3CT4091W3V',
              appPackage: 'com.wdiodemoapp',
              appActivity: 'com.wdiodemoapp.SplashActivity',
              nativeWebScreenshot: true,
              disableSuppressAccessibilityService: true
            },
            platformName: 'Android',
            'bstack:options': { hostName: 'DESKTOP-44JTQN2', buildIdentifier: '#2' },
            'goog:chromeOptions': {},
            newCommandTimeout: 0,
            deviceName: 'R3CT4091W3V',
            chromedriverPorts: [ [ 18133, 18143 ] ],
            automationName: 'UiAutomator2',
            systemPort: 8203,
            bundleID: 'com.wdiodemoapp',
            bundleId: 'com.wdiodemoapp',
            skipServerInstallation: true,
            udid: 'R3CT4091W3V',
            appPackage: 'com.wdiodemoapp',
            appActivity: 'com.wdiodemoapp.SplashActivity',
            nativeWebScreenshot: true,
            disableSuppressAccessibilityService: true,
            deviceUDID: 'R3CT4091W3V',
            deviceApiLevel: 31,
            platformVersion: '12',
            deviceScreenSize: '1080x2340',
            deviceScreenDensity: 480,
            deviceModel: 'SM-S901B',
            deviceManufacturer: 'samsung',
            pixelRatio: 3,
            statBarHeight: 79,
            viewportRect: { left: 0, top: 79, width: 1080, height: 2036 }
          },
          platform: 'Android',
          platform_version: '12',
          browser: undefined,
          browser_version: undefined
        }
      }
    }
  },
  {
    event_type: 'TestRunStarted',
    test_run: {
      type: 'test',
      framework: 'WebdriverIO-mocha',
      uuid: 'ed5c3704-14d4-4705-9a17-1e2103f7070e',
      name: 'should successfully log in with valid credentials',
      body: {
        lang: 'ecmascript',
        code: 'function (...specFnArgs) {\n' +
          "        return testFnWrapper.call(this, 'Test', {\n" +
          '            specFn,\n' +
          '            specFnArgs: filterSpecArgs(specFnArgs)\n' +
          '        }, {\n' +
          '            beforeFn,\n' +
          '            beforeFnArgs\n' +
          '        }, {\n' +
          '            afterFn,\n' +
          '            afterFnArgs\n' +
          '        }, cid, repeatTest);\n' +
          '    }'
      },
      identifier: 'should successfully log in with valid credentials',
      scope: 'WebdriverIO Native Demo App - should successfully log in with valid credentials',
      scopes: [ 'WebdriverIO Native Demo App' ],
      file_name: 'test\\specs\\app.e2e.js',
      vc_filepath: 'test\\specs\\app.e2e.js',
      location: 'test\\specs\\app.e2e.js',
      result: 'pending',
      duration_in_ms: null,
      started_at: '2026-08-19T12:59:19.627Z',
      failure: undefined,
      failure_type: undefined,
      failure_reason: undefined,
      retry_of: null,
      custom_metadata: undefined,
      tags: [],
      customRerunParam: { rerun_name: undefined },
      hooks: [],
      product_map: {
        observability: true,
        accessibility: false,
        percy: false,
        automate: false,
        app_automate: true
      }
    },
    logs: []
  }
] to 21884:0
2026-08-19T12:59:20.806Z CLI info  [bjzrgibueqeg2hctwylq6umioalc5fuirio65ave]  [f0a0edef-b4ab-4b7d-b7b1-8598336669ef]  [PRODUCTION] Making POST request to https://collector-observability.browserstack.com
2026-08-19T12:59:30.608Z CLI warn [TEST REPORTING AND ANALYTICS:webdriverio:mocha]  [bjzrgibueqeg2hctwylq6umioalc5fuirio65ave]  [f0a0edef-b4ab-4b7d-b7b1-8598336669ef]  TestRunFinished: event={"test_framework_name":"WebdriverIO-mocha","test_framework_version":"9.34.1","test_logs":[],"test_hooks_finished":{},"test_hooks_started":{},"test_uuid":"ed5c3704-14d4-4705-9a17-1e2103f7070e","test_result":"failed","test_id":"WebdriverIO Native Demo App - should successfully log in with valid credentials","test_name":"should successfully log in with valid credentials","test_code":"function (...specFnArgs) {\n        return testFnWrapper.call(this, 'Test', {\n            specFn,\n            specFnArgs: filterSpecArgs(specFnArgs)\n        }, {\n            beforeFn,\n            beforeFnArgs\n        }, {\n            afterFn,\n            afterFnArgs\n        }, cid, repeatTest);\n    }","test_file_path":"C:\\Users\\Admin\\Desktop\\browserstack_test\\test\\specs\\app.e2e.js","test_location":"test\\specs\\app.e2e.js","test_scope":"WebdriverIO Native Demo App - should successfully log in with valid credentials","test_scopes":["WebdriverIO Native Demo App"],"test_started_at":"2026-08-19T12:59:19.627Z","automate_session_name":"WebdriverIO Native Demo App - should successfully log in with valid credentials","test_failure":[{"backtrace":["element (\"~Login\") still not displayed after 10000ms","Error: element (\"~Login\") still not displayed after 10000ms\n    at async LoginPage.open (C:\\Users\\Admin\\Desktop\\browserstack_test\\test\\pageobjects\\login.page.js:10:9)\n    at async Context.<anonymous> (C:\\Users\\Admin\\Desktop\\browserstack_test\\test\\specs\\app.e2e.js:42:9)"]}],"test_failure_reason":"element (\"~Login\") still not displayed after 10000ms","test_failure_type":"UnhandledError","test_ended_at":"2026-08-19T12:59:30.598Z","automate_session_status":"failed","automate_session_reason":"element (\"~Login\") still not displayed after 10000ms","test_deferred":true,"logs":[]}
2026-08-19T12:59:30.610Z CLI info [testhub:request-queue-handler]  [bjzrgibueqeg2hctwylq6umioalc5fuirio65ave]  [f0a0edef-b4ab-4b7d-b7b1-8598336669ef]  Added the event {
  event_type: 'TestRunFinished',
  test_run: {
    type: 'test',
    framework: 'WebdriverIO-mocha',
    uuid: 'ed5c3704-14d4-4705-9a17-1e2103f7070e',
    name: 'should successfully log in with valid credentials',
    body: {
      lang: 'ecmascript',
      code: 'function (...specFnArgs) {\n' +
        "        return testFnWrapper.call(this, 'Test', {\n" +
        '            specFn,\n' +
        '            specFnArgs: filterSpecArgs(specFnArgs)\n' +
        '        }, {\n' +
        '            beforeFn,\n' +
        '            beforeFnArgs\n' +
        '        }, {\n' +
        '            afterFn,\n' +
        '            afterFnArgs\n' +
        '        }, cid, repeatTest);\n' +
        '    }'
    },
    identifier: 'should successfully log in with valid credentials',
    scope: 'WebdriverIO Native Demo App - should successfully log in with valid credentials',
    scopes: [ 'WebdriverIO Native Demo App' ],
    file_name: 'test\\specs\\app.e2e.js',
    vc_filepath: 'test\\specs\\app.e2e.js',
    location: 'test\\specs\\app.e2e.js',
    result: 'failed',
    duration_in_ms: 10971,
    started_at: '2026-08-19T12:59:19.627Z',
    finished_at: '2026-08-19T12:59:30.598Z',
    failure: [ [Object] ],
    failure_type: 'UnhandledError',
    failure_reason: 'element ("~Login") still not displayed after 10000ms',
    retry_of: null,
    custom_metadata: undefined,
    tags: [],
    customRerunParam: { rerun_name: undefined },
    hooks: [],
    product_map: {
      observability: true,
      accessibility: false,
      percy: false,
      automate: false,
      app_automate: true
    }
  },
  logs: []
} to 21884:0 (target=/api/v2/builds/bjzrgibueqeg2hctwylq6umioalc5fuirio65ave/batch)
2026-08-19T12:59:30.835Z CLI info [testhub:request-queue-handler]  [bjzrgibueqeg2hctwylq6umioalc5fuirio65ave]  [f0a0edef-b4ab-4b7d-b7b1-8598336669ef]  Processing batch event [
  {
    event_type: 'TestRunFinished',
    test_run: {
      type: 'test',
      framework: 'WebdriverIO-mocha',
      uuid: 'ed5c3704-14d4-4705-9a17-1e2103f7070e',
      name: 'should successfully log in with valid credentials',
      body: {
        lang: 'ecmascript',
        code: 'function (...specFnArgs) {\n' +
          "        return testFnWrapper.call(this, 'Test', {\n" +
          '            specFn,\n' +
          '            specFnArgs: filterSpecArgs(specFnArgs)\n' +
          '        }, {\n' +
          '            beforeFn,\n' +
          '            beforeFnArgs\n' +
          '        }, {\n' +
          '            afterFn,\n' +
          '            afterFnArgs\n' +
          '        }, cid, repeatTest);\n' +
          '    }'
      },
      identifier: 'should successfully log in with valid credentials',
      scope: 'WebdriverIO Native Demo App - should successfully log in with valid credentials',
      scopes: [ 'WebdriverIO Native Demo App' ],
      file_name: 'test\\specs\\app.e2e.js',
      vc_filepath: 'test\\specs\\app.e2e.js',
      location: 'test\\specs\\app.e2e.js',
      result: 'failed',
      duration_in_ms: 10971,
      started_at: '2026-08-19T12:59:19.627Z',
      finished_at: '2026-08-19T12:59:30.598Z',
      failure: [
        {
          backtrace: [
            'element ("~Login") still not displayed after 10000ms',
            'Error: element ("~Login") still not displayed after 10000ms\n' +
              '    at async LoginPage.open (C:\\Users\\Admin\\Desktop\\browserstack_test\\test\\pageobjects\\login.page.js:10:9)\n' +
              '    at async Context.<anonymous> (C:\\Users\\Admin\\Desktop\\browserstack_test\\test\\specs\\app.e2e.js:42:9)'
          ]
        }
      ],
      failure_type: 'UnhandledError',
      failure_reason: 'element ("~Login") still not displayed after 10000ms',
      retry_of: null,
      custom_metadata: undefined,
      tags: [],
      customRerunParam: { rerun_name: undefined },
      hooks: [],
      product_map: {
        observability: true,
        accessibility: false,
        percy: false,
        automate: false,
        app_automate: true
      }
    },
    logs: []
  }
] to 21884:0
2026-08-19T12:59:30.836Z CLI info  [bjzrgibueqeg2hctwylq6umioalc5fuirio65ave]  [f0a0edef-b4ab-4b7d-b7b1-8598336669ef]  [PRODUCTION] Making POST request to https://collector-observability.browserstack.com
2026-08-19T12:59:32.522Z CLI info  [bjzrgibueqeg2hctwylq6umioalc5fuirio65ave]  [f0a0edef-b4ab-4b7d-b7b1-8598336669ef]  [PRODUCTION] Making GET request to https://api.browserstack.com
2026-08-19T12:59:32.526Z CLI info  [bjzrgibueqeg2hctwylq6umioalc5fuirio65ave]  [f0a0edef-b4ab-4b7d-b7b1-8598336669ef]  [PRODUCTION] Making PUT request to https://collector-observability.browserstack.com
2026-08-19T12:59:33.001Z CLI info [testhub:module]  [bjzrgibueqeg2hctwylq6umioalc5fuirio65ave]  [f0a0edef-b4ab-4b7d-b7b1-8598336669ef]  stopBuild: bjzrgibueqeg2hctwylq6umioalc5fuirio65ave request={"finished_at":"2026-08-19T12:59:32.521Z","finished_metadata":[],"custom_metadata":null} response={"data":""}
2026-08-19T12:59:33.003Z CLI info  [bjzrgibueqeg2hctwylq6umioalc5fuirio65ave]  [f0a0edef-b4ab-4b7d-b7b1-8598336669ef]  [PRODUCTION] Making POST request to https://api.browserstack.com
2026-08-19T12:59:33.416Z CLI info [TEST REPORTING AND ANALYTICS:module]  [bjzrgibueqeg2hctwylq6umioalc5fuirio65ave]  [f0a0edef-b4ab-4b7d-b7b1-8598336669ef]  Visit https://automation.browserstack.com/builds/bjzrgibueqeg2hctwylq6umioalc5fuirio65ave to view build report, insights, and many more debugging information all at one place!
2026-08-19T13:02:44.053Z CLI info [main]    Server listening on port: 5400
2026-08-19T13:02:44.077Z CLI info    Config : {"userName":"[REDACTED]","accessKey":"[REDACTED]","platforms":[{"platformName":"Android","appium:deviceName":"OnePlus 11","appium:platformVersion":"13.0","appium:automationName":"UiAutomator2","appium:app":"NativeDemoApp","projectName":"WebdriverIO Native Demo App","debug":true,"networkLogs":true,"buildName":"OnePlus 11 - Android 13","sessionName":"OnePlus 11 Test","wdioService":"9.34.1"}],"isNonBstackA11yWDIO":false,"app":"NativeDemoApp","browserstackLocal":false,"testObservability":true,"testContextOptions":{"skipSessionName":false,"skipSessionStatus":false,"sessionNameOmitTestTitle":false,"sessionNamePrependTopLevelSuiteTitle":false,"sessionNameFormat":""},"buildTag":[]}
2026-08-19T13:02:44.106Z CLI info    Should start debug utility: undefined
2026-08-19T13:02:44.222Z CLI info [testhub:module]   [8d10b968-e330-4850-8b74-9fa15716f770]  Starting testhub from 23996:0
2026-08-19T13:02:44.223Z CLI info   [8d10b968-e330-4850-8b74-9fa15716f770]  [PRODUCTION] Making POST request to https://sdk.browserstack.com
2026-08-19T13:02:44.225Z CLI info   [8d10b968-e330-4850-8b74-9fa15716f770]  [PRODUCTION] Making GET request to https://hub.browserstack.com
2026-08-19T13:02:44.548Z CLI info   [8d10b968-e330-4850-8b74-9fa15716f770]  [PRODUCTION] Making GET request to https://hub-euw.browserstack.com
2026-08-19T13:02:44.549Z CLI info   [8d10b968-e330-4850-8b74-9fa15716f770]  [PRODUCTION] Making GET request to https://hub-use.browserstack.com
2026-08-19T13:02:44.550Z CLI info   [8d10b968-e330-4850-8b74-9fa15716f770]  [PRODUCTION] Making GET request to https://hub-aps.browserstack.com
2026-08-19T13:02:45.487Z CLI info [testhub:module]   [8d10b968-e330-4850-8b74-9fa15716f770]  startBuild: response=bnd0s53cr8pxotwwj9yvn7kbb1pgzuyeyhupvv89
2026-08-19T13:02:45.490Z CLI info  [bnd0s53cr8pxotwwj9yvn7kbb1pgzuyeyhupvv89]  [8d10b968-e330-4850-8b74-9fa15716f770]  [PRODUCTION] Making POST request to https://api.browserstack.com
2026-08-19T13:02:46.030Z CLI info  [bnd0s53cr8pxotwwj9yvn7kbb1pgzuyeyhupvv89]  [8d10b968-e330-4850-8b74-9fa15716f770]  [PRODUCTION] Making GET request to https://api.browserstack.com
2026-08-19T13:02:46.490Z CLI error  [bnd0s53cr8pxotwwj9yvn7kbb1pgzuyeyhupvv89]  [8d10b968-e330-4850-8b74-9fa15716f770]  error invoking callback for eventName onStart: invalid percyToken=null
2026-08-19T13:02:46.491Z CLI error  [bnd0s53cr8pxotwwj9yvn7kbb1pgzuyeyhupvv89]  [8d10b968-e330-4850-8b74-9fa15716f770]  Error: invalid percyToken=null
    at C:\snapshot\browserstack-binary\cli\dist\index.js
    at process.processTicksAndRejections (node:internal/process/task_queues:95:5)
2026-08-19T13:02:46.491Z CLI info [appautomate:service]  [bnd0s53cr8pxotwwj9yvn7kbb1pgzuyeyhupvv89]  [8d10b968-e330-4850-8b74-9fa15716f770]  Using app: NativeDemoApp
2026-08-19T13:02:49.055Z CLI info [sdk:service]  [bnd0s53cr8pxotwwj9yvn7kbb1pgzuyeyhupvv89]  [8d10b968-e330-4850-8b74-9fa15716f770]  Driver initialized as primary driver: platformIndex=0
2026-08-19T13:02:54.792Z CLI info  [bnd0s53cr8pxotwwj9yvn7kbb1pgzuyeyhupvv89]  [8d10b968-e330-4850-8b74-9fa15716f770]  [PRODUCTION] Making GET request to https://api.browserstack.com
2026-08-19T13:02:54.796Z CLI info  [bnd0s53cr8pxotwwj9yvn7kbb1pgzuyeyhupvv89]  [8d10b968-e330-4850-8b74-9fa15716f770]  [PRODUCTION] Making PUT request to https://collector-observability.browserstack.com
2026-08-19T13:02:55.347Z CLI info [testhub:module]  [bnd0s53cr8pxotwwj9yvn7kbb1pgzuyeyhupvv89]  [8d10b968-e330-4850-8b74-9fa15716f770]  stopBuild: bnd0s53cr8pxotwwj9yvn7kbb1pgzuyeyhupvv89 request={"finished_at":"2026-08-19T13:02:54.791Z","finished_metadata":[],"custom_metadata":null} response={"data":""}
2026-08-19T13:02:55.349Z CLI info  [bnd0s53cr8pxotwwj9yvn7kbb1pgzuyeyhupvv89]  [8d10b968-e330-4850-8b74-9fa15716f770]  [PRODUCTION] Making POST request to https://api.browserstack.com
2026-08-19T13:02:55.741Z CLI info [TEST REPORTING AND ANALYTICS:module]  [bnd0s53cr8pxotwwj9yvn7kbb1pgzuyeyhupvv89]  [8d10b968-e330-4850-8b74-9fa15716f770]  Visit https://automation.browserstack.com/builds/bnd0s53cr8pxotwwj9yvn7kbb1pgzuyeyhupvv89 to view build report, insights, and many more debugging information all at one place!
2026-08-19T13:03:58.959Z CLI info [main]    Server listening on port: 5400
2026-08-19T13:03:58.986Z CLI info    Config : {"userName":"[REDACTED]","accessKey":"[REDACTED]","platforms":[{"platformName":"Android","appium:deviceName":"Xiaomi 13","appium:platformVersion":"13.0","appium:automationName":"UiAutomator2","appium:app":"NativeDemoApp","projectName":"WebdriverIO Native Demo App","debug":true,"networkLogs":true,"buildName":"Xiaomi 13 - Android 13","sessionName":"Xiaomi 13 Test","wdioService":"9.34.1"}],"isNonBstackA11yWDIO":false,"app":"NativeDemoApp","browserstackLocal":false,"testObservability":true,"testContextOptions":{"skipSessionName":false,"skipSessionStatus":false,"sessionNameOmitTestTitle":false,"sessionNamePrependTopLevelSuiteTitle":false,"sessionNameFormat":""},"buildTag":[]}
2026-08-19T13:03:59.012Z CLI info    Should start debug utility: undefined
2026-08-19T13:03:59.174Z CLI info [testhub:module]   [028a1b4e-5e03-48c5-a750-2eb832d85959]  Starting testhub from 21708:0
2026-08-19T13:03:59.175Z CLI info   [028a1b4e-5e03-48c5-a750-2eb832d85959]  [PRODUCTION] Making POST request to https://sdk.browserstack.com
2026-08-19T13:03:59.176Z CLI info   [028a1b4e-5e03-48c5-a750-2eb832d85959]  [PRODUCTION] Making GET request to https://hub.browserstack.com
2026-08-19T13:03:59.493Z CLI info   [028a1b4e-5e03-48c5-a750-2eb832d85959]  [PRODUCTION] Making GET request to https://hub-euw.browserstack.com
2026-08-19T13:03:59.493Z CLI info   [028a1b4e-5e03-48c5-a750-2eb832d85959]  [PRODUCTION] Making GET request to https://hub-use.browserstack.com
2026-08-19T13:03:59.494Z CLI info   [028a1b4e-5e03-48c5-a750-2eb832d85959]  [PRODUCTION] Making GET request to https://hub-aps.browserstack.com
2026-08-19T13:04:00.166Z CLI info [testhub:module]   [028a1b4e-5e03-48c5-a750-2eb832d85959]  startBuild: response=l8nxgrad8rdjopixmr3qpgokxvbfb7e0ly9xnfz7
2026-08-19T13:04:00.169Z CLI info  [l8nxgrad8rdjopixmr3qpgokxvbfb7e0ly9xnfz7]  [028a1b4e-5e03-48c5-a750-2eb832d85959]  [PRODUCTION] Making POST request to https://api.browserstack.com
2026-08-19T13:04:00.695Z CLI info  [l8nxgrad8rdjopixmr3qpgokxvbfb7e0ly9xnfz7]  [028a1b4e-5e03-48c5-a750-2eb832d85959]  [PRODUCTION] Making GET request to https://api.browserstack.com
2026-08-19T13:04:01.096Z CLI error  [l8nxgrad8rdjopixmr3qpgokxvbfb7e0ly9xnfz7]  [028a1b4e-5e03-48c5-a750-2eb832d85959]  error invoking callback for eventName onStart: invalid percyToken=null
2026-08-19T13:04:01.096Z CLI error  [l8nxgrad8rdjopixmr3qpgokxvbfb7e0ly9xnfz7]  [028a1b4e-5e03-48c5-a750-2eb832d85959]  Error: invalid percyToken=null
    at C:\snapshot\browserstack-binary\cli\dist\index.js
    at process.processTicksAndRejections (node:internal/process/task_queues:95:5)
2026-08-19T13:04:01.097Z CLI info [appautomate:service]  [l8nxgrad8rdjopixmr3qpgokxvbfb7e0ly9xnfz7]  [028a1b4e-5e03-48c5-a750-2eb832d85959]  Using app: NativeDemoApp
2026-08-19T13:04:03.085Z CLI info [sdk:service]  [l8nxgrad8rdjopixmr3qpgokxvbfb7e0ly9xnfz7]  [028a1b4e-5e03-48c5-a750-2eb832d85959]  Driver initialized as primary driver: platformIndex=0
2026-08-19T13:04:08.809Z CLI info  [l8nxgrad8rdjopixmr3qpgokxvbfb7e0ly9xnfz7]  [028a1b4e-5e03-48c5-a750-2eb832d85959]  [PRODUCTION] Making GET request to https://api.browserstack.com
2026-08-19T13:04:08.812Z CLI info  [l8nxgrad8rdjopixmr3qpgokxvbfb7e0ly9xnfz7]  [028a1b4e-5e03-48c5-a750-2eb832d85959]  [PRODUCTION] Making PUT request to https://collector-observability.browserstack.com
2026-08-19T13:04:09.351Z CLI info [testhub:module]  [l8nxgrad8rdjopixmr3qpgokxvbfb7e0ly9xnfz7]  [028a1b4e-5e03-48c5-a750-2eb832d85959]  stopBuild: l8nxgrad8rdjopixmr3qpgokxvbfb7e0ly9xnfz7 request={"finished_at":"2026-08-19T13:04:08.808Z","finished_metadata":[],"custom_metadata":null} response={"data":""}
2026-08-19T13:04:09.353Z CLI info  [l8nxgrad8rdjopixmr3qpgokxvbfb7e0ly9xnfz7]  [028a1b4e-5e03-48c5-a750-2eb832d85959]  [PRODUCTION] Making POST request to https://api.browserstack.com
2026-08-19T13:04:09.780Z CLI info [TEST REPORTING AND ANALYTICS:module]  [l8nxgrad8rdjopixmr3qpgokxvbfb7e0ly9xnfz7]  [028a1b4e-5e03-48c5-a750-2eb832d85959]  Visit https://automation.browserstack.com/builds/l8nxgrad8rdjopixmr3qpgokxvbfb7e0ly9xnfz7 to view build report, insights, and many more debugging information all at one place!
2026-08-19T13:07:07.329Z CLI info [main]    Server listening on port: 5400
2026-08-19T13:07:07.354Z CLI info    Config : {"userName":"[REDACTED]","accessKey":"[REDACTED]","platforms":[{"platformName":"Android","appium:deviceName":"OnePlus 11R","appium:platformVersion":"13.0","appium:automationName":"UiAutomator2","appium:app":"NativeDemoApp","projectName":"WebdriverIO Native Demo App","debug":true,"networkLogs":true,"buildName":"OnePlus 11R - Android 13","sessionName":"OnePlus 11R Test","wdioService":"9.34.1"}],"isNonBstackA11yWDIO":false,"app":"NativeDemoApp","browserstackLocal":false,"testObservability":true,"testContextOptions":{"skipSessionName":false,"skipSessionStatus":false,"sessionNameOmitTestTitle":false,"sessionNamePrependTopLevelSuiteTitle":false,"sessionNameFormat":""},"buildTag":[]}
2026-08-19T13:07:07.382Z CLI info    Should start debug utility: undefined
2026-08-19T13:07:07.503Z CLI info [testhub:module]   [21af4068-1657-479c-89ac-e610982e1e4a]  Starting testhub from 20284:0
2026-08-19T13:07:07.504Z CLI info   [21af4068-1657-479c-89ac-e610982e1e4a]  [PRODUCTION] Making POST request to https://sdk.browserstack.com
2026-08-19T13:07:07.505Z CLI info   [21af4068-1657-479c-89ac-e610982e1e4a]  [PRODUCTION] Making GET request to https://hub.browserstack.com
2026-08-19T13:07:07.826Z CLI info   [21af4068-1657-479c-89ac-e610982e1e4a]  [PRODUCTION] Making GET request to https://hub-euw.browserstack.com
2026-08-19T13:07:07.826Z CLI info   [21af4068-1657-479c-89ac-e610982e1e4a]  [PRODUCTION] Making GET request to https://hub-use.browserstack.com
2026-08-19T13:07:07.827Z CLI info   [21af4068-1657-479c-89ac-e610982e1e4a]  [PRODUCTION] Making GET request to https://hub-aps.browserstack.com
2026-08-19T13:07:08.501Z CLI info [testhub:module]   [21af4068-1657-479c-89ac-e610982e1e4a]  startBuild: response=4uxjeue1t8yhifakxkozqqoqriqc5enqiedysj9r
2026-08-19T13:07:08.504Z CLI info  [4uxjeue1t8yhifakxkozqqoqriqc5enqiedysj9r]  [21af4068-1657-479c-89ac-e610982e1e4a]  [PRODUCTION] Making POST request to https://api.browserstack.com
2026-08-19T13:07:09.043Z CLI info  [4uxjeue1t8yhifakxkozqqoqriqc5enqiedysj9r]  [21af4068-1657-479c-89ac-e610982e1e4a]  [PRODUCTION] Making GET request to https://api.browserstack.com
2026-08-19T13:07:09.463Z CLI error  [4uxjeue1t8yhifakxkozqqoqriqc5enqiedysj9r]  [21af4068-1657-479c-89ac-e610982e1e4a]  error invoking callback for eventName onStart: invalid percyToken=null
2026-08-19T13:07:09.464Z CLI error  [4uxjeue1t8yhifakxkozqqoqriqc5enqiedysj9r]  [21af4068-1657-479c-89ac-e610982e1e4a]  Error: invalid percyToken=null
    at C:\snapshot\browserstack-binary\cli\dist\index.js
    at process.processTicksAndRejections (node:internal/process/task_queues:95:5)
2026-08-19T13:07:09.464Z CLI info [appautomate:service]  [4uxjeue1t8yhifakxkozqqoqriqc5enqiedysj9r]  [21af4068-1657-479c-89ac-e610982e1e4a]  Using app: NativeDemoApp
2026-08-19T13:07:12.549Z CLI info [sdk:service]  [4uxjeue1t8yhifakxkozqqoqriqc5enqiedysj9r]  [21af4068-1657-479c-89ac-e610982e1e4a]  Driver initialized as primary driver: platformIndex=0
2026-08-19T13:07:31.529Z CLI info [testhub:request-queue-handler]  [4uxjeue1t8yhifakxkozqqoqriqc5enqiedysj9r]  [21af4068-1657-479c-89ac-e610982e1e4a]  Added the event {
  event_type: 'CBTSessionCreated',
  test_run: {
    uuid: '88fb31c5-2618-4d9a-af14-e5227b0bd487',
    integrations: { browserstack: [Object] }
  }
} to 20284:0 (target=/api/v2/builds/4uxjeue1t8yhifakxkozqqoqriqc5enqiedysj9r/batch)
2026-08-19T13:07:31.531Z CLI info [testhub:request-queue-handler]  [4uxjeue1t8yhifakxkozqqoqriqc5enqiedysj9r]  [21af4068-1657-479c-89ac-e610982e1e4a]  Added the event {
  event_type: 'TestRunStarted',
  test_run: {
    type: 'test',
    framework: 'WebdriverIO-mocha',
    uuid: '88fb31c5-2618-4d9a-af14-e5227b0bd487',
    name: 'should open the Forms screen and interact with a switch',
    body: {
      lang: 'ecmascript',
      code: 'function (...specFnArgs) {\n' +
        "        return testFnWrapper.call(this, 'Test', {\n" +
        '            specFn,\n' +
        '            specFnArgs: filterSpecArgs(specFnArgs)\n' +
        '        }, {\n' +
        '            beforeFn,\n' +
        '            beforeFnArgs\n' +
        '        }, {\n' +
        '            afterFn,\n' +
        '            afterFnArgs\n' +
        '        }, cid, repeatTest);\n' +
        '    }'
    },
    identifier: 'should open the Forms screen and interact with a switch',
    scope: 'WebdriverIO Native Demo App - should open the Forms screen and interact with a switch',
    scopes: [ 'WebdriverIO Native Demo App' ],
    file_name: 'test\\specs\\app.e2e.js',
    vc_filepath: 'test\\specs\\app.e2e.js',
    location: 'test\\specs\\app.e2e.js',
    result: 'pending',
    duration_in_ms: null,
    started_at: '2026-08-19T13:07:30.858Z',
    failure: undefined,
    failure_type: undefined,
    failure_reason: undefined,
    retry_of: null,
    custom_metadata: undefined,
    tags: [],
    customRerunParam: { rerun_name: undefined },
    hooks: [],
    product_map: {
      observability: true,
      accessibility: false,
      percy: false,
      automate: false,
      app_automate: true
    }
  },
  logs: []
} to 20284:0 (target=/api/v2/builds/4uxjeue1t8yhifakxkozqqoqriqc5enqiedysj9r/batch)
2026-08-19T13:07:32.587Z CLI info [testhub:request-queue-handler]  [4uxjeue1t8yhifakxkozqqoqriqc5enqiedysj9r]  [21af4068-1657-479c-89ac-e610982e1e4a]  Processing batch event [
  {
    event_type: 'CBTSessionCreated',
    test_run: {
      uuid: '88fb31c5-2618-4d9a-af14-e5227b0bd487',
      integrations: {
        browserstack: {
          product: 'app-automate',
          session_id: 'dd56356124252bc19e43ff82e006527bf2860067',
          capabilities: {
            platform: 'LINUX',
            webStorageEnabled: false,
            takesScreenshot: true,
            javascriptEnabled: true,
            databaseEnabled: false,
            networkConnectionEnabled: true,
            locationContextEnabled: false,
            warnings: {},
            desired: {
              platformName: 'Android',
              'bstack:options': { hostName: 'DESKTOP-44JTQN2', buildIdentifier: '#1' },
              'goog:chromeOptions': {},
              newCommandTimeout: 0,
              deviceName: 'OnePlus 11R',
              chromedriverPorts: [ [ 18144, 18154 ] ],
              chromedriverArgs: [ '--adb-port=5038' ],
              automationName: 'UiAutomator2',
              systemPort: 8204,
              bundleID: 'com.wdiodemoapp',
              bundleId: 'com.wdiodemoapp',
              skipServerInstallation: true,
              udid: 'c05cb619',
              appPackage: 'com.wdiodemoapp',
              appActivity: 'com.wdiodemoapp.SplashActivity',
              nativeWebScreenshot: true,
              disableSuppressAccessibilityService: true
            },
            platformName: 'Android',
            'bstack:options': { hostName: 'DESKTOP-44JTQN2', buildIdentifier: '#1' },
            'goog:chromeOptions': {},
            newCommandTimeout: 0,
            deviceName: 'c05cb619',
            chromedriverPorts: [ [ 18144, 18154 ] ],
            chromedriverArgs: [ '--adb-port=5038' ],
            automationName: 'UiAutomator2',
            systemPort: 8204,
            bundleID: 'com.wdiodemoapp',
            bundleId: 'com.wdiodemoapp',
            skipServerInstallation: true,
            udid: 'c05cb619',
            appPackage: 'com.wdiodemoapp',
            appActivity: 'com.wdiodemoapp.SplashActivity',
            nativeWebScreenshot: true,
            disableSuppressAccessibilityService: true,
            deviceUDID: 'c05cb619',
            deviceApiLevel: 33,
            platformVersion: '13',
            deviceScreenSize: '1240x2772',
            deviceScreenDensity: 560,
            deviceModel: 'CPH2487',
            deviceManufacturer: 'OnePlus',
            pixelRatio: 3.5,
            statBarHeight: 110,
            viewportRect: { left: 0, top: 110, width: 1240, height: 2398 }
          },
          platform: 'Android',
          platform_version: '13',
          browser: undefined,
          browser_version: undefined
        }
      }
    }
  },
  {
    event_type: 'TestRunStarted',
    test_run: {
      type: 'test',
      framework: 'WebdriverIO-mocha',
      uuid: '88fb31c5-2618-4d9a-af14-e5227b0bd487',
      name: 'should open the Forms screen and interact with a switch',
      body: {
        lang: 'ecmascript',
        code: 'function (...specFnArgs) {\n' +
          "        return testFnWrapper.call(this, 'Test', {\n" +
          '            specFn,\n' +
          '            specFnArgs: filterSpecArgs(specFnArgs)\n' +
          '        }, {\n' +
          '            beforeFn,\n' +
          '            beforeFnArgs\n' +
          '        }, {\n' +
          '            afterFn,\n' +
          '            afterFnArgs\n' +
          '        }, cid, repeatTest);\n' +
          '    }'
      },
      identifier: 'should open the Forms screen and interact with a switch',
      scope: 'WebdriverIO Native Demo App - should open the Forms screen and interact with a switch',
      scopes: [ 'WebdriverIO Native Demo App' ],
      file_name: 'test\\specs\\app.e2e.js',
      vc_filepath: 'test\\specs\\app.e2e.js',
      location: 'test\\specs\\app.e2e.js',
      result: 'pending',
      duration_in_ms: null,
      started_at: '2026-08-19T13:07:30.858Z',
      failure: undefined,
      failure_type: undefined,
      failure_reason: undefined,
      retry_of: null,
      custom_metadata: undefined,
      tags: [],
      customRerunParam: { rerun_name: undefined },
      hooks: [],
      product_map: {
        observability: true,
        accessibility: false,
        percy: false,
        automate: false,
        app_automate: true
      }
    },
    logs: []
  }
] to 20284:0
2026-08-19T13:07:32.588Z CLI info  [4uxjeue1t8yhifakxkozqqoqriqc5enqiedysj9r]  [21af4068-1657-479c-89ac-e610982e1e4a]  [PRODUCTION] Making POST request to https://collector-observability.browserstack.com
2026-08-19T13:07:35.043Z CLI warn [TEST REPORTING AND ANALYTICS:webdriverio:mocha]  [4uxjeue1t8yhifakxkozqqoqriqc5enqiedysj9r]  [21af4068-1657-479c-89ac-e610982e1e4a]  TestRunFinished: event={"test_framework_name":"WebdriverIO-mocha","test_framework_version":"9.34.1","test_logs":[],"test_hooks_finished":{},"test_hooks_started":{},"test_uuid":"88fb31c5-2618-4d9a-af14-e5227b0bd487","test_result":"passed","test_id":"WebdriverIO Native Demo App - should open the Forms screen and interact with a switch","test_name":"should open the Forms screen and interact with a switch","test_code":"function (...specFnArgs) {\n        return testFnWrapper.call(this, 'Test', {\n            specFn,\n            specFnArgs: filterSpecArgs(specFnArgs)\n        }, {\n            beforeFn,\n            beforeFnArgs\n        }, {\n            afterFn,\n            afterFnArgs\n        }, cid, repeatTest);\n    }","test_file_path":"C:\\Users\\Admin\\Desktop\\browserstack_test\\test\\specs\\app.e2e.js","test_location":"test\\specs\\app.e2e.js","test_scope":"WebdriverIO Native Demo App - should open the Forms screen and interact with a switch","test_scopes":["WebdriverIO Native Demo App"],"test_started_at":"2026-08-19T13:07:30.858Z","automate_session_name":"WebdriverIO Native Demo App - should open the Forms screen and interact with a switch","test_failure":null,"test_failure_reason":null,"test_failure_type":null,"test_ended_at":"2026-08-19T13:07:35.032Z","automate_session_status":"passed","test_deferred":true,"logs":[]}
2026-08-19T13:07:35.044Z CLI info [testhub:request-queue-handler]  [4uxjeue1t8yhifakxkozqqoqriqc5enqiedysj9r]  [21af4068-1657-479c-89ac-e610982e1e4a]  Added the event {
  event_type: 'TestRunFinished',
  test_run: {
    type: 'test',
    framework: 'WebdriverIO-mocha',
    uuid: '88fb31c5-2618-4d9a-af14-e5227b0bd487',
    name: 'should open the Forms screen and interact with a switch',
    body: {
      lang: 'ecmascript',
      code: 'function (...specFnArgs) {\n' +
        "        return testFnWrapper.call(this, 'Test', {\n" +
        '            specFn,\n' +
        '            specFnArgs: filterSpecArgs(specFnArgs)\n' +
        '        }, {\n' +
        '            beforeFn,\n' +
        '            beforeFnArgs\n' +
        '        }, {\n' +
        '            afterFn,\n' +
        '            afterFnArgs\n' +
        '        }, cid, repeatTest);\n' +
        '    }'
    },
    identifier: 'should open the Forms screen and interact with a switch',
    scope: 'WebdriverIO Native Demo App - should open the Forms screen and interact with a switch',
    scopes: [ 'WebdriverIO Native Demo App' ],
    file_name: 'test\\specs\\app.e2e.js',
    vc_filepath: 'test\\specs\\app.e2e.js',
    location: 'test\\specs\\app.e2e.js',
    result: 'passed',
    duration_in_ms: 4174,
    started_at: '2026-08-19T13:07:30.858Z',
    finished_at: '2026-08-19T13:07:35.032Z',
    failure: null,
    failure_type: null,
    failure_reason: null,
    retry_of: null,
    custom_metadata: undefined,
    tags: [],
    customRerunParam: { rerun_name: undefined },
    hooks: [],
    product_map: {
      observability: true,
      accessibility: false,
      percy: false,
      automate: false,
      app_automate: true
    }
  },
  logs: []
} to 20284:0 (target=/api/v2/builds/4uxjeue1t8yhifakxkozqqoqriqc5enqiedysj9r/batch)
2026-08-19T13:07:36.599Z CLI info [testhub:request-queue-handler]  [4uxjeue1t8yhifakxkozqqoqriqc5enqiedysj9r]  [21af4068-1657-479c-89ac-e610982e1e4a]  Processing batch event [
  {
    event_type: 'TestRunFinished',
    test_run: {
      type: 'test',
      framework: 'WebdriverIO-mocha',
      uuid: '88fb31c5-2618-4d9a-af14-e5227b0bd487',
      name: 'should open the Forms screen and interact with a switch',
      body: {
        lang: 'ecmascript',
        code: 'function (...specFnArgs) {\n' +
          "        return testFnWrapper.call(this, 'Test', {\n" +
          '            specFn,\n' +
          '            specFnArgs: filterSpecArgs(specFnArgs)\n' +
          '        }, {\n' +
          '            beforeFn,\n' +
          '            beforeFnArgs\n' +
          '        }, {\n' +
          '            afterFn,\n' +
          '            afterFnArgs\n' +
          '        }, cid, repeatTest);\n' +
          '    }'
      },
      identifier: 'should open the Forms screen and interact with a switch',
      scope: 'WebdriverIO Native Demo App - should open the Forms screen and interact with a switch',
      scopes: [ 'WebdriverIO Native Demo App' ],
      file_name: 'test\\specs\\app.e2e.js',
      vc_filepath: 'test\\specs\\app.e2e.js',
      location: 'test\\specs\\app.e2e.js',
      result: 'passed',
      duration_in_ms: 4174,
      started_at: '2026-08-19T13:07:30.858Z',
      finished_at: '2026-08-19T13:07:35.032Z',
      failure: null,
      failure_type: null,
      failure_reason: null,
      retry_of: null,
      custom_metadata: undefined,
      tags: [],
      customRerunParam: { rerun_name: undefined },
      hooks: [],
      product_map: {
        observability: true,
        accessibility: false,
        percy: false,
        automate: false,
        app_automate: true
      }
    },
    logs: []
  }
] to 20284:0
2026-08-19T13:07:36.601Z CLI info  [4uxjeue1t8yhifakxkozqqoqriqc5enqiedysj9r]  [21af4068-1657-479c-89ac-e610982e1e4a]  [PRODUCTION] Making POST request to https://collector-observability.browserstack.com
2026-08-19T13:07:37.961Z CLI info [testhub:request-queue-handler]  [4uxjeue1t8yhifakxkozqqoqriqc5enqiedysj9r]  [21af4068-1657-479c-89ac-e610982e1e4a]  Added the event {
  event_type: 'CBTSessionCreated',
  test_run: {
    uuid: 'ba8c7bb6-c8d7-478c-aeb0-72d0506a86ab',
    integrations: { browserstack: [Object] }
  }
} to 20284:0 (target=/api/v2/builds/4uxjeue1t8yhifakxkozqqoqriqc5enqiedysj9r/batch)
2026-08-19T13:07:37.963Z CLI info [testhub:request-queue-handler]  [4uxjeue1t8yhifakxkozqqoqriqc5enqiedysj9r]  [21af4068-1657-479c-89ac-e610982e1e4a]  Added the event {
  event_type: 'TestRunStarted',
  test_run: {
    type: 'test',
    framework: 'WebdriverIO-mocha',
    uuid: 'ba8c7bb6-c8d7-478c-aeb0-72d0506a86ab',
    name: 'should select a different option from the dropdown',
    body: {
      lang: 'ecmascript',
      code: 'function (...specFnArgs) {\n' +
        "        return testFnWrapper.call(this, 'Test', {\n" +
        '            specFn,\n' +
        '            specFnArgs: filterSpecArgs(specFnArgs)\n' +
        '        }, {\n' +
        '            beforeFn,\n' +
        '            beforeFnArgs\n' +
        '        }, {\n' +
        '            afterFn,\n' +
        '            afterFnArgs\n' +
        '        }, cid, repeatTest);\n' +
        '    }'
    },
    identifier: 'should select a different option from the dropdown',
    scope: 'WebdriverIO Native Demo App - should select a different option from the dropdown',
    scopes: [ 'WebdriverIO Native Demo App' ],
    file_name: 'test\\specs\\app.e2e.js',
    vc_filepath: 'test\\specs\\app.e2e.js',
    location: 'test\\specs\\app.e2e.js',
    result: 'pending',
    duration_in_ms: null,
    started_at: '2026-08-19T13:07:35.039Z',
    failure: undefined,
    failure_type: undefined,
    failure_reason: undefined,
    retry_of: null,
    custom_metadata: undefined,
    tags: [],
    customRerunParam: { rerun_name: undefined },
    hooks: [],
    product_map: {
      observability: true,
      accessibility: false,
      percy: false,
      automate: false,
      app_automate: true
    }
  },
  logs: []
} to 20284:0 (target=/api/v2/builds/4uxjeue1t8yhifakxkozqqoqriqc5enqiedysj9r/batch)
2026-08-19T13:07:38.598Z CLI info [testhub:request-queue-handler]  [4uxjeue1t8yhifakxkozqqoqriqc5enqiedysj9r]  [21af4068-1657-479c-89ac-e610982e1e4a]  Processing batch event [
  {
    event_type: 'CBTSessionCreated',
    test_run: {
      uuid: 'ba8c7bb6-c8d7-478c-aeb0-72d0506a86ab',
      integrations: {
        browserstack: {
          product: 'app-automate',
          session_id: 'dd56356124252bc19e43ff82e006527bf2860067',
          capabilities: {
            platform: 'LINUX',
            webStorageEnabled: false,
            takesScreenshot: true,
            javascriptEnabled: true,
            databaseEnabled: false,
            networkConnectionEnabled: true,
            locationContextEnabled: false,
            warnings: {},
            desired: {
              platformName: 'Android',
              'bstack:options': { hostName: 'DESKTOP-44JTQN2', buildIdentifier: '#1' },
              'goog:chromeOptions': {},
              newCommandTimeout: 0,
              deviceName: 'OnePlus 11R',
              chromedriverPorts: [ [ 18144, 18154 ] ],
              chromedriverArgs: [ '--adb-port=5038' ],
              automationName: 'UiAutomator2',
              systemPort: 8204,
              bundleID: 'com.wdiodemoapp',
              bundleId: 'com.wdiodemoapp',
              skipServerInstallation: true,
              udid: 'c05cb619',
              appPackage: 'com.wdiodemoapp',
              appActivity: 'com.wdiodemoapp.SplashActivity',
              nativeWebScreenshot: true,
              disableSuppressAccessibilityService: true
            },
            platformName: 'Android',
            'bstack:options': { hostName: 'DESKTOP-44JTQN2', buildIdentifier: '#1' },
            'goog:chromeOptions': {},
            newCommandTimeout: 0,
            deviceName: 'c05cb619',
            chromedriverPorts: [ [ 18144, 18154 ] ],
            chromedriverArgs: [ '--adb-port=5038' ],
            automationName: 'UiAutomator2',
            systemPort: 8204,
            bundleID: 'com.wdiodemoapp',
            bundleId: 'com.wdiodemoapp',
            skipServerInstallation: true,
            udid: 'c05cb619',
            appPackage: 'com.wdiodemoapp',
            appActivity: 'com.wdiodemoapp.SplashActivity',
            nativeWebScreenshot: true,
            disableSuppressAccessibilityService: true,
            deviceUDID: 'c05cb619',
            deviceApiLevel: 33,
            platformVersion: '13',
            deviceScreenSize: '1240x2772',
            deviceScreenDensity: 560,
            deviceModel: 'CPH2487',
            deviceManufacturer: 'OnePlus',
            pixelRatio: 3.5,
            statBarHeight: 110,
            viewportRect: { left: 0, top: 110, width: 1240, height: 2398 }
          },
          platform: 'Android',
          platform_version: '13',
          browser: undefined,
          browser_version: undefined
        }
      }
    }
  },
  {
    event_type: 'TestRunStarted',
    test_run: {
      type: 'test',
      framework: 'WebdriverIO-mocha',
      uuid: 'ba8c7bb6-c8d7-478c-aeb0-72d0506a86ab',
      name: 'should select a different option from the dropdown',
      body: {
        lang: 'ecmascript',
        code: 'function (...specFnArgs) {\n' +
          "        return testFnWrapper.call(this, 'Test', {\n" +
          '            specFn,\n' +
          '            specFnArgs: filterSpecArgs(specFnArgs)\n' +
          '        }, {\n' +
          '            beforeFn,\n' +
          '            beforeFnArgs\n' +
          '        }, {\n' +
          '            afterFn,\n' +
          '            afterFnArgs\n' +
          '        }, cid, repeatTest);\n' +
          '    }'
      },
      identifier: 'should select a different option from the dropdown',
      scope: 'WebdriverIO Native Demo App - should select a different option from the dropdown',
      scopes: [ 'WebdriverIO Native Demo App' ],
      file_name: 'test\\specs\\app.e2e.js',
      vc_filepath: 'test\\specs\\app.e2e.js',
      location: 'test\\specs\\app.e2e.js',
      result: 'pending',
      duration_in_ms: null,
      started_at: '2026-08-19T13:07:35.039Z',
      failure: undefined,
      failure_type: undefined,
      failure_reason: undefined,
      retry_of: null,
      custom_metadata: undefined,
      tags: [],
      customRerunParam: { rerun_name: undefined },
      hooks: [],
      product_map: {
        observability: true,
        accessibility: false,
        percy: false,
        automate: false,
        app_automate: true
      }
    },
    logs: []
  }
] to 20284:0
2026-08-19T13:07:38.600Z CLI info  [4uxjeue1t8yhifakxkozqqoqriqc5enqiedysj9r]  [21af4068-1657-479c-89ac-e610982e1e4a]  [PRODUCTION] Making POST request to https://collector-observability.browserstack.com
2026-08-19T13:07:42.369Z CLI warn [TEST REPORTING AND ANALYTICS:webdriverio:mocha]  [4uxjeue1t8yhifakxkozqqoqriqc5enqiedysj9r]  [21af4068-1657-479c-89ac-e610982e1e4a]  TestRunFinished: event={"test_framework_name":"WebdriverIO-mocha","test_framework_version":"9.34.1","test_logs":[],"test_hooks_finished":{},"test_hooks_started":{},"test_uuid":"ba8c7bb6-c8d7-478c-aeb0-72d0506a86ab","test_result":"passed","test_id":"WebdriverIO Native Demo App - should select a different option from the dropdown","test_name":"should select a different option from the dropdown","test_code":"function (...specFnArgs) {\n        return testFnWrapper.call(this, 'Test', {\n            specFn,\n            specFnArgs: filterSpecArgs(specFnArgs)\n        }, {\n            beforeFn,\n            beforeFnArgs\n        }, {\n            afterFn,\n            afterFnArgs\n        }, cid, repeatTest);\n    }","test_file_path":"C:\\Users\\Admin\\Desktop\\browserstack_test\\test\\specs\\app.e2e.js","test_location":"test\\specs\\app.e2e.js","test_scope":"WebdriverIO Native Demo App - should select a different option from the dropdown","test_scopes":["WebdriverIO Native Demo App"],"test_started_at":"2026-08-19T13:07:35.039Z","automate_session_name":"WebdriverIO Native Demo App - should select a different option from the dropdown","test_failure":null,"test_failure_reason":null,"test_failure_type":null,"test_ended_at":"2026-08-19T13:07:42.358Z","automate_session_status":"passed","test_deferred":true,"logs":[]}
2026-08-19T13:07:42.370Z CLI info [testhub:request-queue-handler]  [4uxjeue1t8yhifakxkozqqoqriqc5enqiedysj9r]  [21af4068-1657-479c-89ac-e610982e1e4a]  Added the event {
  event_type: 'TestRunFinished',
  test_run: {
    type: 'test',
    framework: 'WebdriverIO-mocha',
    uuid: 'ba8c7bb6-c8d7-478c-aeb0-72d0506a86ab',
    name: 'should select a different option from the dropdown',
    body: {
      lang: 'ecmascript',
      code: 'function (...specFnArgs) {\n' +
        "        return testFnWrapper.call(this, 'Test', {\n" +
        '            specFn,\n' +
        '            specFnArgs: filterSpecArgs(specFnArgs)\n' +
        '        }, {\n' +
        '            beforeFn,\n' +
        '            beforeFnArgs\n' +
        '        }, {\n' +
        '            afterFn,\n' +
        '            afterFnArgs\n' +
        '        }, cid, repeatTest);\n' +
        '    }'
    },
    identifier: 'should select a different option from the dropdown',
    scope: 'WebdriverIO Native Demo App - should select a different option from the dropdown',
    scopes: [ 'WebdriverIO Native Demo App' ],
    file_name: 'test\\specs\\app.e2e.js',
    vc_filepath: 'test\\specs\\app.e2e.js',
    location: 'test\\specs\\app.e2e.js',
    result: 'passed',
    duration_in_ms: 7319,
    started_at: '2026-08-19T13:07:35.039Z',
    finished_at: '2026-08-19T13:07:42.358Z',
    failure: null,
    failure_type: null,
    failure_reason: null,
    retry_of: null,
    custom_metadata: undefined,
    tags: [],
    customRerunParam: { rerun_name: undefined },
    hooks: [],
    product_map: {
      observability: true,
      accessibility: false,
      percy: false,
      automate: false,
      app_automate: true
    }
  },
  logs: []
} to 20284:0 (target=/api/v2/builds/4uxjeue1t8yhifakxkozqqoqriqc5enqiedysj9r/batch)
2026-08-19T13:07:42.614Z CLI info [testhub:request-queue-handler]  [4uxjeue1t8yhifakxkozqqoqriqc5enqiedysj9r]  [21af4068-1657-479c-89ac-e610982e1e4a]  Processing batch event [
  {
    event_type: 'TestRunFinished',
    test_run: {
      type: 'test',
      framework: 'WebdriverIO-mocha',
      uuid: 'ba8c7bb6-c8d7-478c-aeb0-72d0506a86ab',
      name: 'should select a different option from the dropdown',
      body: {
        lang: 'ecmascript',
        code: 'function (...specFnArgs) {\n' +
          "        return testFnWrapper.call(this, 'Test', {\n" +
          '            specFn,\n' +
          '            specFnArgs: filterSpecArgs(specFnArgs)\n' +
          '        }, {\n' +
          '            beforeFn,\n' +
          '            beforeFnArgs\n' +
          '        }, {\n' +
          '            afterFn,\n' +
          '            afterFnArgs\n' +
          '        }, cid, repeatTest);\n' +
          '    }'
      },
      identifier: 'should select a different option from the dropdown',
      scope: 'WebdriverIO Native Demo App - should select a different option from the dropdown',
      scopes: [ 'WebdriverIO Native Demo App' ],
      file_name: 'test\\specs\\app.e2e.js',
      vc_filepath: 'test\\specs\\app.e2e.js',
      location: 'test\\specs\\app.e2e.js',
      result: 'passed',
      duration_in_ms: 7319,
      started_at: '2026-08-19T13:07:35.039Z',
      finished_at: '2026-08-19T13:07:42.358Z',
      failure: null,
      failure_type: null,
      failure_reason: null,
      retry_of: null,
      custom_metadata: undefined,
      tags: [],
      customRerunParam: { rerun_name: undefined },
      hooks: [],
      product_map: {
        observability: true,
        accessibility: false,
        percy: false,
        automate: false,
        app_automate: true
      }
    },
    logs: []
  }
] to 20284:0
2026-08-19T13:07:42.616Z CLI info  [4uxjeue1t8yhifakxkozqqoqriqc5enqiedysj9r]  [21af4068-1657-479c-89ac-e610982e1e4a]  [PRODUCTION] Making POST request to https://collector-observability.browserstack.com
2026-08-19T13:07:46.562Z CLI info [testhub:request-queue-handler]  [4uxjeue1t8yhifakxkozqqoqriqc5enqiedysj9r]  [21af4068-1657-479c-89ac-e610982e1e4a]  Added the event {
  event_type: 'CBTSessionCreated',
  test_run: {
    uuid: 'b8763a09-5a52-4992-b3e4-9bfb45a83eca',
    integrations: { browserstack: [Object] }
  }
} to 20284:0 (target=/api/v2/builds/4uxjeue1t8yhifakxkozqqoqriqc5enqiedysj9r/batch)
2026-08-19T13:07:46.564Z CLI info [testhub:request-queue-handler]  [4uxjeue1t8yhifakxkozqqoqriqc5enqiedysj9r]  [21af4068-1657-479c-89ac-e610982e1e4a]  Added the event {
  event_type: 'TestRunStarted',
  test_run: {
    type: 'test',
    framework: 'WebdriverIO-mocha',
    uuid: 'b8763a09-5a52-4992-b3e4-9bfb45a83eca',
    name: 'should swipe through cards and display different card content',
    body: {
      lang: 'ecmascript',
      code: 'function (...specFnArgs) {\n' +
        "        return testFnWrapper.call(this, 'Test', {\n" +
        '            specFn,\n' +
        '            specFnArgs: filterSpecArgs(specFnArgs)\n' +
        '        }, {\n' +
        '            beforeFn,\n' +
        '            beforeFnArgs\n' +
        '        }, {\n' +
        '            afterFn,\n' +
        '            afterFnArgs\n' +
        '        }, cid, repeatTest);\n' +
        '    }'
    },
    identifier: 'should swipe through cards and display different card content',
    scope: 'WebdriverIO Native Demo App - should swipe through cards and display different card content',
    scopes: [ 'WebdriverIO Native Demo App' ],
    file_name: 'test\\specs\\app.e2e.js',
    vc_filepath: 'test\\specs\\app.e2e.js',
    location: 'test\\specs\\app.e2e.js',
    result: 'pending',
    duration_in_ms: null,
    started_at: '2026-08-19T13:07:42.362Z',
    failure: undefined,
    failure_type: undefined,
    failure_reason: undefined,
    retry_of: null,
    custom_metadata: undefined,
    tags: [],
    customRerunParam: { rerun_name: undefined },
    hooks: [],
    product_map: {
      observability: true,
      accessibility: false,
      percy: false,
      automate: false,
      app_automate: true
    }
  },
  logs: []
} to 20284:0 (target=/api/v2/builds/4uxjeue1t8yhifakxkozqqoqriqc5enqiedysj9r/batch)
2026-08-19T13:07:46.614Z CLI info [testhub:request-queue-handler]  [4uxjeue1t8yhifakxkozqqoqriqc5enqiedysj9r]  [21af4068-1657-479c-89ac-e610982e1e4a]  Processing batch event [
  {
    event_type: 'CBTSessionCreated',
    test_run: {
      uuid: 'b8763a09-5a52-4992-b3e4-9bfb45a83eca',
      integrations: {
        browserstack: {
          product: 'app-automate',
          session_id: 'dd56356124252bc19e43ff82e006527bf2860067',
          capabilities: {
            platform: 'LINUX',
            webStorageEnabled: false,
            takesScreenshot: true,
            javascriptEnabled: true,
            databaseEnabled: false,
            networkConnectionEnabled: true,
            locationContextEnabled: false,
            warnings: {},
            desired: {
              platformName: 'Android',
              'bstack:options': { hostName: 'DESKTOP-44JTQN2', buildIdentifier: '#1' },
              'goog:chromeOptions': {},
              newCommandTimeout: 0,
              deviceName: 'OnePlus 11R',
              chromedriverPorts: [ [ 18144, 18154 ] ],
              chromedriverArgs: [ '--adb-port=5038' ],
              automationName: 'UiAutomator2',
              systemPort: 8204,
              bundleID: 'com.wdiodemoapp',
              bundleId: 'com.wdiodemoapp',
              skipServerInstallation: true,
              udid: 'c05cb619',
              appPackage: 'com.wdiodemoapp',
              appActivity: 'com.wdiodemoapp.SplashActivity',
              nativeWebScreenshot: true,
              disableSuppressAccessibilityService: true
            },
            platformName: 'Android',
            'bstack:options': { hostName: 'DESKTOP-44JTQN2', buildIdentifier: '#1' },
            'goog:chromeOptions': {},
            newCommandTimeout: 0,
            deviceName: 'c05cb619',
            chromedriverPorts: [ [ 18144, 18154 ] ],
            chromedriverArgs: [ '--adb-port=5038' ],
            automationName: 'UiAutomator2',
            systemPort: 8204,
            bundleID: 'com.wdiodemoapp',
            bundleId: 'com.wdiodemoapp',
            skipServerInstallation: true,
            udid: 'c05cb619',
            appPackage: 'com.wdiodemoapp',
            appActivity: 'com.wdiodemoapp.SplashActivity',
            nativeWebScreenshot: true,
            disableSuppressAccessibilityService: true,
            deviceUDID: 'c05cb619',
            deviceApiLevel: 33,
            platformVersion: '13',
            deviceScreenSize: '1240x2772',
            deviceScreenDensity: 560,
            deviceModel: 'CPH2487',
            deviceManufacturer: 'OnePlus',
            pixelRatio: 3.5,
            statBarHeight: 110,
            viewportRect: { left: 0, top: 110, width: 1240, height: 2398 }
          },
          platform: 'Android',
          platform_version: '13',
          browser: undefined,
          browser_version: undefined
        }
      }
    }
  },
  {
    event_type: 'TestRunStarted',
    test_run: {
      type: 'test',
      framework: 'WebdriverIO-mocha',
      uuid: 'b8763a09-5a52-4992-b3e4-9bfb45a83eca',
      name: 'should swipe through cards and display different card content',
      body: {
        lang: 'ecmascript',
        code: 'function (...specFnArgs) {\n' +
          "        return testFnWrapper.call(this, 'Test', {\n" +
          '            specFn,\n' +
          '            specFnArgs: filterSpecArgs(specFnArgs)\n' +
          '        }, {\n' +
          '            beforeFn,\n' +
          '            beforeFnArgs\n' +
          '        }, {\n' +
          '            afterFn,\n' +
          '            afterFnArgs\n' +
          '        }, cid, repeatTest);\n' +
          '    }'
      },
      identifier: 'should swipe through cards and display different card content',
      scope: 'WebdriverIO Native Demo App - should swipe through cards and display different card content',
      scopes: [ 'WebdriverIO Native Demo App' ],
      file_name: 'test\\specs\\app.e2e.js',
      vc_filepath: 'test\\specs\\app.e2e.js',
      location: 'test\\specs\\app.e2e.js',
      result: 'pending',
      duration_in_ms: null,
      started_at: '2026-08-19T13:07:42.362Z',
      failure: undefined,
      failure_type: undefined,
      failure_reason: undefined,
      retry_of: null,
      custom_metadata: undefined,
      tags: [],
      customRerunParam: { rerun_name: undefined },
      hooks: [],
      product_map: {
        observability: true,
        accessibility: false,
        percy: false,
        automate: false,
        app_automate: true
      }
    },
    logs: []
  }
] to 20284:0
2026-08-19T13:07:46.615Z CLI info  [4uxjeue1t8yhifakxkozqqoqriqc5enqiedysj9r]  [21af4068-1657-479c-89ac-e610982e1e4a]  [PRODUCTION] Making POST request to https://collector-observability.browserstack.com
2026-08-19T13:07:51.890Z CLI warn [TEST REPORTING AND ANALYTICS:webdriverio:mocha]  [4uxjeue1t8yhifakxkozqqoqriqc5enqiedysj9r]  [21af4068-1657-479c-89ac-e610982e1e4a]  TestRunFinished: event={"test_framework_name":"WebdriverIO-mocha","test_framework_version":"9.34.1","test_logs":[],"test_hooks_finished":{},"test_hooks_started":{},"test_uuid":"b8763a09-5a52-4992-b3e4-9bfb45a83eca","test_result":"passed","test_id":"WebdriverIO Native Demo App - should swipe through cards and display different card content","test_name":"should swipe through cards and display different card content","test_code":"function (...specFnArgs) {\n        return testFnWrapper.call(this, 'Test', {\n            specFn,\n            specFnArgs: filterSpecArgs(specFnArgs)\n        }, {\n            beforeFn,\n            beforeFnArgs\n        }, {\n            afterFn,\n            afterFnArgs\n        }, cid, repeatTest);\n    }","test_file_path":"C:\\Users\\Admin\\Desktop\\browserstack_test\\test\\specs\\app.e2e.js","test_location":"test\\specs\\app.e2e.js","test_scope":"WebdriverIO Native Demo App - should swipe through cards and display different card content","test_scopes":["WebdriverIO Native Demo App"],"test_started_at":"2026-08-19T13:07:42.362Z","automate_session_name":"WebdriverIO Native Demo App - should swipe through cards and display different card content","test_failure":null,"test_failure_reason":null,"test_failure_type":null,"test_ended_at":"2026-08-19T13:07:51.878Z","automate_session_status":"passed","test_deferred":true,"logs":[]}
2026-08-19T13:07:51.891Z CLI info [testhub:request-queue-handler]  [4uxjeue1t8yhifakxkozqqoqriqc5enqiedysj9r]  [21af4068-1657-479c-89ac-e610982e1e4a]  Added the event {
  event_type: 'TestRunFinished',
  test_run: {
    type: 'test',
    framework: 'WebdriverIO-mocha',
    uuid: 'b8763a09-5a52-4992-b3e4-9bfb45a83eca',
    name: 'should swipe through cards and display different card content',
    body: {
      lang: 'ecmascript',
      code: 'function (...specFnArgs) {\n' +
        "        return testFnWrapper.call(this, 'Test', {\n" +
        '            specFn,\n' +
        '            specFnArgs: filterSpecArgs(specFnArgs)\n' +
        '        }, {\n' +
        '            beforeFn,\n' +
        '            beforeFnArgs\n' +
        '        }, {\n' +
        '            afterFn,\n' +
        '            afterFnArgs\n' +
        '        }, cid, repeatTest);\n' +
        '    }'
    },
    identifier: 'should swipe through cards and display different card content',
    scope: 'WebdriverIO Native Demo App - should swipe through cards and display different card content',
    scopes: [ 'WebdriverIO Native Demo App' ],
    file_name: 'test\\specs\\app.e2e.js',
    vc_filepath: 'test\\specs\\app.e2e.js',
    location: 'test\\specs\\app.e2e.js',
    result: 'passed',
    duration_in_ms: 9516,
    started_at: '2026-08-19T13:07:42.362Z',
    finished_at: '2026-08-19T13:07:51.878Z',
    failure: null,
    failure_type: null,
    failure_reason: null,
    retry_of: null,
    custom_metadata: undefined,
    tags: [],
    customRerunParam: { rerun_name: undefined },
    hooks: [],
    product_map: {
      observability: true,
      accessibility: false,
      percy: false,
      automate: false,
      app_automate: true
    }
  },
  logs: []
} to 20284:0 (target=/api/v2/builds/4uxjeue1t8yhifakxkozqqoqriqc5enqiedysj9r/batch)
2026-08-19T13:07:52.630Z CLI info [testhub:request-queue-handler]  [4uxjeue1t8yhifakxkozqqoqriqc5enqiedysj9r]  [21af4068-1657-479c-89ac-e610982e1e4a]  Processing batch event [
  {
    event_type: 'TestRunFinished',
    test_run: {
      type: 'test',
      framework: 'WebdriverIO-mocha',
      uuid: 'b8763a09-5a52-4992-b3e4-9bfb45a83eca',
      name: 'should swipe through cards and display different card content',
      body: {
        lang: 'ecmascript',
        code: 'function (...specFnArgs) {\n' +
          "        return testFnWrapper.call(this, 'Test', {\n" +
          '            specFn,\n' +
          '            specFnArgs: filterSpecArgs(specFnArgs)\n' +
          '        }, {\n' +
          '            beforeFn,\n' +
          '            beforeFnArgs\n' +
          '        }, {\n' +
          '            afterFn,\n' +
          '            afterFnArgs\n' +
          '        }, cid, repeatTest);\n' +
          '    }'
      },
      identifier: 'should swipe through cards and display different card content',
      scope: 'WebdriverIO Native Demo App - should swipe through cards and display different card content',
      scopes: [ 'WebdriverIO Native Demo App' ],
      file_name: 'test\\specs\\app.e2e.js',
      vc_filepath: 'test\\specs\\app.e2e.js',
      location: 'test\\specs\\app.e2e.js',
      result: 'passed',
      duration_in_ms: 9516,
      started_at: '2026-08-19T13:07:42.362Z',
      finished_at: '2026-08-19T13:07:51.878Z',
      failure: null,
      failure_type: null,
      failure_reason: null,
      retry_of: null,
      custom_metadata: undefined,
      tags: [],
      customRerunParam: { rerun_name: undefined },
      hooks: [],
      product_map: {
        observability: true,
        accessibility: false,
        percy: false,
        automate: false,
        app_automate: true
      }
    },
    logs: []
  }
] to 20284:0
2026-08-19T13:07:52.631Z CLI info  [4uxjeue1t8yhifakxkozqqoqriqc5enqiedysj9r]  [21af4068-1657-479c-89ac-e610982e1e4a]  [PRODUCTION] Making POST request to https://collector-observability.browserstack.com
2026-08-19T13:07:53.347Z CLI info [testhub:request-queue-handler]  [4uxjeue1t8yhifakxkozqqoqriqc5enqiedysj9r]  [21af4068-1657-479c-89ac-e610982e1e4a]  Added the event {
  event_type: 'CBTSessionCreated',
  test_run: {
    uuid: 'd1d8af0c-b1e4-44c9-b850-82b2b41b3b4f',
    integrations: { browserstack: [Object] }
  }
} to 20284:0 (target=/api/v2/builds/4uxjeue1t8yhifakxkozqqoqriqc5enqiedysj9r/batch)
2026-08-19T13:07:53.349Z CLI info [testhub:request-queue-handler]  [4uxjeue1t8yhifakxkozqqoqriqc5enqiedysj9r]  [21af4068-1657-479c-89ac-e610982e1e4a]  Added the event {
  event_type: 'TestRunStarted',
  test_run: {
    type: 'test',
    framework: 'WebdriverIO-mocha',
    uuid: 'd1d8af0c-b1e4-44c9-b850-82b2b41b3b4f',
    name: 'should swipe down and display the WebdriverIO logo',
    body: {
      lang: 'ecmascript',
      code: 'function (...specFnArgs) {\n' +
        "        return testFnWrapper.call(this, 'Test', {\n" +
        '            specFn,\n' +
        '            specFnArgs: filterSpecArgs(specFnArgs)\n' +
        '        }, {\n' +
        '            beforeFn,\n' +
        '            beforeFnArgs\n' +
        '        }, {\n' +
        '            afterFn,\n' +
        '            afterFnArgs\n' +
        '        }, cid, repeatTest);\n' +
        '    }'
    },
    identifier: 'should swipe down and display the WebdriverIO logo',
    scope: 'WebdriverIO Native Demo App - should swipe down and display the WebdriverIO logo',
    scopes: [ 'WebdriverIO Native Demo App' ],
    file_name: 'test\\specs\\app.e2e.js',
    vc_filepath: 'test\\specs\\app.e2e.js',
    location: 'test\\specs\\app.e2e.js',
    result: 'pending',
    duration_in_ms: null,
    started_at: '2026-08-19T13:07:51.883Z',
    failure: undefined,
    failure_type: undefined,
    failure_reason: undefined,
    retry_of: null,
    custom_metadata: undefined,
    tags: [],
    customRerunParam: { rerun_name: undefined },
    hooks: [],
    product_map: {
      observability: true,
      accessibility: false,
      percy: false,
      automate: false,
      app_automate: true
    }
  },
  logs: []
} to 20284:0 (target=/api/v2/builds/4uxjeue1t8yhifakxkozqqoqriqc5enqiedysj9r/batch)
2026-08-19T13:07:54.631Z CLI info [testhub:request-queue-handler]  [4uxjeue1t8yhifakxkozqqoqriqc5enqiedysj9r]  [21af4068-1657-479c-89ac-e610982e1e4a]  Processing batch event [
  {
    event_type: 'CBTSessionCreated',
    test_run: {
      uuid: 'd1d8af0c-b1e4-44c9-b850-82b2b41b3b4f',
      integrations: {
        browserstack: {
          product: 'app-automate',
          session_id: 'dd56356124252bc19e43ff82e006527bf2860067',
          capabilities: {
            platform: 'LINUX',
            webStorageEnabled: false,
            takesScreenshot: true,
            javascriptEnabled: true,
            databaseEnabled: false,
            networkConnectionEnabled: true,
            locationContextEnabled: false,
            warnings: {},
            desired: {
              platformName: 'Android',
              'bstack:options': { hostName: 'DESKTOP-44JTQN2', buildIdentifier: '#1' },
              'goog:chromeOptions': {},
              newCommandTimeout: 0,
              deviceName: 'OnePlus 11R',
              chromedriverPorts: [ [ 18144, 18154 ] ],
              chromedriverArgs: [ '--adb-port=5038' ],
              automationName: 'UiAutomator2',
              systemPort: 8204,
              bundleID: 'com.wdiodemoapp',
              bundleId: 'com.wdiodemoapp',
              skipServerInstallation: true,
              udid: 'c05cb619',
              appPackage: 'com.wdiodemoapp',
              appActivity: 'com.wdiodemoapp.SplashActivity',
              nativeWebScreenshot: true,
              disableSuppressAccessibilityService: true
            },
            platformName: 'Android',
            'bstack:options': { hostName: 'DESKTOP-44JTQN2', buildIdentifier: '#1' },
            'goog:chromeOptions': {},
            newCommandTimeout: 0,
            deviceName: 'c05cb619',
            chromedriverPorts: [ [ 18144, 18154 ] ],
            chromedriverArgs: [ '--adb-port=5038' ],
            automationName: 'UiAutomator2',
            systemPort: 8204,
            bundleID: 'com.wdiodemoapp',
            bundleId: 'com.wdiodemoapp',
            skipServerInstallation: true,
            udid: 'c05cb619',
            appPackage: 'com.wdiodemoapp',
            appActivity: 'com.wdiodemoapp.SplashActivity',
            nativeWebScreenshot: true,
            disableSuppressAccessibilityService: true,
            deviceUDID: 'c05cb619',
            deviceApiLevel: 33,
            platformVersion: '13',
            deviceScreenSize: '1240x2772',
            deviceScreenDensity: 560,
            deviceModel: 'CPH2487',
            deviceManufacturer: 'OnePlus',
            pixelRatio: 3.5,
            statBarHeight: 110,
            viewportRect: { left: 0, top: 110, width: 1240, height: 2398 }
          },
          platform: 'Android',
          platform_version: '13',
          browser: undefined,
          browser_version: undefined
        }
      }
    }
  },
  {
    event_type: 'TestRunStarted',
    test_run: {
      type: 'test',
      framework: 'WebdriverIO-mocha',
      uuid: 'd1d8af0c-b1e4-44c9-b850-82b2b41b3b4f',
      name: 'should swipe down and display the WebdriverIO logo',
      body: {
        lang: 'ecmascript',
        code: 'function (...specFnArgs) {\n' +
          "        return testFnWrapper.call(this, 'Test', {\n" +
          '            specFn,\n' +
          '            specFnArgs: filterSpecArgs(specFnArgs)\n' +
          '        }, {\n' +
          '            beforeFn,\n' +
          '            beforeFnArgs\n' +
          '        }, {\n' +
          '            afterFn,\n' +
          '            afterFnArgs\n' +
          '        }, cid, repeatTest);\n' +
          '    }'
      },
      identifier: 'should swipe down and display the WebdriverIO logo',
      scope: 'WebdriverIO Native Demo App - should swipe down and display the WebdriverIO logo',
      scopes: [ 'WebdriverIO Native Demo App' ],
      file_name: 'test\\specs\\app.e2e.js',
      vc_filepath: 'test\\specs\\app.e2e.js',
      location: 'test\\specs\\app.e2e.js',
      result: 'pending',
      duration_in_ms: null,
      started_at: '2026-08-19T13:07:51.883Z',
      failure: undefined,
      failure_type: undefined,
      failure_reason: undefined,
      retry_of: null,
      custom_metadata: undefined,
      tags: [],
      customRerunParam: { rerun_name: undefined },
      hooks: [],
      product_map: {
        observability: true,
        accessibility: false,
        percy: false,
        automate: false,
        app_automate: true
      }
    },
    logs: []
  }
] to 20284:0
2026-08-19T13:07:54.632Z CLI info  [4uxjeue1t8yhifakxkozqqoqriqc5enqiedysj9r]  [21af4068-1657-479c-89ac-e610982e1e4a]  [PRODUCTION] Making POST request to https://collector-observability.browserstack.com
2026-08-19T13:07:57.155Z CLI warn [TEST REPORTING AND ANALYTICS:webdriverio:mocha]  [4uxjeue1t8yhifakxkozqqoqriqc5enqiedysj9r]  [21af4068-1657-479c-89ac-e610982e1e4a]  TestRunFinished: event={"test_framework_name":"WebdriverIO-mocha","test_framework_version":"9.34.1","test_logs":[],"test_hooks_finished":{},"test_hooks_started":{},"test_uuid":"d1d8af0c-b1e4-44c9-b850-82b2b41b3b4f","test_result":"passed","test_id":"WebdriverIO Native Demo App - should swipe down and display the WebdriverIO logo","test_name":"should swipe down and display the WebdriverIO logo","test_code":"function (...specFnArgs) {\n        return testFnWrapper.call(this, 'Test', {\n            specFn,\n            specFnArgs: filterSpecArgs(specFnArgs)\n        }, {\n            beforeFn,\n            beforeFnArgs\n        }, {\n            afterFn,\n            afterFnArgs\n        }, cid, repeatTest);\n    }","test_file_path":"C:\\Users\\Admin\\Desktop\\browserstack_test\\test\\specs\\app.e2e.js","test_location":"test\\specs\\app.e2e.js","test_scope":"WebdriverIO Native Demo App - should swipe down and display the WebdriverIO logo","test_scopes":["WebdriverIO Native Demo App"],"test_started_at":"2026-08-19T13:07:51.883Z","automate_session_name":"WebdriverIO Native Demo App - should swipe down and display the WebdriverIO logo","test_failure":null,"test_failure_reason":null,"test_failure_type":null,"test_ended_at":"2026-08-19T13:07:57.146Z","automate_session_status":"passed","test_deferred":true,"logs":[]}
2026-08-19T13:07:57.157Z CLI info [testhub:request-queue-handler]  [4uxjeue1t8yhifakxkozqqoqriqc5enqiedysj9r]  [21af4068-1657-479c-89ac-e610982e1e4a]  Added the event {
  event_type: 'TestRunFinished',
  test_run: {
    type: 'test',
    framework: 'WebdriverIO-mocha',
    uuid: 'd1d8af0c-b1e4-44c9-b850-82b2b41b3b4f',
    name: 'should swipe down and display the WebdriverIO logo',
    body: {
      lang: 'ecmascript',
      code: 'function (...specFnArgs) {\n' +
        "        return testFnWrapper.call(this, 'Test', {\n" +
        '            specFn,\n' +
        '            specFnArgs: filterSpecArgs(specFnArgs)\n' +
        '        }, {\n' +
        '            beforeFn,\n' +
        '            beforeFnArgs\n' +
        '        }, {\n' +
        '            afterFn,\n' +
        '            afterFnArgs\n' +
        '        }, cid, repeatTest);\n' +
        '    }'
    },
    identifier: 'should swipe down and display the WebdriverIO logo',
    scope: 'WebdriverIO Native Demo App - should swipe down and display the WebdriverIO logo',
    scopes: [ 'WebdriverIO Native Demo App' ],
    file_name: 'test\\specs\\app.e2e.js',
    vc_filepath: 'test\\specs\\app.e2e.js',
    location: 'test\\specs\\app.e2e.js',
    result: 'passed',
    duration_in_ms: 5263,
    started_at: '2026-08-19T13:07:51.883Z',
    finished_at: '2026-08-19T13:07:57.146Z',
    failure: null,
    failure_type: null,
    failure_reason: null,
    retry_of: null,
    custom_metadata: undefined,
    tags: [],
    customRerunParam: { rerun_name: undefined },
    hooks: [],
    product_map: {
      observability: true,
      accessibility: false,
      percy: false,
      automate: false,
      app_automate: true
    }
  },
  logs: []
} to 20284:0 (target=/api/v2/builds/4uxjeue1t8yhifakxkozqqoqriqc5enqiedysj9r/batch)
2026-08-19T13:07:58.644Z CLI info [testhub:request-queue-handler]  [4uxjeue1t8yhifakxkozqqoqriqc5enqiedysj9r]  [21af4068-1657-479c-89ac-e610982e1e4a]  Processing batch event [
  {
    event_type: 'TestRunFinished',
    test_run: {
      type: 'test',
      framework: 'WebdriverIO-mocha',
      uuid: 'd1d8af0c-b1e4-44c9-b850-82b2b41b3b4f',
      name: 'should swipe down and display the WebdriverIO logo',
      body: {
        lang: 'ecmascript',
        code: 'function (...specFnArgs) {\n' +
          "        return testFnWrapper.call(this, 'Test', {\n" +
          '            specFn,\n' +
          '            specFnArgs: filterSpecArgs(specFnArgs)\n' +
          '        }, {\n' +
          '            beforeFn,\n' +
          '            beforeFnArgs\n' +
          '        }, {\n' +
          '            afterFn,\n' +
          '            afterFnArgs\n' +
          '        }, cid, repeatTest);\n' +
          '    }'
      },
      identifier: 'should swipe down and display the WebdriverIO logo',
      scope: 'WebdriverIO Native Demo App - should swipe down and display the WebdriverIO logo',
      scopes: [ 'WebdriverIO Native Demo App' ],
      file_name: 'test\\specs\\app.e2e.js',
      vc_filepath: 'test\\specs\\app.e2e.js',
      location: 'test\\specs\\app.e2e.js',
      result: 'passed',
      duration_in_ms: 5263,
      started_at: '2026-08-19T13:07:51.883Z',
      finished_at: '2026-08-19T13:07:57.146Z',
      failure: null,
      failure_type: null,
      failure_reason: null,
      retry_of: null,
      custom_metadata: undefined,
      tags: [],
      customRerunParam: { rerun_name: undefined },
      hooks: [],
      product_map: {
        observability: true,
        accessibility: false,
        percy: false,
        automate: false,
        app_automate: true
      }
    },
    logs: []
  }
] to 20284:0
2026-08-19T13:07:58.644Z CLI info  [4uxjeue1t8yhifakxkozqqoqriqc5enqiedysj9r]  [21af4068-1657-479c-89ac-e610982e1e4a]  [PRODUCTION] Making POST request to https://collector-observability.browserstack.com
2026-08-19T13:07:58.947Z CLI info [testhub:request-queue-handler]  [4uxjeue1t8yhifakxkozqqoqriqc5enqiedysj9r]  [21af4068-1657-479c-89ac-e610982e1e4a]  Added the event {
  event_type: 'CBTSessionCreated',
  test_run: {
    uuid: 'ead47d0f-7d67-44cf-979c-538c510041cf',
    integrations: { browserstack: [Object] }
  }
} to 20284:0 (target=/api/v2/builds/4uxjeue1t8yhifakxkozqqoqriqc5enqiedysj9r/batch)
2026-08-19T13:07:58.949Z CLI info [testhub:request-queue-handler]  [4uxjeue1t8yhifakxkozqqoqriqc5enqiedysj9r]  [21af4068-1657-479c-89ac-e610982e1e4a]  Added the event {
  event_type: 'TestRunStarted',
  test_run: {
    type: 'test',
    framework: 'WebdriverIO-mocha',
    uuid: 'ead47d0f-7d67-44cf-979c-538c510041cf',
    name: 'should successfully log in with valid credentials',
    body: {
      lang: 'ecmascript',
      code: 'function (...specFnArgs) {\n' +
        "        return testFnWrapper.call(this, 'Test', {\n" +
        '            specFn,\n' +
        '            specFnArgs: filterSpecArgs(specFnArgs)\n' +
        '        }, {\n' +
        '            beforeFn,\n' +
        '            beforeFnArgs\n' +
        '        }, {\n' +
        '            afterFn,\n' +
        '            afterFnArgs\n' +
        '        }, cid, repeatTest);\n' +
        '    }'
    },
    identifier: 'should successfully log in with valid credentials',
    scope: 'WebdriverIO Native Demo App - should successfully log in with valid credentials',
    scopes: [ 'WebdriverIO Native Demo App' ],
    file_name: 'test\\specs\\app.e2e.js',
    vc_filepath: 'test\\specs\\app.e2e.js',
    location: 'test\\specs\\app.e2e.js',
    result: 'pending',
    duration_in_ms: null,
    started_at: '2026-08-19T13:07:57.150Z',
    failure: undefined,
    failure_type: undefined,
    failure_reason: undefined,
    retry_of: null,
    custom_metadata: undefined,
    tags: [],
    customRerunParam: { rerun_name: undefined },
    hooks: [],
    product_map: {
      observability: true,
      accessibility: false,
      percy: false,
      automate: false,
      app_automate: true
    }
  },
  logs: []
} to 20284:0 (target=/api/v2/builds/4uxjeue1t8yhifakxkozqqoqriqc5enqiedysj9r/batch)
2026-08-19T13:08:00.645Z CLI info [testhub:request-queue-handler]  [4uxjeue1t8yhifakxkozqqoqriqc5enqiedysj9r]  [21af4068-1657-479c-89ac-e610982e1e4a]  Processing batch event [
  {
    event_type: 'CBTSessionCreated',
    test_run: {
      uuid: 'ead47d0f-7d67-44cf-979c-538c510041cf',
      integrations: {
        browserstack: {
          product: 'app-automate',
          session_id: 'dd56356124252bc19e43ff82e006527bf2860067',
          capabilities: {
            platform: 'LINUX',
            webStorageEnabled: false,
            takesScreenshot: true,
            javascriptEnabled: true,
            databaseEnabled: false,
            networkConnectionEnabled: true,
            locationContextEnabled: false,
            warnings: {},
            desired: {
              platformName: 'Android',
              'bstack:options': { hostName: 'DESKTOP-44JTQN2', buildIdentifier: '#1' },
              'goog:chromeOptions': {},
              newCommandTimeout: 0,
              deviceName: 'OnePlus 11R',
              chromedriverPorts: [ [ 18144, 18154 ] ],
              chromedriverArgs: [ '--adb-port=5038' ],
              automationName: 'UiAutomator2',
              systemPort: 8204,
              bundleID: 'com.wdiodemoapp',
              bundleId: 'com.wdiodemoapp',
              skipServerInstallation: true,
              udid: 'c05cb619',
              appPackage: 'com.wdiodemoapp',
              appActivity: 'com.wdiodemoapp.SplashActivity',
              nativeWebScreenshot: true,
              disableSuppressAccessibilityService: true
            },
            platformName: 'Android',
            'bstack:options': { hostName: 'DESKTOP-44JTQN2', buildIdentifier: '#1' },
            'goog:chromeOptions': {},
            newCommandTimeout: 0,
            deviceName: 'c05cb619',
            chromedriverPorts: [ [ 18144, 18154 ] ],
            chromedriverArgs: [ '--adb-port=5038' ],
            automationName: 'UiAutomator2',
            systemPort: 8204,
            bundleID: 'com.wdiodemoapp',
            bundleId: 'com.wdiodemoapp',
            skipServerInstallation: true,
            udid: 'c05cb619',
            appPackage: 'com.wdiodemoapp',
            appActivity: 'com.wdiodemoapp.SplashActivity',
            nativeWebScreenshot: true,
            disableSuppressAccessibilityService: true,
            deviceUDID: 'c05cb619',
            deviceApiLevel: 33,
            platformVersion: '13',
            deviceScreenSize: '1240x2772',
            deviceScreenDensity: 560,
            deviceModel: 'CPH2487',
            deviceManufacturer: 'OnePlus',
            pixelRatio: 3.5,
            statBarHeight: 110,
            viewportRect: { left: 0, top: 110, width: 1240, height: 2398 }
          },
          platform: 'Android',
          platform_version: '13',
          browser: undefined,
          browser_version: undefined
        }
      }
    }
  },
  {
    event_type: 'TestRunStarted',
    test_run: {
      type: 'test',
      framework: 'WebdriverIO-mocha',
      uuid: 'ead47d0f-7d67-44cf-979c-538c510041cf',
      name: 'should successfully log in with valid credentials',
      body: {
        lang: 'ecmascript',
        code: 'function (...specFnArgs) {\n' +
          "        return testFnWrapper.call(this, 'Test', {\n" +
          '            specFn,\n' +
          '            specFnArgs: filterSpecArgs(specFnArgs)\n' +
          '        }, {\n' +
          '            beforeFn,\n' +
          '            beforeFnArgs\n' +
          '        }, {\n' +
          '            afterFn,\n' +
          '            afterFnArgs\n' +
          '        }, cid, repeatTest);\n' +
          '    }'
      },
      identifier: 'should successfully log in with valid credentials',
      scope: 'WebdriverIO Native Demo App - should successfully log in with valid credentials',
      scopes: [ 'WebdriverIO Native Demo App' ],
      file_name: 'test\\specs\\app.e2e.js',
      vc_filepath: 'test\\specs\\app.e2e.js',
      location: 'test\\specs\\app.e2e.js',
      result: 'pending',
      duration_in_ms: null,
      started_at: '2026-08-19T13:07:57.150Z',
      failure: undefined,
      failure_type: undefined,
      failure_reason: undefined,
      retry_of: null,
      custom_metadata: undefined,
      tags: [],
      customRerunParam: { rerun_name: undefined },
      hooks: [],
      product_map: {
        observability: true,
        accessibility: false,
        percy: false,
        automate: false,
        app_automate: true
      }
    },
    logs: []
  }
] to 20284:0
2026-08-19T13:08:00.648Z CLI info  [4uxjeue1t8yhifakxkozqqoqriqc5enqiedysj9r]  [21af4068-1657-479c-89ac-e610982e1e4a]  [PRODUCTION] Making POST request to https://collector-observability.browserstack.com
2026-08-19T13:08:08.532Z CLI warn [TEST REPORTING AND ANALYTICS:webdriverio:mocha]  [4uxjeue1t8yhifakxkozqqoqriqc5enqiedysj9r]  [21af4068-1657-479c-89ac-e610982e1e4a]  TestRunFinished: event={"test_framework_name":"WebdriverIO-mocha","test_framework_version":"9.34.1","test_logs":[],"test_hooks_finished":{},"test_hooks_started":{},"test_uuid":"ead47d0f-7d67-44cf-979c-538c510041cf","test_result":"passed","test_id":"WebdriverIO Native Demo App - should successfully log in with valid credentials","test_name":"should successfully log in with valid credentials","test_code":"function (...specFnArgs) {\n        return testFnWrapper.call(this, 'Test', {\n            specFn,\n            specFnArgs: filterSpecArgs(specFnArgs)\n        }, {\n            beforeFn,\n            beforeFnArgs\n        }, {\n            afterFn,\n            afterFnArgs\n        }, cid, repeatTest);\n    }","test_file_path":"C:\\Users\\Admin\\Desktop\\browserstack_test\\test\\specs\\app.e2e.js","test_location":"test\\specs\\app.e2e.js","test_scope":"WebdriverIO Native Demo App - should successfully log in with valid credentials","test_scopes":["WebdriverIO Native Demo App"],"test_started_at":"2026-08-19T13:07:57.150Z","automate_session_name":"WebdriverIO Native Demo App - should successfully log in with valid credentials","test_failure":null,"test_failure_reason":null,"test_failure_type":null,"test_ended_at":"2026-08-19T13:08:08.526Z","automate_session_status":"passed","test_deferred":true,"logs":[]}
2026-08-19T13:08:08.533Z CLI info [testhub:request-queue-handler]  [4uxjeue1t8yhifakxkozqqoqriqc5enqiedysj9r]  [21af4068-1657-479c-89ac-e610982e1e4a]  Added the event {
  event_type: 'TestRunFinished',
  test_run: {
    type: 'test',
    framework: 'WebdriverIO-mocha',
    uuid: 'ead47d0f-7d67-44cf-979c-538c510041cf',
    name: 'should successfully log in with valid credentials',
    body: {
      lang: 'ecmascript',
      code: 'function (...specFnArgs) {\n' +
        "        return testFnWrapper.call(this, 'Test', {\n" +
        '            specFn,\n' +
        '            specFnArgs: filterSpecArgs(specFnArgs)\n' +
        '        }, {\n' +
        '            beforeFn,\n' +
        '            beforeFnArgs\n' +
        '        }, {\n' +
        '            afterFn,\n' +
        '            afterFnArgs\n' +
        '        }, cid, repeatTest);\n' +
        '    }'
    },
    identifier: 'should successfully log in with valid credentials',
    scope: 'WebdriverIO Native Demo App - should successfully log in with valid credentials',
    scopes: [ 'WebdriverIO Native Demo App' ],
    file_name: 'test\\specs\\app.e2e.js',
    vc_filepath: 'test\\specs\\app.e2e.js',
    location: 'test\\specs\\app.e2e.js',
    result: 'passed',
    duration_in_ms: 11376,
    started_at: '2026-08-19T13:07:57.150Z',
    finished_at: '2026-08-19T13:08:08.526Z',
    failure: null,
    failure_type: null,
    failure_reason: null,
    retry_of: null,
    custom_metadata: undefined,
    tags: [],
    customRerunParam: { rerun_name: undefined },
    hooks: [],
    product_map: {
      observability: true,
      accessibility: false,
      percy: false,
      automate: false,
      app_automate: true
    }
  },
  logs: []
} to 20284:0 (target=/api/v2/builds/4uxjeue1t8yhifakxkozqqoqriqc5enqiedysj9r/batch)
2026-08-19T13:08:08.680Z CLI info [testhub:request-queue-handler]  [4uxjeue1t8yhifakxkozqqoqriqc5enqiedysj9r]  [21af4068-1657-479c-89ac-e610982e1e4a]  Processing batch event [
  {
    event_type: 'TestRunFinished',
    test_run: {
      type: 'test',
      framework: 'WebdriverIO-mocha',
      uuid: 'ead47d0f-7d67-44cf-979c-538c510041cf',
      name: 'should successfully log in with valid credentials',
      body: {
        lang: 'ecmascript',
        code: 'function (...specFnArgs) {\n' +
          "        return testFnWrapper.call(this, 'Test', {\n" +
          '            specFn,\n' +
          '            specFnArgs: filterSpecArgs(specFnArgs)\n' +
          '        }, {\n' +
          '            beforeFn,\n' +
          '            beforeFnArgs\n' +
          '        }, {\n' +
          '            afterFn,\n' +
          '            afterFnArgs\n' +
          '        }, cid, repeatTest);\n' +
          '    }'
      },
      identifier: 'should successfully log in with valid credentials',
      scope: 'WebdriverIO Native Demo App - should successfully log in with valid credentials',
      scopes: [ 'WebdriverIO Native Demo App' ],
      file_name: 'test\\specs\\app.e2e.js',
      vc_filepath: 'test\\specs\\app.e2e.js',
      location: 'test\\specs\\app.e2e.js',
      result: 'passed',
      duration_in_ms: 11376,
      started_at: '2026-08-19T13:07:57.150Z',
      finished_at: '2026-08-19T13:08:08.526Z',
      failure: null,
      failure_type: null,
      failure_reason: null,
      retry_of: null,
      custom_metadata: undefined,
      tags: [],
      customRerunParam: { rerun_name: undefined },
      hooks: [],
      product_map: {
        observability: true,
        accessibility: false,
        percy: false,
        automate: false,
        app_automate: true
      }
    },
    logs: []
  }
] to 20284:0
2026-08-19T13:08:08.681Z CLI info  [4uxjeue1t8yhifakxkozqqoqriqc5enqiedysj9r]  [21af4068-1657-479c-89ac-e610982e1e4a]  [PRODUCTION] Making POST request to https://collector-observability.browserstack.com
2026-08-19T13:08:10.992Z CLI info  [4uxjeue1t8yhifakxkozqqoqriqc5enqiedysj9r]  [21af4068-1657-479c-89ac-e610982e1e4a]  [PRODUCTION] Making GET request to https://api.browserstack.com
2026-08-19T13:08:10.997Z CLI info  [4uxjeue1t8yhifakxkozqqoqriqc5enqiedysj9r]  [21af4068-1657-479c-89ac-e610982e1e4a]  [PRODUCTION] Making PUT request to https://collector-observability.browserstack.com
2026-08-19T13:08:11.488Z CLI info [testhub:module]  [4uxjeue1t8yhifakxkozqqoqriqc5enqiedysj9r]  [21af4068-1657-479c-89ac-e610982e1e4a]  stopBuild: 4uxjeue1t8yhifakxkozqqoqriqc5enqiedysj9r request={"finished_at":"2026-08-19T13:08:10.992Z","finished_metadata":[],"custom_metadata":null} response={"data":""}
2026-08-19T13:08:11.490Z CLI info  [4uxjeue1t8yhifakxkozqqoqriqc5enqiedysj9r]  [21af4068-1657-479c-89ac-e610982e1e4a]  [PRODUCTION] Making POST request to https://api.browserstack.com
2026-08-19T13:08:11.901Z CLI info [TEST REPORTING AND ANALYTICS:module]  [4uxjeue1t8yhifakxkozqqoqriqc5enqiedysj9r]  [21af4068-1657-479c-89ac-e610982e1e4a]  Visit https://automation.browserstack.com/builds/4uxjeue1t8yhifakxkozqqoqriqc5enqiedysj9r to view build report, insights, and many more debugging information all at one place!
